Monthly_Income,Current_EMIs,Employment_Type,Credit_Score,Loan_Amount,Tenure_Years,Age,Bank_Interest_Rate,Processing_Fee_Percentage,Minimum_Tenure_Allowed,Maximum_Tenure_Allowed,Loan_Status
136958,15795,Salaried,644,1186074,8,59,13.89,2.93,1,22,0
31023,8322,Salaried,715,1816891,14,49,14.99,0.82,2,16,0
20311,5051,Salaried,671,1357371,9,35,8.53,0.78,1,16,0
171730,18431,Salaried,653,4892447,14,28,17.34,1.65,3,15,0
181845,67435,Salaried,827,578178,7,41,9.55,2.15,3,17,1
102313,10627,Student,719,3435357,2,59,12.36,1.39,1,21,0
169969,23483,Salaried,699,4848669,1,39,15.82,0.98,1,27,0
34457,1021,Salaried,647,321836,2,43,12.63,2.55,1,24,1
52065,995,Salaried,736,2929190,12,31,17.5,1.41,3,25,0
70591,24276,Salaried,708,2754238,5,31,12.94,0.99,1,10,1
185171,8571,Salaried,652,98984,7,44,16.81,1.41,2,19,1
148767,58839,Salaried,647,1787095,3,56,16.2,1.04,2,24,0
27666,5892,Student,710,1893400,8,44,17.82,1.8,3,22,0
67256,23599,Salaried,729,3797389,8,23,17.3,2.17,1,28,0
25965,8154,Student,597,4428368,5,42,17.03,2.5,1,22,0
152982,45453,Salaried,753,172409,12,22,15.45,1.07,1,18,1
65015,19174,Self-Employed,831,2882868,7,44,11.99,0.92,2,30,1
179899,55820,Salaried,648,3009034,3,50,9.51,0.55,2,25,0
58585,10921,Self-Employed,725,4077419,12,58,15.04,1.07,2,23,0
194997,42941,Salaried,757,3483977,7,22,17.8,0.56,2,18,1
59262,1306,Self-Employed,763,4743350,6,41,15.4,1.36,2,27,0
134101,3748,Self-Employed,685,1434250,6,53,17.32,0.86,3,13,0
83840,17675,Salaried,699,863168,2,32,16.14,1.95,3,21,0
127181,854,Salaried,616,319536,1,42,10.05,1.46,1,14,0
65859,5791,Salaried,807,2256903,11,45,10.87,0.73,1,20,0
183229,67863,Salaried,761,4350385,6,47,11.75,1.5,2,14,0
125078,15087,Salaried,677,2198815,13,48,10.1,1.02,1,28,0
148883,56250,Salaried,718,960681,3,36,14.03,2.2,3,30,0
157483,2911,Self-Employed,721,3662600,9,35,17.77,1.41,3,16,0
36918,4061,Self-Employed,576,197718,12,23,15.73,0.87,1,13,0
122512,16371,Salaried,619,3191259,5,57,12.52,1.37,2,17,0
189088,7400,Salaried,709,4164639,3,27,8.54,1.06,3,15,1
135885,12183,Salaried,732,2971944,3,41,11.48,2.49,1,15,1
193047,21357,Salaried,755,2150021,3,29,13.5,2.96,2,13,1
127296,28643,Salaried,651,1757923,8,59,11.58,0.56,1,23,0
192286,70271,Salaried,739,4351754,3,38,9.55,2.23,2,12,0
163501,6893,Salaried,715,1249386,11,24,12.71,1.16,2,19,1
69045,7022,Salaried,702,4974207,3,45,10.91,0.67,3,15,0
124616,40447,Student,693,3182514,12,34,17.14,0.54,3,27,0
80726,10492,Salaried,737,3901424,3,29,9.47,2.7,1,19,0
180656,32745,Salaried,708,1155534,11,46,8.97,1.38,1,18,0
191089,66320,Self-Employed,719,548863,7,22,8.55,2.99,2,25,0
165262,49689,Student,715,4092787,13,40,11.62,1.61,3,29,0
92575,6655,Salaried,712,498982,12,48,14.77,0.97,2,13,1
157038,59326,Salaried,698,4529125,10,27,15.44,2.44,2,20,0
46024,9907,Salaried,673,2331230,6,28,12.81,2.82,2,21,0
128632,14599,Self-Employed,664,1021525,13,55,15.0,2.54,2,28,0
178165,69678,Self-Employed,733,3429569,12,34,11.92,2.36,2,19,0
101672,8311,Salaried,677,3227945,5,37,14.84,1.34,2,16,0
147222,23944,Self-Employed,616,4994505,1,56,8.89,0.66,1,16,0
192247,7805,Salaried,709,3749391,5,24,12.21,1.0,3,27,0
82215,3506,Self-Employed,728,3149320,13,22,16.01,1.62,3,12,0
190150,51293,Salaried,722,814121,10,26,16.13,2.89,2,21,0
109758,26211,Salaried,738,1157677,5,24,15.3,2.31,2,23,1
38049,14069,Salaried,677,3743305,3,49,10.44,2.57,2,29,0
56975,9540,Self-Employed,706,2699103,8,38,10.85,1.19,3,11,0
177049,49115,Salaried,732,4780530,12,46,17.96,2.21,3,18,0
116042,28074,Student,706,541072,1,54,9.48,2.66,2,19,0
97986,24107,Salaried,655,3026242,2,30,10.22,1.7,3,15,0
108008,28761,Salaried,665,4883177,10,56,9.74,1.57,2,26,0
80953,24690,Self-Employed,668,207164,11,34,11.61,2.3,2,24,1
120891,33496,Self-Employed,682,3419720,4,51,10.5,1.9,2,10,0
33888,2967,Self-Employed,610,4172263,7,35,13.23,2.98,1,22,0
76476,12043,Salaried,638,3791196,7,28,13.02,1.56,3,19,0
167424,55069,Self-Employed,700,3314908,11,34,17.06,0.94,3,21,1
94459,16779,Student,746,4148502,12,43,8.83,1.68,3,25,0
178379,54098,Salaried,657,3822811,9,41,11.54,1.09,2,11,0
102508,40419,Student,699,247775,9,36,14.17,1.9,1,12,0
104780,21545,Student,790,2326360,10,38,14.25,0.81,2,17,0
190333,1542,Salaried,720,2186233,9,44,13.06,2.87,2,29,1
34065,9409,Student,757,444540,4,46,16.25,2.65,2,24,0
34870,1810,Self-Employed,676,76790,11,45,9.1,0.89,1,28,0
30485,11714,Salaried,671,3226083,12,49,16.25,0.93,2,27,0
171542,42344,Self-Employed,625,4999499,1,35,13.2,1.78,2,10,0
118333,46196,Student,703,4504051,3,21,9.77,2.43,1,28,0
129065,6190,Self-Employed,749,1923421,1,45,16.91,1.05,2,11,0
121357,3330,Self-Employed,694,210775,10,27,14.67,0.65,2,14,0
76529,3719,Salaried,748,1394027,12,29,10.05,1.86,3,27,0
19835,3775,Salaried,675,4561732,4,44,8.82,2.23,1,25,0
112007,17308,Salaried,697,172402,13,21,9.84,1.11,3,19,1
71178,16639,Salaried,739,3612737,11,28,14.28,2.35,2,30,0
16015,1824,Self-Employed,707,4121647,1,44,10.2,2.88,1,12,0
38833,4158,Salaried,757,4395760,2,31,10.64,0.84,1,19,0
23702,384,Salaried,681,4947590,6,37,8.74,1.78,2,22,0
113142,9860,Self-Employed,700,213273,3,28,15.37,0.64,3,30,1
136288,38765,Salaried,702,3081756,4,55,16.2,1.02,2,19,0
52744,12775,Salaried,623,558153,2,55,16.07,0.72,1,20,1
64922,4363,Self-Employed,763,1729748,14,53,9.71,1.51,1,16,0
188880,53871,Self-Employed,569,3011293,2,25,17.08,2.55,2,11,0
74494,15781,Self-Employed,667,4251253,2,59,14.89,1.94,2,28,0
153013,25934,Salaried,744,1414133,1,48,17.03,1.06,2,27,0
85390,19856,Salaried,693,1904971,4,27,12.75,0.6,2,20,0
88477,14388,Salaried,642,711614,9,29,12.65,1.88,3,26,0
152162,11637,Self-Employed,669,1681107,8,28,15.95,0.83,3,12,0
187312,33434,Salaried,650,4200276,2,32,9.39,1.36,3,29,0
51668,13716,Salaried,725,2295131,10,54,13.45,1.78,3,21,0
123464,26329,Self-Employed,694,4118472,6,53,16.45,2.76,1,11,0
165334,52796,Salaried,702,4832883,1,43,16.39,0.7,1,10,0
65428,22195,Salaried,672,4633897,12,44,17.58,2.17,3,18,0
59247,15745,Self-Employed,638,2128007,3,57,15.13,0.54,2,28,0
33030,918,Salaried,853,680265,6,55,10.47,2.07,1,17,0
181926,46271,Salaried,755,1471796,12,42,8.69,1.88,2,18,1
65448,6229,Self-Employed,661,517010,9,47,13.05,2.53,3,16,1
41734,6371,Salaried,682,3930993,8,55,13.38,1.83,1,13,0
38275,6738,Self-Employed,623,622735,2,21,10.78,1.38,1,25,0
91090,17260,Salaried,643,471240,1,55,9.68,1.11,1,15,0
131421,1605,Salaried,667,4198887,7,57,14.07,0.71,1,27,0
170890,4324,Student,675,3102766,6,34,15.76,1.84,3,11,0
174818,117,Self-Employed,663,575134,11,23,17.93,2.72,1,20,0
61514,22700,Self-Employed,673,114323,3,21,15.7,1.79,3,14,1
191659,36976,Self-Employed,792,1100493,11,25,16.04,2.35,1,26,0
120292,47362,Salaried,713,2913793,8,46,14.36,1.25,3,14,0
102958,9865,Self-Employed,669,2035296,9,34,17.87,1.62,3,12,1
94767,32293,Salaried,738,4852116,14,59,14.58,1.31,2,28,0
57929,1908,Salaried,708,436594,1,47,16.67,0.77,3,17,0
58925,5951,Self-Employed,704,1533624,5,29,17.48,1.54,2,20,0
103861,21204,Self-Employed,671,1112636,10,35,17.33,2.41,1,12,0
58303,9510,Self-Employed,665,4579788,6,35,12.12,1.49,2,12,0
117974,18574,Salaried,606,2659089,14,46,9.25,2.13,3,10,0
107263,4018,Salaried,749,1677781,3,33,10.13,2.4,2,22,0
39519,14889,Self-Employed,716,1157955,14,52,9.06,1.31,1,19,0
113723,10789,Self-Employed,679,1949492,11,59,9.5,2.49,2,15,0
118677,2243,Self-Employed,775,1273520,6,52,10.25,1.35,3,20,1
169782,29486,Self-Employed,720,2350119,4,24,11.74,1.14,3,17,0
35103,11420,Self-Employed,737,2294702,3,50,13.66,1.06,1,28,0
139714,34884,Self-Employed,653,438349,10,57,15.26,1.0,1,20,0
159071,55318,Salaried,732,1305564,8,43,10.5,2.34,2,15,0
32368,7790,Self-Employed,697,2101531,12,59,14.89,2.72,1,21,0
75279,20260,Salaried,660,2464472,6,35,15.19,1.08,3,27,1
190399,68904,Student,723,2052324,10,49,13.81,0.71,2,12,0
139085,52182,Salaried,826,368408,5,56,17.08,1.28,2,22,0
54224,4212,Self-Employed,726,4285042,4,33,9.55,2.14,2,13,0
154649,8070,Salaried,763,2799178,3,52,10.18,1.42,2,18,1
82526,5299,Salaried,659,3414695,1,27,12.57,1.87,1,25,0
109270,4757,Salaried,666,4052640,4,42,9.7,2.36,2,21,0
67853,24917,Salaried,667,3402252,8,48,13.88,1.52,2,29,0
16759,3212,Self-Employed,631,314223,14,22,12.28,3.0,2,16,0
188532,72847,Salaried,604,4671056,14,26,11.2,1.24,3,21,0
174937,6645,Salaried,596,4101774,4,48,10.11,2.95,3,17,0
144948,12342,Student,637,1177199,10,48,11.69,1.01,1,30,0
90629,16438,Self-Employed,724,4093064,7,40,14.28,0.78,3,24,0
45678,10682,Salaried,661,2596741,9,50,13.97,2.38,3,11,0
87258,24160,Self-Employed,785,1972135,14,31,10.05,2.26,1,20,0
128453,18922,Student,722,4561219,5,48,9.69,2.53,1,30,1
101925,822,Self-Employed,616,4505214,5,45,8.75,1.36,2,14,0
118145,15358,Salaried,788,1987878,7,59,8.62,2.83,2,15,0
29596,804,Salaried,762,3316402,4,53,16.86,0.8,1,28,0
163843,29975,Salaried,591,4787655,11,21,8.93,0.58,2,23,0
183671,51920,Self-Employed,813,2909244,9,47,15.45,1.25,2,16,1
70029,17685,Self-Employed,560,166739,10,33,16.78,2.49,2,21,0
141678,8996,Salaried,709,4135412,9,23,9.43,2.18,1,26,0
16622,341,Salaried,651,3801198,6,59,12.64,1.59,3,13,0
192900,47924,Salaried,607,440719,2,26,17.64,1.14,3,29,0
165322,21172,Self-Employed,636,2728932,11,28,16.42,0.65,1,19,0
104599,6819,Salaried,651,758662,8,47,13.15,1.34,1,10,1
135900,23863,Salaried,752,3401278,4,29,15.74,1.65,2,13,0
178059,15850,Salaried,718,2771864,9,57,16.42,2.22,1,22,0
69912,1240,Self-Employed,647,2754999,10,53,11.81,2.11,1,15,0
39354,12418,Self-Employed,684,478988,1,44,16.98,2.87,1,24,0
109006,20491,Salaried,667,2540706,8,35,12.97,0.75,1,23,0
26344,1750,Student,741,4431137,9,52,13.51,1.34,2,12,0
105600,27935,Self-Employed,768,3863270,10,52,18.0,1.7,2,28,0
109457,16774,Student,722,3946022,13,44,16.51,2.18,1,15,0
66571,25510,Salaried,689,4131082,10,32,11.94,1.74,1,11,1
104613,9374,Salaried,745,1049554,5,59,8.6,2.78,3,18,0
166734,23510,Salaried,599,3645790,8,22,14.45,2.02,3,22,0
69620,15317,Self-Employed,751,2750713,12,23,15.19,0.6,1,27,0
138618,52393,Student,625,1070154,7,57,14.68,0.78,3,21,0
194615,13919,Salaried,761,2422280,8,37,17.69,2.38,3,30,1
156688,37129,Salaried,665,1909582,7,22,16.7,2.29,2,13,1
156888,32733,Salaried,699,3097569,14,22,12.76,0.88,2,16,0
181472,4494,Salaried,693,3238729,5,48,9.1,0.65,2,21,1
183645,806,Salaried,815,4062595,4,43,13.02,1.95,3,20,1
184269,41844,Self-Employed,666,913561,11,57,15.05,2.09,1,16,0
131953,17320,Salaried,727,3793797,7,52,14.27,0.84,2,19,0
91898,18297,Salaried,668,2058954,10,53,13.61,1.68,3,18,0
171497,26685,Self-Employed,811,4959384,4,21,12.95,1.26,1,11,1
163746,18024,Salaried,666,2664235,13,39,11.29,2.83,2,14,0
118320,23265,Self-Employed,714,376916,11,22,11.13,1.05,3,19,1
40559,7291,Salaried,716,1775690,5,46,13.25,2.33,2,23,1
56873,8228,Salaried,734,4216769,8,52,10.03,1.8,3,25,0
130005,2396,Student,646,4372626,8,26,11.74,0.53,2,11,0
86719,26572,Self-Employed,729,1118199,12,52,11.58,1.79,3,28,0
120228,33130,Salaried,682,1780228,10,24,14.08,0.75,1,18,1
84274,2469,Student,709,2739784,3,31,9.13,2.15,2,23,0
93249,2719,Salaried,692,2189686,2,37,16.38,1.91,2,24,0
194917,57932,Salaried,688,1173994,1,58,13.84,0.53,3,28,0
178038,12987,Salaried,700,1424572,3,44,14.87,1.01,1,17,1
91242,29257,Salaried,759,1714221,5,25,15.18,2.44,1,24,1
159579,7059,Self-Employed,688,188563,11,54,11.27,1.19,2,17,0
138797,8073,Salaried,665,3709985,2,26,12.97,1.75,3,13,0
130374,24860,Salaried,697,4728394,3,42,17.58,1.28,2,15,0
42083,11296,Self-Employed,693,4471590,10,31,15.78,2.8,3,20,0
159097,36124,Student,598,2760626,13,36,17.71,1.84,1,21,0
56846,2844,Salaried,648,3536669,4,53,15.59,2.24,2,18,0
37042,3778,Student,735,2915899,8,29,10.17,0.71,3,27,1
68268,6446,Salaried,792,3390216,5,26,9.11,0.6,1,26,0
153496,12857,Self-Employed,646,969484,3,36,13.99,1.15,3,30,1
97711,26385,Student,695,2524968,1,49,11.9,1.27,2,12,0
154783,8782,Salaried,755,4592001,4,23,11.12,2.22,3,22,0
97879,38827,Salaried,762,568349,7,40,16.17,1.92,2,15,0
94083,34531,Salaried,724,4047615,9,56,11.99,1.44,1,23,0
144749,5109,Salaried,744,659996,1,39,11.51,2.14,3,10,0
172661,30015,Salaried,614,438590,6,46,16.57,0.91,1,13,0
167876,41688,Salaried,718,214053,3,23,16.54,0.66,1,27,0
189480,39499,Student,723,3440926,6,39,11.89,2.64,2,20,0
63787,2720,Salaried,688,623441,1,40,16.41,1.91,2,20,0
191076,56985,Salaried,701,3932149,7,52,16.58,2.12,1,17,1
90897,16369,Salaried,717,1493717,9,27,12.53,1.27,2,13,0
145406,26015,Salaried,706,414359,2,53,9.13,1.43,1,11,1
171755,13629,Self-Employed,683,1197087,4,59,8.52,0.71,2,10,0
96941,8601,Salaried,820,4396664,12,38,13.47,2.64,2,19,0
126562,15313,Self-Employed,648,2217478,3,21,11.77,1.98,3,26,1
120361,16082,Salaried,673,1081519,8,31,17.97,0.71,3,16,1
94561,8946,Salaried,674,2664150,12,48,15.84,2.51,2,16,1
127340,49310,Salaried,710,2378599,4,45,15.73,1.61,1,22,1
40963,3453,Salaried,711,2834372,2,43,17.57,2.41,1,10,0
58585,11171,Salaried,752,2427074,10,51,16.93,0.53,1,10,0
143267,52866,Self-Employed,773,3092146,10,50,11.52,0.57,2,22,1
169351,11561,Salaried,769,3021981,2,55,10.08,0.93,2,10,1
79324,12197,Self-Employed,617,4866909,8,27,15.59,1.03,1,15,0
116459,41089,Salaried,697,2010826,9,36,12.09,2.41,3,19,0
82649,13760,Student,676,2904190,11,46,13.0,2.27,3,30,0
48397,16653,Salaried,717,4627033,12,22,14.49,2.04,1,10,0
188312,6276,Self-Employed,732,4457871,6,21,17.12,2.71,2,14,0
50946,19118,Self-Employed,630,142324,1,32,12.48,1.12,2,11,0
41155,14135,Salaried,751,2590476,4,25,15.94,2.76,1,12,0
96537,968,Salaried,711,4597603,10,57,11.05,2.77,3,12,0
185102,1058,Salaried,736,2997762,14,52,15.13,1.59,1,27,0
187307,35057,Student,695,4489850,14,29,8.52,0.74,1,17,0
104393,15398,Salaried,749,3694843,6,55,16.78,2.32,1,18,0
37911,5757,Salaried,555,1624833,10,39,8.79,1.34,3,11,0
136863,10225,Salaried,729,850101,5,36,15.27,2.49,1,11,1
63320,14646,Student,659,4692929,2,23,8.94,0.91,3,25,0
51487,302,Student,677,366205,4,40,11.03,1.85,2,16,0
177962,47055,Self-Employed,703,4155519,5,44,13.22,1.77,3,13,0
23125,3291,Salaried,717,2875896,9,53,12.49,0.75,3,14,0
173280,66024,Salaried,644,569777,13,44,10.32,1.41,1,10,0
82203,26213,Self-Employed,745,3440742,3,31,11.67,0.71,2,19,0
18712,1367,Salaried,693,2786582,9,28,15.41,1.66,1,22,0
104152,27723,Salaried,758,3410160,1,56,14.86,2.61,3,24,0
111546,22443,Salaried,801,4878426,3,58,9.18,1.18,3,10,0
40537,2989,Student,857,2911509,12,40,15.6,2.41,1,27,0
16177,4760,Salaried,701,1704753,5,55,9.0,0.96,2,23,1
61819,11022,Self-Employed,751,2829499,11,45,13.66,2.18,3,27,0
39596,406,Salaried,590,1037471,5,55,10.97,2.79,3,21,0
71088,8906,Salaried,639,1407133,13,45,14.08,1.31,3,21,1
72716,28211,Self-Employed,675,1302078,12,49,10.98,2.75,2,14,0
136999,49257,Salaried,775,3951529,9,38,17.86,1.76,1,16,0
129014,44139,Salaried,738,4307950,7,38,11.44,1.29,2,22,0
63368,24489,Self-Employed,658,2037755,8,22,10.8,2.74,2,18,0
103204,15222,Self-Employed,692,3379049,9,55,11.15,0.58,3,15,0
142959,10617,Self-Employed,736,2379753,11,36,17.02,0.57,2,30,0
125641,39575,Self-Employed,687,4071080,2,56,14.54,2.0,3,16,0
142556,26160,Salaried,731,99104,6,53,15.44,2.49,2,27,1
31014,10658,Self-Employed,720,4450072,14,24,17.22,2.38,2,24,0
22421,5016,Salaried,659,3489782,9,53,17.16,0.7,1,17,0
124847,29371,Self-Employed,781,1174905,7,34,15.52,2.88,2,29,1
27323,7843,Salaried,670,4621843,13,41,10.38,2.26,1,25,0
25756,2475,Salaried,649,4127716,8,40,16.51,2.87,3,26,0
88794,35196,Salaried,632,4958240,3,28,10.44,1.32,3,12,0
68363,661,Salaried,690,2601331,5,27,15.56,2.23,1,22,0
25526,3374,Salaried,708,4998600,7,23,15.01,2.65,3,18,0
175400,46479,Self-Employed,629,2318115,3,37,15.71,1.45,3,29,0
113540,7446,Student,645,4438087,12,53,13.56,2.91,2,24,0
113452,13395,Self-Employed,684,3454231,7,32,14.57,1.16,1,25,0
130700,11023,Salaried,638,2032243,1,42,17.56,1.29,3,25,0
139481,18792,Salaried,701,3374664,9,42,9.46,2.8,1,28,0
142810,38067,Self-Employed,709,4859109,11,50,11.43,2.92,2,13,0
76929,4107,Student,695,4911993,6,58,14.31,1.21,3,28,0
49594,11421,Salaried,728,3662744,5,58,17.66,0.84,3,28,0
35609,2978,Salaried,729,4348515,2,28,9.41,2.4,1,11,0
151728,59329,Self-Employed,698,4937349,14,47,8.71,2.82,3,15,0
26138,2530,Salaried,740,1300956,5,47,9.03,2.0,1,22,0
116268,39905,Salaried,620,4252271,12,54,9.0,2.09,3,24,0
179685,28179,Salaried,701,891531,6,41,17.12,2.41,2,19,1
101269,37947,Salaried,634,1665777,10,50,15.35,0.88,2,19,0
195913,46332,Self-Employed,621,2111774,9,53,14.93,2.93,1,13,0
59936,5448,Salaried,664,959711,12,48,13.46,1.41,3,23,1
61851,1638,Salaried,742,1010612,7,53,15.93,2.07,3,17,1
113723,12411,Self-Employed,723,2204174,14,25,9.98,1.67,1,15,0
111774,30874,Salaried,736,4799766,5,39,12.22,1.67,2,21,0
84252,4481,Self-Employed,688,552420,10,24,13.16,2.26,2,17,0
151614,25476,Salaried,647,1776676,10,55,9.55,2.99,2,15,0
31052,2385,Self-Employed,630,2657411,7,37,12.49,2.15,1,24,0
25749,5827,Self-Employed,661,4469323,2,48,11.51,2.49,2,28,0
160128,28380,Self-Employed,656,1478080,9,50,8.84,0.57,1,23,0
18191,392,Student,586,1294289,12,49,9.8,2.53,2,12,0
57080,20281,Self-Employed,740,4992625,8,26,15.76,1.25,2,27,0
66399,23472,Self-Employed,664,1105675,7,55,8.67,0.82,1,19,0
111722,30111,Salaried,698,3969047,9,57,17.38,0.78,3,23,0
182296,7788,Self-Employed,712,1723879,1,44,9.32,2.2,3,23,0
103340,28903,Salaried,632,3954722,7,49,16.09,2.99,3,16,0
174210,29956,Salaried,651,2009925,8,51,17.04,2.17,2,16,0
57533,13279,Self-Employed,747,4689681,2,55,17.44,1.16,2,30,0
197051,6979,Self-Employed,701,3666984,10,53,16.74,1.01,3,20,0
21910,8561,Salaried,660,2950737,6,41,11.23,1.81,2,27,0
54071,14686,Salaried,681,1031883,2,52,11.66,0.66,2,19,0
60838,23953,Salaried,670,1569603,14,43,12.55,1.5,3,24,1
91971,27935,Salaried,635,4328384,8,53,9.82,2.17,1,21,0
45841,15990,Salaried,682,4927708,14,23,8.71,2.92,3,26,0
94751,33069,Self-Employed,727,4589014,7,38,16.76,1.56,3,26,0
73005,20714,Self-Employed,714,2291281,13,45,13.76,1.0,1,10,0
70731,24858,Student,614,534814,3,51,14.28,2.54,2,15,0
175811,57804,Self-Employed,773,2680146,6,23,17.31,2.36,3,30,0
197684,29725,Self-Employed,675,845928,5,44,14.82,2.65,3,24,1
56321,3727,Self-Employed,729,2448083,8,52,15.06,1.04,2,28,0
110081,2520,Salaried,738,2839247,14,42,15.98,1.51,2,23,0
171570,31656,Salaried,734,1731641,10,43,9.61,2.95,1,19,1
181923,26832,Salaried,589,4526321,5,22,11.92,0.9,2,19,0
132322,36751,Self-Employed,677,1083316,10,47,17.7,2.18,3,16,0
24596,5251,Self-Employed,658,1820485,3,22,17.27,1.09,2,16,0
88445,13109,Self-Employed,623,1388486,7,46,16.9,1.75,2,23,0
84122,16087,Salaried,763,3612169,7,37,12.79,2.5,1,24,0
51727,11005,Self-Employed,825,3617675,3,53,16.64,1.72,1,29,0
152069,55506,Salaried,683,1140668,12,29,8.96,2.51,3,18,0
183933,13428,Salaried,704,4208179,14,59,9.91,1.57,3,24,0
91256,33937,Salaried,773,231360,11,49,12.43,3.0,2,18,0
162256,33787,Self-Employed,656,361955,11,46,13.09,1.59,3,16,0
176326,57418,Self-Employed,673,4748713,5,55,11.0,0.87,3,20,0
154401,34865,Salaried,725,2376133,13,45,11.89,1.5,2,14,1
98820,18994,Student,657,4052713,3,44,10.05,2.36,2,18,0
22999,6052,Student,564,4091059,6,33,13.15,2.62,2,15,0
175381,15078,Student,660,3984999,9,27,16.04,1.65,1,16,0
140736,13493,Salaried,676,3262883,8,56,14.78,1.99,1,23,0
169324,1431,Salaried,682,4074733,6,40,9.52,2.61,2,28,1
146234,34742,Salaried,688,4999982,10,21,13.13,2.53,1,20,0
64733,22059,Salaried,718,1812999,11,28,15.13,2.14,1,16,0
33681,874,Salaried,705,2142101,2,36,13.53,2.54,1,15,0
194402,66707,Salaried,643,3785444,10,34,12.22,1.94,3,13,0
126487,22669,Salaried,739,3817255,1,32,14.41,0.51,2,23,0
102896,29055,Student,637,3548408,1,43,17.7,0.6,2,12,0
170331,15352,Salaried,710,3687820,2,35,9.4,2.95,3,26,0
33474,6566,Self-Employed,757,2495840,2,48,12.21,0.86,1,24,1
84184,13140,Salaried,720,2879455,3,54,12.36,1.51,2,10,0
108269,8535,Self-Employed,655,2660469,12,22,13.98,2.83,1,30,0
163066,1727,Salaried,699,4525156,4,52,9.95,0.99,3,20,1
24283,5774,Salaried,772,3816484,6,43,10.18,2.61,1,22,0
15781,3048,Salaried,779,3277544,8,42,11.21,2.55,3,12,0
189023,23648,Salaried,718,71253,7,45,17.58,2.97,3,22,0
103664,13489,Salaried,693,1278807,8,42,15.47,1.2,1,27,0
167872,57828,Self-Employed,656,4513158,9,42,14.79,1.29,1,18,0
52991,13521,Self-Employed,724,1576534,3,26,16.26,2.76,2,11,0
146354,13937,Salaried,657,421616,12,35,9.71,1.09,3,17,0
104087,33380,Salaried,739,323349,14,57,16.66,1.87,1,11,0
148663,15149,Salaried,728,628688,13,53,14.15,2.27,1,10,0
67756,17053,Self-Employed,646,582726,11,28,11.69,1.18,2,12,0
70426,10592,Salaried,721,3025635,2,25,16.25,2.85,2,26,0
47994,15036,Student,637,2046170,2,59,16.12,2.16,2,16,0
172547,18888,Salaried,649,358449,6,24,16.53,0.62,3,19,1
27763,10013,Self-Employed,727,4465677,1,26,9.6,0.84,2,28,0
33099,10785,Salaried,658,4912894,2,52,17.71,0.98,3,18,0
120400,18710,Self-Employed,624,2558426,14,50,17.62,1.11,2,27,0
173588,1089,Salaried,762,173950,7,55,11.9,2.33,3,24,0
53547,3830,Self-Employed,743,4070120,6,36,9.13,0.72,2,26,0
117932,6370,Self-Employed,632,493316,14,33,10.09,1.38,3,26,0
170024,53798,Self-Employed,714,859178,7,50,17.93,2.78,2,28,0
161295,6701,Salaried,737,3282244,8,39,13.85,1.89,2,18,0
192810,71678,Salaried,690,513001,6,37,11.89,1.16,1,15,0
33351,4088,Salaried,652,2686722,3,39,11.24,2.89,3,28,0
170336,59675,Self-Employed,653,1214795,3,48,10.94,1.11,1,17,1
150565,58487,Self-Employed,754,3620599,1,46,14.81,2.76,3,15,0
74711,6816,Salaried,605,1608242,9,57,12.48,2.31,1,26,0
140149,32808,Salaried,685,2417555,12,46,17.67,2.35,2,15,1
96768,24173,Self-Employed,727,625919,14,43,15.0,2.41,1,22,0
81314,32319,Self-Employed,812,4704548,5,29,16.02,1.77,2,30,0
73643,12132,Salaried,653,1054001,8,32,11.28,2.54,3,11,0
47174,1447,Salaried,711,4354459,14,21,9.25,2.59,2,21,0
41649,14567,Self-Employed,696,4060162,4,21,13.13,1.4,1,16,0
189427,31259,Salaried,731,320914,6,54,11.49,1.5,3,15,1
115311,17569,Salaried,717,3150581,6,52,10.42,2.72,1,26,0
172584,6716,Salaried,699,3171881,11,45,17.55,1.81,2,17,0
100371,29033,Self-Employed,629,4446720,13,21,12.72,2.67,2,15,0
58056,17709,Salaried,695,799971,12,36,10.16,2.07,1,28,0
111038,16724,Salaried,627,535757,9,59,10.39,1.98,3,30,0
85448,4648,Self-Employed,684,1550948,3,25,11.17,0.58,1,18,0
64334,3112,Student,696,4952444,1,42,17.99,1.19,2,29,0
23210,6132,Salaried,670,3398924,1,49,11.05,1.76,3,25,0
149393,15812,Self-Employed,707,4458285,1,23,11.62,1.97,1,27,0
163049,63972,Salaried,669,4254955,8,32,14.76,2.08,2,28,0
117112,16715,Student,688,2643726,13,46,11.29,2.29,3,16,0
197721,34610,Salaried,667,1620057,14,36,10.55,2.14,1,17,1
91917,17154,Student,669,211445,3,57,10.01,2.62,3,30,0
37785,13392,Self-Employed,718,560370,11,42,11.47,1.24,2,28,0
82534,31705,Self-Employed,691,4251765,12,49,9.51,2.1,1,10,0
163586,63121,Salaried,625,1829685,10,34,8.68,0.63,1,22,0
108547,42849,Salaried,653,2229431,11,48,16.14,1.7,2,10,0
90769,1141,Self-Employed,592,3937008,8,25,9.81,1.17,2,20,1
186675,68803,Salaried,692,67297,12,50,15.87,1.45,2,11,0
59014,13790,Self-Employed,721,1277146,1,25,16.08,1.39,1,30,0
154839,22852,Salaried,761,4751669,1,32,13.61,0.65,2,12,0
20744,1900,Student,705,878791,8,36,11.44,1.67,1,22,0
135906,4652,Salaried,678,426794,10,46,9.88,2.99,1,16,0
164765,53161,Student,694,3935180,5,46,15.5,1.25,3,11,0
23036,6789,Student,758,900350,14,41,14.21,2.34,2,11,0
74500,3807,Salaried,718,1733523,5,59,14.73,1.87,2,12,0
17352,1932,Self-Employed,778,4294402,3,56,8.58,1.31,3,22,0
141060,4857,Salaried,712,2846461,12,53,17.31,0.72,1,21,0
15138,358,Salaried,637,2989362,13,50,9.13,1.04,1,10,0
41762,13283,Salaried,708,921522,12,57,11.98,2.45,1,27,0
89965,19218,Salaried,677,4072928,5,43,12.33,1.2,2,14,0
133418,10238,Student,636,838140,12,30,8.51,0.86,1,28,0
59789,22922,Self-Employed,666,640381,10,25,13.22,1.33,3,19,1
81418,26770,Salaried,703,4282939,4,56,15.65,1.96,1,15,0
93518,7269,Salaried,833,1280746,11,54,16.32,2.26,2,27,0
119946,36593,Self-Employed,747,1212189,11,51,16.85,1.47,2,24,0
33354,5806,Student,720,175438,9,30,13.13,1.75,1,23,1
23016,2384,Self-Employed,774,2249391,8,39,14.49,1.64,1,25,0
195005,21826,Self-Employed,729,2632814,7,52,9.26,0.52,2,13,1
173175,36188,Salaried,552,4149906,6,21,13.14,1.49,1,28,0
173015,276,Salaried,757,1840008,14,25,9.97,1.97,3,30,1
92842,10503,Student,673,1615213,7,24,12.01,1.92,2,17,0
178864,9764,Self-Employed,667,1499087,9,36,11.63,2.37,1,10,1
166203,15038,Salaried,721,2168433,14,44,12.52,2.18,1,29,0
137115,8605,Salaried,805,2157359,2,36,13.93,1.19,1,22,0
37031,5185,Salaried,739,2731206,2,22,17.08,1.14,3,18,0
126041,46092,Self-Employed,644,3981586,8,48,12.25,1.66,2,10,0
68117,5686,Student,731,1913462,1,52,17.82,2.33,3,24,0
168245,33204,Salaried,774,4523014,7,47,15.71,0.73,1,24,1
136929,15369,Self-Employed,676,1648099,2,40,13.36,2.87,3,23,0
119859,16237,Salaried,723,2792974,4,44,14.62,1.86,1,14,1
86126,5585,Salaried,725,1858286,14,32,9.47,1.27,1,26,1
191481,48766,Salaried,668,864422,8,55,16.52,2.23,2,15,0
168512,35205,Salaried,700,2926280,13,53,14.03,0.61,2,18,0
34008,5738,Salaried,736,4129441,3,53,17.87,1.71,1,29,0
148296,41157,Salaried,675,3435744,10,57,14.55,1.71,1,28,0
77368,12091,Salaried,771,4076390,5,32,16.42,0.9,1,30,0
30372,9120,Salaried,746,3032410,1,23,16.1,2.59,2,26,0
69040,9821,Self-Employed,690,2951092,6,21,11.78,2.49,2,16,0
165043,25599,Salaried,612,2920574,2,53,10.97,0.88,1,17,0
138106,5355,Salaried,710,3931857,9,30,12.59,1.41,2,24,0
133581,34773,Salaried,633,388540,7,49,12.94,0.75,1,15,0
72505,20360,Self-Employed,718,1344315,12,33,10.78,2.62,3,10,0
62591,17845,Salaried,654,1339467,11,32,17.0,1.31,2,18,1
41672,4213,Salaried,711,2388377,14,51,13.65,1.6,1,16,0
33199,3841,Salaried,773,787954,9,22,17.8,1.31,3,29,0
197885,36021,Self-Employed,745,2803913,12,55,16.2,1.28,1,28,0
190936,20307,Salaried,652,4582688,8,43,13.78,2.37,3,13,0
70243,3866,Salaried,661,2395704,2,37,17.5,2.37,2,10,0
108574,20447,Salaried,706,79336,1,46,13.3,1.79,2,18,0
66955,20093,Self-Employed,788,1548339,3,28,16.93,2.14,1,11,0
19426,6919,Self-Employed,791,4685352,8,49,11.9,1.78,2,25,0
191743,2204,Self-Employed,694,812371,10,46,12.1,0.57,2,11,1
113934,11908,Salaried,617,2484003,2,30,12.47,0.67,3,12,0
76215,23067,Self-Employed,666,2600982,10,46,13.69,1.46,2,23,0
128688,46473,Salaried,731,3686562,11,54,13.76,2.37,3,22,0
141311,13379,Salaried,779,606718,4,27,13.22,2.78,3,26,1
38989,9915,Salaried,649,402414,9,24,11.41,0.57,3,19,0
157105,42736,Salaried,699,3927809,6,31,17.31,1.42,2,12,0
62118,19167,Salaried,738,339220,6,49,14.09,1.06,1,13,0
99565,22973,Salaried,809,4049453,3,56,12.37,2.54,1,14,0
58527,11691,Self-Employed,605,2287035,1,45,14.69,2.61,2,20,0
62153,9738,Salaried,780,1157810,12,41,15.8,1.02,3,15,1
88402,15449,Salaried,645,1628315,11,56,17.63,2.28,2,10,0
78761,7186,Salaried,674,2275541,4,30,13.25,2.33,1,28,0
40372,3642,Salaried,671,4540512,11,57,9.56,0.94,3,16,0
83431,5366,Self-Employed,752,2561910,1,29,12.69,1.58,2,19,0
108783,22357,Self-Employed,684,1700824,5,44,13.05,2.05,3,21,0
164092,8155,Salaried,637,1707153,7,55,17.02,0.57,3,21,0
20722,4444,Salaried,730,1444316,13,55,12.25,1.51,1,10,0
38816,9653,Student,737,4351400,13,56,17.56,0.89,3,18,0
43482,9171,Salaried,690,2015730,3,38,13.11,1.85,2,26,0
166130,20313,Salaried,759,1686675,1,59,17.75,2.61,3,21,0
30417,8345,Student,670,1085891,7,52,8.58,1.81,3,11,0
133474,9256,Salaried,710,1810511,11,44,17.04,0.59,2,18,0
64812,22626,Salaried,690,1834006,7,43,17.35,0.57,1,21,0
191679,7812,Salaried,770,2579832,3,52,17.63,2.01,1,13,0
159941,60315,Self-Employed,679,4658474,4,57,8.62,1.32,2,21,0
191098,46976,Self-Employed,763,736268,4,32,10.13,1.93,3,27,1
34991,10775,Self-Employed,681,197745,9,33,14.71,0.91,2,12,0
22415,6771,Salaried,674,3364344,9,43,8.74,2.44,2,10,0
49148,9865,Salaried,695,1997238,6,45,9.1,2.65,2,27,0
199531,38402,Self-Employed,670,95475,9,55,10.6,2.72,1,30,0
108526,35517,Self-Employed,651,3745727,11,50,13.37,1.26,3,17,0
145429,20975,Self-Employed,772,1470858,7,37,13.69,2.15,2,28,0
149345,47135,Salaried,613,128077,9,40,8.83,1.2,1,13,0
84087,12297,Student,587,4495818,5,45,10.12,2.41,1,25,0
148872,38078,Salaried,685,651891,1,42,13.25,0.8,3,26,0
137049,20583,Salaried,686,3753292,14,33,14.14,2.41,2,18,0
165945,13050,Salaried,711,2209173,6,39,9.91,1.6,3,17,0
181132,1538,Self-Employed,715,2118671,1,56,12.29,2.64,2,29,0
90225,19555,Self-Employed,677,346063,4,32,17.09,2.35,1,28,0
39618,1907,Self-Employed,712,742924,7,39,17.99,1.44,1,16,0
174034,56184,Salaried,683,3861666,5,32,17.88,2.76,3,21,0
54194,11599,Self-Employed,688,347675,11,29,16.88,1.21,2,10,0
71408,3731,Self-Employed,713,175355,7,27,12.25,2.92,3,26,0
34477,882,Salaried,660,4649409,7,48,15.02,2.42,2,15,0
61289,20979,Self-Employed,700,4579275,1,34,12.46,2.98,3,14,0
165653,59722,Student,681,3712340,9,51,14.66,0.63,1,29,0
169692,887,Self-Employed,635,2635917,2,39,11.44,1.19,3,16,0
96938,21205,Salaried,678,4728083,1,36,14.26,2.35,2,21,0
149837,51590,Self-Employed,691,1618146,6,25,13.48,2.81,3,14,0
37931,7196,Student,721,4758569,14,55,8.73,0.57,2,11,0
156633,16901,Salaried,691,1947883,14,32,16.01,0.5,3,13,0
125041,14256,Salaried,644,1144409,2,45,8.61,1.14,2,26,0
187239,71291,Salaried,616,1448949,6,41,11.28,2.63,2,17,0
112718,28890,Salaried,672,2635171,3,56,8.56,2.42,2,29,1
45109,15253,Student,686,3885598,11,43,12.07,1.35,3,14,0
126072,29231,Salaried,738,330833,13,36,9.1,0.51,3,26,1
17642,1177,Salaried,826,4044420,11,59,17.18,1.89,1,29,0
140844,47994,Salaried,729,2341136,1,59,12.45,1.09,2,13,0
80618,1920,Salaried,764,4845464,13,34,12.87,2.36,1,30,0
136759,24351,Salaried,732,2787946,6,51,11.82,1.62,1,27,1
197003,7674,Salaried,644,2406632,12,25,14.46,2.2,2,27,1
84212,2426,Self-Employed,787,3914044,8,55,15.95,2.63,1,27,0
58764,1134,Self-Employed,769,366462,1,43,14.66,1.84,3,25,0
20039,4897,Self-Employed,696,4330650,2,49,15.61,1.34,1,20,0
131214,26249,Self-Employed,664,2076110,3,31,17.11,2.42,3,17,1
189398,14924,Salaried,676,2112087,3,38,16.7,1.16,2,21,1
38248,7240,Salaried,766,3875258,9,32,14.9,2.73,2,27,0
100947,19296,Self-Employed,715,2953609,11,29,10.54,0.68,2,27,1
122237,18425,Salaried,736,3850315,11,30,14.56,2.59,1,17,0
193267,73233,Salaried,672,1892360,13,37,13.31,0.73,2,25,1
43927,8326,Salaried,742,3749509,8,58,15.31,0.64,2,26,0
153368,25398,Salaried,736,3483372,5,27,16.41,1.41,3,11,0
128499,18452,Self-Employed,692,1408126,4,33,15.56,2.89,1,30,1
27356,195,Salaried,694,4241896,5,29,16.54,2.96,1,24,0
172561,14387,Self-Employed,738,3188102,5,47,9.11,1.01,2,16,0
96257,19238,Student,663,2785090,13,22,8.8,0.87,1,10,0
81197,2472,Self-Employed,645,126240,12,25,10.96,1.38,2,11,0
31322,6968,Self-Employed,583,213187,7,49,17.06,1.34,3,13,0
124814,36455,Self-Employed,646,2794804,6,57,16.32,2.4,1,25,0
159989,4757,Salaried,596,1040121,3,58,14.99,1.61,1,21,0
114977,24690,Salaried,727,4159545,12,39,15.16,2.45,3,26,0
84166,31870,Student,663,4628887,11,28,15.4,2.37,1,13,0
30534,3360,Salaried,665,4848793,8,21,17.45,1.95,2,25,0
23640,1948,Self-Employed,568,2453233,13,42,16.41,2.58,1,16,0
179044,10799,Self-Employed,700,120463,13,37,14.42,0.99,1,17,0
99607,6160,Self-Employed,676,1210294,5,27,14.82,0.9,3,18,0
51413,12816,Self-Employed,635,614430,13,45,10.53,2.38,3,23,1
156727,47897,Self-Employed,714,4670792,6,24,14.74,1.11,2,18,0
40963,11186,Salaried,787,1456150,14,56,12.53,0.51,1,24,0
195882,4994,Self-Employed,698,1543551,2,26,9.95,2.78,1,30,1
148653,51717,Salaried,690,3251208,8,51,16.16,2.06,3,13,1
171379,11064,Salaried,698,4072261,4,39,13.35,1.61,2,12,1
179474,26946,Salaried,717,3963397,14,59,17.79,2.31,1,19,0
144974,27197,Salaried,627,1491246,11,47,11.18,1.33,2,13,1
79925,3306,Self-Employed,630,2320463,1,30,13.07,2.88,1,27,0
146742,23675,Salaried,705,3099316,13,46,12.76,0.67,3,20,0
26577,3792,Salaried,671,956450,12,39,9.65,2.1,3,28,0
101598,35931,Self-Employed,707,158944,7,59,12.55,2.44,3,28,0
96471,489,Salaried,694,2003341,10,23,11.23,1.67,3,27,1
133028,39178,Salaried,657,745532,11,33,10.02,2.39,3,22,0
21859,3278,Salaried,667,2986537,2,48,11.18,2.82,3,13,0
64522,857,Salaried,728,2259853,6,40,10.72,2.36,2,12,1
199514,51877,Self-Employed,696,1907596,1,48,15.47,1.27,3,25,0
52019,12180,Salaried,649,4186725,10,28,8.79,1.9,2,23,0
58395,10006,Student,735,2173091,10,59,14.37,2.78,3,19,0
15203,160,Salaried,676,2082709,13,21,15.73,1.62,1,15,0
123036,19259,Salaried,696,3622401,6,23,13.07,2.2,1,17,0
80901,14010,Salaried,786,3298204,6,33,17.35,1.66,1,25,0
96159,2378,Self-Employed,705,3699279,6,48,15.22,0.8,2,19,0
90403,33724,Self-Employed,737,4267690,3,45,15.61,0.65,3,30,0
75815,22780,Salaried,730,1003122,4,53,10.37,2.88,2,16,0
40525,14282,Salaried,648,1706042,10,58,15.88,2.03,3,28,0
192359,76312,Salaried,755,3790030,3,26,16.4,0.76,1,27,1
48340,7082,Self-Employed,782,1000922,14,52,11.93,2.64,2,22,0
137564,3262,Salaried,793,2838107,2,41,10.53,1.81,3,17,0
151304,2217,Salaried,734,3488780,2,36,12.16,2.43,2,23,1
78185,7031,Student,779,3417851,5,41,15.53,0.82,2,18,0
146642,32254,Self-Employed,780,4523447,12,31,12.47,2.77,1,21,0
76169,23470,Salaried,717,299265,4,57,15.5,1.98,1,15,0
27192,8566,Salaried,691,709987,14,56,9.58,2.35,1,29,0
149327,57433,Salaried,636,2263697,5,55,16.16,0.58,1,21,1
199099,23989,Salaried,787,2170711,13,39,10.91,1.29,1,28,0
151093,32464,Self-Employed,778,538051,7,40,10.86,1.17,3,21,1
168322,66798,Self-Employed,649,997272,3,38,14.11,2.87,3,16,0
188860,46830,Self-Employed,774,761943,5,34,9.17,0.96,1,24,1
70571,14715,Student,717,4856546,14,35,8.75,2.27,1,25,0
98014,35179,Salaried,715,1517130,4,51,10.98,0.61,1,13,0
17775,5001,Salaried,694,4039284,14,21,13.61,0.99,2,15,0
183171,61799,Salaried,661,2434775,13,23,17.12,1.35,1,25,0
188115,15408,Student,632,881257,6,36,16.54,2.49,3,24,0
53225,6079,Salaried,649,1772199,8,43,13.16,2.47,3,11,1
190745,45066,Salaried,767,2716981,10,31,8.85,2.88,2,12,0
168837,59287,Self-Employed,714,921535,12,32,13.58,2.79,3,24,0
165592,51934,Salaried,745,2792455,2,30,15.2,0.7,1,17,0
145956,5208,Salaried,672,647904,10,52,11.72,2.57,2,21,0
73870,21158,Student,775,901161,11,36,9.56,1.63,2,11,1
196068,14031,Self-Employed,717,4280987,12,28,11.15,2.66,3,24,0
21587,226,Self-Employed,684,607242,9,58,15.83,0.72,1,17,0
181375,34700,Self-Employed,712,1693909,3,32,11.84,2.56,1,20,0
95059,1881,Student,686,2979735,9,44,16.21,0.9,1,26,0
18262,1445,Self-Employed,750,3250450,12,48,11.54,1.33,2,30,0
21901,2785,Salaried,710,789574,8,28,10.05,0.57,3,10,0
171877,11874,Student,741,4687370,12,48,12.64,0.81,3,29,0
135606,49500,Self-Employed,673,3026030,14,56,12.8,1.61,3,24,0
192747,19942,Salaried,724,2856284,13,46,8.65,2.55,1,30,0
56235,18931,Salaried,668,1280796,1,28,9.61,2.43,2,11,0
118751,38897,Student,722,1962493,8,48,10.26,1.09,2,19,0
128892,26096,Self-Employed,737,2879045,2,48,9.58,0.88,3,29,0
198581,66406,Student,749,3507521,13,57,11.74,1.47,3,15,0
190441,30676,Self-Employed,639,429593,12,56,17.66,2.71,2,12,0
62574,10623,Salaried,732,1676528,9,47,13.34,0.73,3,22,0
49485,19456,Salaried,732,348783,12,37,14.46,1.86,2,24,0
104037,13304,Self-Employed,737,2165226,14,29,11.89,0.72,2,15,0
67265,16061,Self-Employed,704,2649327,10,53,11.57,1.68,3,18,0
43054,9783,Salaried,667,2999311,3,40,8.72,0.82,2,19,0
171904,13682,Student,690,2126775,3,33,13.25,0.7,2,18,1
25234,8464,Self-Employed,696,3931143,6,48,13.09,0.98,3,27,0
91918,12580,Salaried,716,1622138,4,49,10.0,1.14,3,18,0
146379,56889,Self-Employed,726,470539,14,33,15.76,1.19,3,27,0
40954,5869,Salaried,694,2572919,1,55,13.18,2.11,2,18,0
28255,4567,Salaried,660,3899091,6,26,11.72,0.64,3,14,0
76576,29038,Salaried,716,4874574,2,38,9.9,0.7,3,22,0
108079,31349,Self-Employed,642,4482787,8,25,13.75,0.97,2,21,0
23002,4247,Salaried,728,4424798,3,45,15.65,2.68,2,18,0
59724,15641,Self-Employed,734,2900774,2,22,11.18,2.07,3,28,0
136987,20566,Salaried,668,4511213,3,30,10.58,2.33,3,29,0
126576,29523,Self-Employed,683,3273253,5,50,13.46,1.43,2,10,0
108664,38652,Salaried,604,1124477,9,25,9.98,1.03,2,20,1
40464,11129,Salaried,696,347584,11,53,14.83,0.59,1,14,0
139206,41430,Self-Employed,727,904741,8,21,14.25,1.72,2,16,0
57946,10377,Salaried,709,4540224,8,38,9.33,1.94,2,22,1
85204,20671,Salaried,708,1643786,13,52,8.85,2.74,1,15,0
91996,16968,Self-Employed,654,1325393,1,31,14.39,2.71,3,22,0
17866,6173,Self-Employed,681,1895964,11,41,11.3,1.56,1,15,0
175703,62901,Salaried,723,2635181,9,46,9.32,1.56,2,24,1
46417,18103,Salaried,678,2648475,1,45,15.71,0.9,1,17,0
101567,26212,Self-Employed,692,3936912,9,42,11.48,1.14,1,20,0
87373,34217,Salaried,721,4175903,8,47,12.87,2.81,1,19,0
135592,37392,Salaried,721,3073504,6,33,10.75,0.85,1,18,1
81125,20908,Salaried,677,1340894,6,53,14.46,2.92,1,13,0
64420,9968,Salaried,727,4867911,3,54,11.36,1.76,1,23,0
159341,57136,Student,791,4613653,11,55,17.7,1.64,3,13,0
103209,9603,Salaried,628,4827421,13,21,15.18,0.94,1,24,0
44227,11126,Salaried,777,2760864,3,41,9.8,2.15,1,30,0
33019,9890,Salaried,703,985783,8,26,12.46,1.65,1,19,0
141278,47466,Self-Employed,696,1815317,10,48,12.16,1.43,1,23,1
115260,39791,Salaried,726,3898189,4,37,13.58,1.16,2,15,0
192871,4827,Self-Employed,704,161362,6,25,16.5,0.67,1,25,1
191298,59550,Student,624,2459409,8,51,14.04,1.8,1,21,0
73219,2418,Salaried,624,1960217,6,25,9.08,1.28,1,13,0
53084,16244,Salaried,650,4464011,2,58,14.73,2.27,3,10,0
70468,19094,Self-Employed,707,875963,4,23,8.58,2.31,1,13,0
56247,5737,Self-Employed,762,2611913,9,43,15.91,1.33,2,22,0
83207,6519,Self-Employed,695,492244,6,57,14.83,2.17,3,16,0
108474,40469,Salaried,720,457407,7,57,11.43,1.15,2,24,0
173458,31721,Self-Employed,703,2393136,2,30,11.28,2.32,3,15,0
171488,1814,Salaried,683,1770444,5,30,16.08,0.54,3,23,1
61335,14038,Salaried,641,806079,9,39,15.94,0.88,1,27,0
106128,28141,Salaried,685,2782406,9,37,11.85,1.11,1,13,1
92154,8307,Salaried,671,362916,5,41,11.34,2.43,3,10,0
173598,68477,Self-Employed,688,2981531,9,34,13.82,0.67,1,12,0
119501,38218,Self-Employed,692,3007498,10,29,8.58,0.97,1,22,0
94211,4586,Salaried,698,1985657,12,21,9.29,1.4,3,27,1
151949,39553,Salaried,702,4800014,7,33,9.7,0.52,3,13,0
169599,18443,Salaried,664,4178784,13,24,10.26,2.41,2,13,1
40095,5956,Salaried,707,1978854,14,21,13.36,1.9,3,20,0
119428,34172,Salaried,674,1840146,4,52,17.93,2.75,2,23,0
135243,24338,Salaried,667,2826374,4,54,14.7,0.58,2,16,0
95152,4933,Salaried,668,1134309,2,48,9.08,1.18,1,12,0
35323,44,Salaried,753,318508,4,51,13.49,2.33,1,16,1
110598,931,Salaried,671,4979426,6,28,13.22,2.19,3,17,1
103302,36174,Self-Employed,725,2230945,5,59,9.87,1.11,3,21,0
169237,3748,Salaried,748,4828972,12,46,17.24,1.99,2,16,1
135617,39560,Self-Employed,744,1669282,5,54,12.69,2.48,2,25,0
166738,1161,Salaried,791,937099,8,23,17.95,0.58,1,26,0
121511,23853,Salaried,697,1201882,7,32,12.49,2.29,3,13,0
198622,44910,Self-Employed,680,4672942,1,21,14.28,1.13,3,26,0
98291,7135,Self-Employed,652,4659409,10,25,9.5,2.87,3,27,0
156842,39321,Salaried,666,96250,11,50,12.82,1.85,3,13,0
195418,2537,Salaried,734,4278087,9,50,10.77,0.58,1,26,0
197574,29092,Self-Employed,697,2318693,9,37,16.44,1.51,1,24,1
74754,22056,Salaried,620,2198185,9,43,15.95,2.92,2,26,1
168263,28992,Self-Employed,784,3567847,6,35,16.33,2.33,1,22,0
41270,5197,Salaried,762,1246311,5,57,15.37,1.25,2,12,0
157157,30564,Self-Employed,679,4838109,2,41,16.41,1.94,1,21,0
166883,6135,Student,744,103687,9,34,10.41,2.0,1,26,0
42564,7697,Salaried,735,4826415,13,22,12.79,0.56,3,16,1
151132,10900,Salaried,760,1177109,12,31,15.07,0.95,2,16,1
87684,18748,Salaried,786,4063582,12,59,14.56,1.88,2,20,0
176077,6638,Self-Employed,599,1646246,8,58,15.31,1.51,2,25,0
82789,864,Salaried,699,2029746,1,54,10.63,0.98,1,13,0
118533,16309,Self-Employed,706,4657765,2,58,9.44,2.43,3,25,0
99698,15960,Salaried,746,2048547,12,54,17.21,1.72,1,14,0
88290,4078,Salaried,696,3027299,14,38,13.82,1.27,3,28,0
100886,26681,Salaried,716,1596064,2,50,9.96,0.9,1,23,0
22493,4103,Self-Employed,660,2633236,11,35,16.04,2.03,2,16,0
62315,18028,Salaried,680,721986,6,47,17.19,2.17,1,18,1
153202,6828,Self-Employed,733,3868971,4,54,10.11,2.17,2,22,0
90986,20423,Salaried,754,2581113,10,58,16.27,1.05,3,25,0
171697,44950,Salaried,756,1709090,7,53,17.37,1.99,2,30,0
158326,55734,Salaried,816,4582889,10,44,17.41,2.76,2,13,0
75197,19041,Salaried,798,4904501,1,35,17.18,1.38,2,16,0
195066,12615,Salaried,699,4590334,8,50,13.69,1.03,2,12,0
103422,32651,Salaried,725,1841396,14,37,11.88,2.43,3,29,0
167271,57724,Self-Employed,789,4151599,1,25,8.57,0.94,1,24,0
141299,30133,Salaried,771,2505918,9,49,9.08,1.13,1,30,0
122573,32284,Salaried,712,360435,14,24,12.57,0.75,1,23,1
105909,20827,Salaried,642,2030407,9,30,12.29,1.17,1,16,0
42241,16890,Self-Employed,615,2743695,6,37,10.25,1.53,2,27,0
26350,6360,Student,708,4524024,10,30,12.26,0.66,3,14,0
15390,5615,Salaried,725,4650549,11,37,10.16,2.68,3,30,0
20867,1211,Salaried,725,362579,1,40,16.56,1.78,1,29,0
126048,30908,Salaried,663,1574631,3,44,11.33,1.97,1,17,0
23947,5930,Salaried,743,3878239,3,25,14.19,1.43,3,29,0
153426,44062,Salaried,706,2357600,7,54,13.28,2.17,3,27,0
43633,15848,Self-Employed,813,1194337,10,26,8.99,1.58,2,30,0
114782,39164,Salaried,679,623881,10,22,17.45,2.4,3,28,0
141700,6533,Salaried,721,1726644,14,33,13.51,2.55,3,29,0
82616,6089,Self-Employed,573,3245741,11,31,11.59,2.18,2,12,0
163725,49556,Self-Employed,603,2939190,5,43,10.0,1.73,2,15,1
105385,18690,Salaried,743,1540641,12,36,11.72,2.46,2,27,1
106321,32698,Salaried,686,3485715,1,51,8.69,1.74,3,24,0
163929,19627,Student,631,367942,9,31,11.95,0.78,3,23,1
119186,22366,Salaried,813,2845126,1,36,13.55,0.79,3,30,0
117828,6559,Self-Employed,744,2767892,10,28,16.78,2.87,2,17,1
92242,12070,Salaried,771,1693906,3,24,15.03,1.03,3,20,0
105140,15310,Salaried,627,1497307,6,24,9.56,2.54,3,20,0
91946,19522,Salaried,754,1848594,13,45,9.9,1.12,2,21,1
26279,5452,Student,681,2927448,12,23,12.57,1.58,1,25,1
80524,17400,Salaried,567,1632701,8,52,10.36,2.14,1,16,0
182896,33073,Salaried,767,1067497,14,23,8.76,0.9,3,12,0
117166,14506,Salaried,755,1413133,13,47,16.15,2.34,2,11,0
65971,15674,Salaried,746,2251016,12,49,8.69,2.22,2,12,0
110386,20590,Salaried,789,3202963,14,52,16.39,1.86,3,17,0
140849,41863,Salaried,649,1202791,7,39,9.87,1.91,3,29,0
55644,15896,Salaried,706,281414,13,41,17.76,0.76,1,17,1
57814,4683,Salaried,673,3452862,9,25,14.24,1.59,2,13,0
36650,12322,Student,759,256251,8,38,15.48,0.72,3,22,1
36042,7082,Student,644,4563207,6,48,9.55,1.27,2,26,0
166990,28379,Self-Employed,785,4446208,5,42,16.69,2.75,3,27,1
159993,32894,Salaried,612,1749660,14,41,16.47,1.94,1,14,0
37837,14997,Salaried,719,897405,8,26,14.7,2.36,3,21,0
66413,4180,Salaried,658,2700196,9,21,13.27,1.93,1,11,0
45341,4758,Self-Employed,753,4901039,14,25,15.35,0.99,1,19,1
18729,5974,Salaried,654,4502664,7,32,8.56,1.99,3,16,1
167364,3159,Salaried,760,2123946,9,46,14.13,2.39,3,24,1
186806,68116,Self-Employed,668,3197887,13,54,16.55,0.85,1,16,0
29678,6772,Salaried,708,2995081,2,34,11.89,2.54,2,24,0
197520,901,Salaried,681,3672541,2,46,9.53,1.89,2,25,0
151694,57204,Self-Employed,655,1419971,13,47,12.5,0.51,1,10,0
65210,18432,Salaried,696,4689148,1,29,15.41,1.8,1,24,0
142466,19937,Self-Employed,711,1417064,6,46,9.52,1.49,3,12,1
188696,37344,Salaried,745,3328262,2,42,10.46,1.24,3,19,0
96788,34836,Salaried,796,1834094,10,50,9.9,2.43,1,25,1
38283,8465,Salaried,638,4347084,9,37,16.07,2.75,1,11,0
15515,4286,Salaried,679,1650720,3,46,9.1,2.41,2,26,0
111502,3332,Salaried,739,3992033,2,56,15.02,2.62,2,10,0
120219,5033,Salaried,658,1737023,14,21,11.98,2.77,2,13,0
130828,38498,Student,733,2074611,8,28,15.68,2.78,1,20,0
31932,7675,Salaried,739,2310791,12,55,17.66,0.79,1,26,0
159870,17558,Salaried,739,3916585,3,35,9.59,1.64,2,11,0
32118,6232,Salaried,677,3560764,2,42,11.49,0.5,2,10,0
110865,11110,Self-Employed,654,2410901,3,34,16.2,1.77,3,15,0
175337,32330,Salaried,764,4467338,12,46,11.03,2.81,3,20,0
114694,19773,Self-Employed,738,4557863,9,48,10.54,1.0,1,13,0
16515,6326,Self-Employed,720,819565,3,43,16.34,2.1,3,20,0
137990,21493,Salaried,654,2167191,2,34,17.88,2.11,1,14,0
16577,1296,Self-Employed,739,4255089,4,44,13.79,0.9,1,19,1
80431,17297,Student,678,3914860,14,22,11.14,1.1,1,14,0
143848,15511,Salaried,662,436213,13,46,12.29,1.66,2,12,0
130375,47124,Self-Employed,660,972426,8,34,10.12,0.97,3,15,1
67335,20181,Self-Employed,751,1603091,3,27,15.74,1.96,3,22,0
166285,66151,Self-Employed,743,2145104,11,23,15.85,1.71,3,25,0
89694,20651,Self-Employed,725,3474638,1,43,16.81,1.8,3,16,0
163868,42543,Self-Employed,675,1787075,14,38,8.75,0.84,2,27,0
186277,34159,Self-Employed,651,3323751,4,58,13.84,1.79,3,12,0
24265,4813,Salaried,770,2641822,6,55,10.54,0.62,3,15,0
52425,10486,Student,654,542503,8,35,11.74,2.7,2,19,0
156215,25855,Salaried,658,3546716,1,45,15.96,1.36,3,25,0
117478,26957,Salaried,714,4380972,7,57,10.32,2.64,3,22,0
42388,15706,Salaried,593,4767776,5,48,14.56,2.25,2,18,0
141519,11357,Self-Employed,618,1768562,5,30,14.72,2.42,2,25,0
34065,3199,Salaried,610,4333664,10,59,17.56,1.29,2,20,0
177947,6054,Student,744,3355107,3,37,15.86,1.07,2,18,0
94335,26312,Salaried,616,3850760,2,59,16.13,1.52,1,19,0
115963,40277,Salaried,723,1928266,14,42,13.55,0.56,2,20,1
41950,6240,Self-Employed,733,4612051,4,46,10.27,2.8,3,30,0
38834,1706,Salaried,743,1913907,12,45,12.54,1.47,3,24,0
20583,4897,Salaried,750,1863353,8,37,13.72,2.97,3,30,0
127652,11703,Salaried,671,2708492,10,33,14.94,2.4,3,22,0
48686,11445,Salaried,754,3067465,2,40,14.27,0.7,1,26,0
57818,2118,Self-Employed,716,2446629,10,45,12.24,2.15,1,13,0
54405,8243,Self-Employed,699,4872778,12,24,11.02,1.18,1,20,1
107850,19583,Salaried,705,1857317,9,30,10.1,1.11,3,10,0
171258,22813,Salaried,644,4060442,4,23,15.09,1.14,3,10,0
87104,19041,Self-Employed,677,804981,14,38,14.63,2.79,2,12,0
81766,17517,Student,748,4928274,8,56,15.03,1.75,2,24,0
186947,26081,Salaried,709,1639426,1,42,12.04,2.17,3,10,0
127564,42511,Salaried,765,1885068,6,54,10.99,1.2,2,25,0
17895,7131,Salaried,691,482941,13,28,15.72,1.81,2,26,1
93863,35474,Self-Employed,710,3976449,13,39,15.85,1.38,3,18,0
20269,6943,Salaried,787,4804489,6,57,12.83,1.3,1,14,0
29380,11360,Salaried,652,2414825,13,26,14.31,1.12,3,15,0
97987,6937,Self-Employed,745,2578474,9,46,12.05,1.52,3,24,1
128793,50742,Self-Employed,753,1463967,7,54,15.17,2.15,2,18,0
100711,3225,Self-Employed,731,4618672,9,26,16.44,1.06,2,12,0
91290,26655,Self-Employed,765,1101690,7,57,15.04,2.91,3,28,0
166100,55565,Self-Employed,726,2576297,2,53,13.37,0.81,1,30,0
87635,23760,Salaried,710,4112834,10,42,12.86,1.7,3,22,0
162147,36919,Self-Employed,737,4184608,14,41,14.6,0.71,1,22,1
196689,57473,Salaried,825,3792918,13,26,14.96,0.56,1,12,0
153454,55739,Self-Employed,681,2495738,5,26,13.81,2.81,3,29,0
76868,16727,Salaried,692,4784071,1,24,14.44,2.53,3,23,0
34585,5471,Salaried,646,1245344,1,50,9.42,2.24,3,11,0
66567,25693,Salaried,697,1819361,7,31,17.54,2.66,1,19,0
105697,35089,Salaried,653,444768,9,50,16.01,2.51,2,18,0
178996,23889,Salaried,753,4759751,8,51,12.05,2.12,1,22,1
47363,11468,Salaried,687,4586857,9,44,13.85,2.62,1,20,0
153925,12379,Self-Employed,616,3344900,3,29,8.95,1.48,1,11,0
26049,786,Self-Employed,775,274062,3,23,8.89,1.88,2,25,1
109774,25241,Salaried,719,4200579,4,51,10.88,2.44,1,14,0
192926,74797,Self-Employed,739,2292365,1,57,15.05,0.71,1,10,0
104353,29813,Self-Employed,731,4910345,8,56,16.6,2.65,1,17,0
26397,6031,Salaried,805,4084649,14,44,13.81,0.89,2,25,0
68785,19576,Salaried,687,2871058,4,51,13.56,2.66,1,23,0
125489,34305,Self-Employed,655,2104048,13,26,12.32,1.28,2,11,0
50709,10849,Self-Employed,570,3923691,4,22,10.04,1.32,2,27,0
198500,47894,Self-Employed,649,2807506,7,40,9.62,0.68,3,30,0
153561,26111,Student,684,3567778,2,48,15.73,2.71,3,16,0
102173,1996,Salaried,750,4591490,8,31,17.31,0.94,3,21,0
180637,22884,Self-Employed,672,3043220,11,24,12.85,2.08,2,24,1
180250,12665,Salaried,741,3521888,10,35,14.76,2.11,3,11,0
121311,34409,Self-Employed,734,2176861,10,26,17.19,1.2,3,26,1
15363,2166,Salaried,669,2926262,4,50,9.36,2.96,3,20,0
138745,30825,Self-Employed,718,4640723,2,58,15.82,0.66,2,11,0
83619,21584,Salaried,658,3846234,9,22,14.36,2.02,1,28,1
185824,2567,Salaried,729,1296729,5,35,14.19,1.7,3,14,1
38331,6620,Self-Employed,707,1894053,5,31,11.28,1.11,3,26,0
89205,27302,Self-Employed,578,4841126,7,28,15.0,0.91,3,25,0
126001,46501,Salaried,707,2841241,7,46,16.05,2.34,3,22,0
186397,62514,Self-Employed,707,2811623,3,25,9.57,2.79,2,22,1
36751,69,Salaried,631,2958087,12,26,13.57,0.77,1,22,0
54263,10187,Salaried,729,4367293,9,46,9.46,0.98,1,14,0
192897,24600,Salaried,758,2985012,2,24,16.79,2.97,3,14,0
101450,29553,Salaried,689,1748413,14,39,13.32,0.54,1,29,1
196789,32427,Student,674,852009,4,40,16.18,1.77,3,28,0
173761,11154,Self-Employed,629,4265645,3,53,12.0,1.79,3,16,0
61330,19765,Salaried,652,1981375,5,40,9.69,1.16,1,20,0
173901,25938,Salaried,690,2137001,8,32,8.89,2.16,1,10,0
155537,3326,Self-Employed,694,3423694,5,21,11.17,2.86,2,16,1
198383,13515,Salaried,719,418893,12,46,10.82,1.63,3,12,1
58790,3044,Self-Employed,631,333816,5,34,13.82,2.37,1,22,1
15654,5481,Salaried,708,2774903,12,58,8.71,2.12,2,12,0
23446,5262,Salaried,728,2122171,10,57,13.45,1.68,1,15,0
133422,22356,Salaried,664,1250346,7,31,12.22,0.62,1,24,0
199982,35450,Salaried,731,4185247,5,56,13.98,2.35,3,13,0
121379,30297,Self-Employed,665,2082623,1,33,15.17,1.41,2,14,0
156835,3908,Self-Employed,689,3843092,2,23,14.52,1.06,3,12,0
98788,31334,Student,738,3640511,10,53,17.85,2.87,1,28,0
57025,8613,Self-Employed,654,4873416,6,26,9.81,2.43,2,30,0
88948,3666,Salaried,639,1609049,12,30,12.58,2.91,3,25,1
30198,3985,Salaried,693,3199409,4,25,12.54,1.14,2,26,0
130260,42292,Salaried,681,1856242,14,43,12.46,2.59,1,18,0
23417,4200,Salaried,685,1582337,12,30,14.81,2.02,2,18,0
186635,11332,Salaried,828,966992,7,22,13.15,2.95,1,23,1
72104,18799,Salaried,789,4577549,6,33,13.42,2.87,3,20,0
141083,8624,Salaried,739,3189782,7,22,12.61,2.93,1,19,1
52335,3815,Salaried,685,2267127,3,40,17.92,2.88,1,14,0
117326,11991,Salaried,704,1531177,9,21,17.31,0.52,2,13,1
104626,40387,Salaried,692,4638226,6,57,11.42,2.35,2,20,0
144526,38523,Salaried,716,3868806,5,29,9.56,1.18,3,15,1
27126,7211,Salaried,726,1928166,12,37,16.48,2.26,2,11,0
120364,15504,Salaried,676,1922204,3,29,17.97,2.95,3,12,0
70501,20541,Student,791,1056891,7,31,11.28,0.6,1,27,0
130267,14017,Salaried,705,3724153,9,35,11.9,1.92,1,27,0
130140,44921,Student,790,336100,8,44,17.45,2.34,2,16,0
125310,3149,Salaried,682,1335844,1,58,15.26,1.13,1,30,0
60124,3129,Self-Employed,695,2701813,11,55,11.31,1.06,1,22,0
80184,16012,Self-Employed,644,3169712,14,50,14.02,0.65,3,22,0
100936,36643,Self-Employed,580,194454,10,51,17.47,0.73,2,15,0
133910,4175,Student,675,4974374,4,25,16.21,2.14,3,12,0
48461,8347,Salaried,690,4224904,13,34,15.55,1.76,1,19,0
88568,17794,Self-Employed,614,2373176,8,31,15.5,0.58,1,30,0
134020,33765,Salaried,791,3908804,13,29,10.19,2.92,1,14,0
97768,10748,Self-Employed,688,4791330,8,54,16.33,2.14,2,20,0
56662,20009,Salaried,702,4072529,14,32,11.12,1.79,1,13,0
41128,8949,Salaried,727,567200,7,55,17.34,1.18,1,19,0
158788,52611,Salaried,825,3564674,8,55,11.96,2.15,3,13,0
145193,21560,Self-Employed,697,2258977,1,21,16.65,1.41,2,22,0
167192,19790,Salaried,696,1220642,13,42,11.03,2.26,1,17,0
51160,19156,Salaried,691,2612688,10,49,13.39,2.21,3,15,0
110377,42863,Self-Employed,703,3393014,1,28,9.52,0.73,1,20,0
172255,27445,Student,723,4129430,4,31,14.77,2.77,3,11,0
77501,14266,Salaried,749,4803954,2,57,16.44,1.72,1,27,0
141683,9219,Self-Employed,685,3159823,9,34,15.33,1.48,2,27,0
152450,19149,Self-Employed,643,3812853,7,50,13.47,2.89,2,21,0
94872,22200,Salaried,746,1858516,12,55,8.93,1.6,3,26,0
106493,6523,Salaried,696,1652525,12,41,17.37,2.3,1,28,1
118619,10566,Self-Employed,718,4950318,3,57,15.2,2.14,2,26,0
85134,32886,Student,699,4018178,14,25,15.59,0.91,1,13,0
98021,20805,Self-Employed,687,4667631,3,39,16.05,2.98,2,26,0
104941,11826,Salaried,760,2813779,10,34,15.6,1.66,3,25,0
118475,26569,Salaried,623,2831460,8,46,12.69,1.49,2,18,0
31535,954,Salaried,628,2188421,3,24,15.47,2.8,1,20,0
38147,12760,Self-Employed,594,3920019,14,45,14.44,1.82,1,21,0
78749,5904,Self-Employed,672,3296849,9,45,16.61,2.26,1,20,0
56025,13107,Salaried,666,4338506,10,38,16.12,2.62,3,22,0
139010,51638,Student,713,1028534,7,28,8.89,1.09,3,17,0
124236,7435,Salaried,714,4052761,1,59,12.1,0.92,1,23,0
149479,33407,Salaried,689,1461910,5,34,8.83,0.67,1,27,0
51713,10401,Salaried,611,1925530,13,52,9.47,2.74,2,23,0
114397,3880,Salaried,717,3734815,9,58,14.21,1.0,2,25,0
196798,48784,Salaried,657,2581196,7,53,16.8,1.27,2,24,0
196413,19073,Salaried,712,1512108,8,43,9.64,1.21,1,29,0
61705,23790,Salaried,739,1300469,6,35,12.79,1.26,2,16,1
88181,29150,Salaried,647,4356219,2,53,17.15,2.17,1,17,0
41639,162,Salaried,654,3308881,14,45,16.24,2.89,3,15,0
111058,22340,Self-Employed,744,4579943,13,37,13.44,1.32,2,22,0
149457,55788,Salaried,718,3897593,5,53,15.83,1.52,1,26,1
181340,25563,Self-Employed,756,3088783,13,22,13.47,2.43,1,17,1
48785,18610,Salaried,718,4816589,3,34,10.0,1.58,3,20,0
50187,6240,Salaried,676,742289,11,59,9.68,2.82,3,26,0
52201,14016,Salaried,630,602226,12,26,10.29,1.76,3,18,0
76720,7210,Salaried,672,988193,14,26,11.83,1.37,3,11,0
114273,8772,Self-Employed,696,3191537,12,23,17.34,2.93,2,19,1
194614,14345,Student,665,1511742,6,27,16.1,1.56,3,30,0
130074,33737,Self-Employed,623,2128937,13,28,12.61,1.08,1,23,1
59377,2302,Salaried,654,4201951,1,35,13.18,0.94,1,11,0
40523,14382,Self-Employed,643,2810911,7,49,11.02,2.99,1,14,0
137689,16821,Salaried,700,2233525,14,53,15.19,2.38,1,26,0
19551,2823,Salaried,786,4718223,6,50,16.13,1.52,1,17,0
44685,9663,Self-Employed,705,4434241,9,59,10.77,2.57,3,27,0
76192,27918,Self-Employed,790,1784428,6,47,8.9,1.87,1,17,0
122044,46421,Salaried,693,284085,12,56,14.43,1.29,3,21,0
158518,30733,Student,728,1540424,9,49,13.84,2.36,3,23,0
118002,26572,Self-Employed,759,2350457,7,58,12.32,2.36,3,12,0
64434,1081,Salaried,792,1830248,9,53,14.62,1.75,3,23,0
122648,15958,Salaried,642,1557394,6,57,13.73,0.61,2,13,0
179404,69206,Self-Employed,723,4158949,5,47,10.88,0.69,2,10,0
24583,1235,Student,630,996803,13,53,12.28,2.47,2,18,0
19141,6966,Salaried,752,4380453,12,24,12.57,2.56,2,23,0
74902,5577,Student,700,609119,11,42,16.86,2.2,2,19,1
143949,48334,Salaried,781,2895376,10,22,17.63,2.6,1,27,0
163778,22340,Salaried,711,4484921,2,30,16.98,2.3,2,19,0
29650,3787,Salaried,697,197631,2,25,15.33,2.74,1,16,1
27191,1667,Salaried,795,3510096,12,30,14.06,0.88,1,17,0
118535,40733,Salaried,723,1611014,9,53,15.05,1.47,3,23,0
83178,1600,Salaried,690,801972,5,58,17.42,1.66,3,13,0
123835,10931,Self-Employed,653,2407681,9,33,10.87,1.24,3,20,0
115417,1044,Salaried,686,1595288,14,51,13.58,2.31,2,19,0
70809,22259,Salaried,638,999133,11,56,15.05,2.78,1,26,0
100945,11110,Self-Employed,654,3060129,4,44,14.95,1.53,2,14,0
135198,24845,Salaried,663,1814688,10,35,10.9,2.85,3,19,0
83681,27818,Self-Employed,706,3847920,4,49,14.07,1.79,3,19,0
47317,9244,Self-Employed,694,1559837,9,28,16.06,1.81,1,16,0
134415,49833,Self-Employed,696,3219451,7,25,13.01,2.0,1,26,1
41498,13161,Salaried,684,2178825,4,49,16.04,1.17,3,29,0
108144,23525,Self-Employed,692,2066307,5,24,11.92,1.46,2,21,0
22265,6379,Self-Employed,662,948628,13,32,17.42,1.88,2,14,1
155319,23840,Salaried,670,2757929,9,22,13.57,2.85,1,14,0
21041,4675,Salaried,685,2295772,7,47,14.16,2.11,3,13,0
130158,30337,Student,710,2840353,13,51,8.8,1.33,2,16,0
121553,47915,Self-Employed,650,632314,9,56,10.12,0.53,1,11,0
160693,11334,Salaried,711,754824,14,56,14.51,2.95,1,10,0
32194,10427,Salaried,649,4812315,1,46,12.49,1.73,1,19,0
91298,2147,Salaried,682,3837132,12,47,13.33,2.85,2,10,0
90361,21304,Student,724,4087746,4,25,9.1,1.87,1,22,0
155562,21252,Self-Employed,716,1410573,3,40,16.42,2.01,2,26,0
87361,12454,Self-Employed,707,4285040,3,31,15.95,2.28,1,18,0
121080,8558,Salaried,697,726935,5,30,10.26,1.3,2,13,1
156172,60356,Salaried,708,2145637,13,58,14.53,2.25,3,18,0
184578,67306,Student,685,3961372,7,26,16.27,1.82,2,16,0
172359,65472,Salaried,706,3229888,6,28,14.59,2.18,3,11,0
97597,105,Salaried,731,3956377,1,43,11.45,2.59,1,27,0
143924,19641,Student,780,1376325,6,46,14.73,0.96,2,30,0
90403,3981,Salaried,646,1115560,13,32,10.5,2.03,1,24,0
147596,52918,Salaried,706,2212766,4,46,11.52,0.63,3,19,1
60836,8417,Salaried,667,1032014,10,33,10.78,0.76,1,26,1
124381,27382,Salaried,783,284898,3,38,13.79,2.19,1,16,0
192523,45890,Self-Employed,741,4182443,13,45,9.53,0.68,1,20,0
72676,11560,Salaried,651,1083388,8,53,17.37,1.99,3,16,0
48123,9718,Self-Employed,722,2387422,12,32,11.67,1.05,3,20,0
82560,13503,Self-Employed,719,2754114,2,56,10.58,1.26,2,24,0
74557,1906,Self-Employed,714,4587112,1,24,13.22,0.82,2,28,0
137357,15193,Self-Employed,697,3042933,7,25,11.13,1.12,2,28,0
175576,37146,Self-Employed,693,2591083,13,57,13.58,2.55,2,19,0
158738,62119,Salaried,729,3339986,12,28,11.81,2.1,1,25,1
20057,3319,Salaried,724,4723802,5,48,9.75,2.87,3,29,1
44680,5057,Salaried,702,498934,14,51,11.03,0.62,3,17,0
62218,6363,Salaried,711,873271,9,29,12.67,2.48,1,10,1
71321,870,Salaried,861,871939,13,49,8.79,2.25,2,11,0
110251,23806,Salaried,726,3982613,9,34,15.82,1.15,3,19,0
25976,818,Self-Employed,750,671458,12,42,14.41,2.32,1,19,1
108789,30980,Salaried,621,1373957,3,31,14.21,2.29,1,19,0
156779,34206,Salaried,728,2846647,6,43,13.69,1.65,2,18,0
50031,10161,Salaried,750,138780,13,21,14.11,2.22,2,27,1
102640,14591,Salaried,727,4245031,12,57,17.38,1.61,3,11,0
127113,22998,Salaried,712,4076352,5,41,8.58,1.34,3,14,0
174912,13265,Salaried,659,725899,7,46,8.95,1.67,2,30,1
155287,39385,Salaried,751,1254656,1,56,10.32,2.74,3,20,0
39976,15638,Salaried,739,4604704,10,43,10.09,1.46,2,15,0
124331,7860,Salaried,536,4696637,1,21,10.22,1.51,1,17,0
86185,9120,Student,659,2227040,3,35,14.88,2.02,1,17,0
56954,8804,Student,829,318116,11,41,12.87,2.38,1,19,0
169841,25020,Salaried,762,1970382,1,29,17.92,2.34,3,20,0
122791,24290,Salaried,807,209472,5,29,10.66,0.55,2,28,1
140155,23535,Salaried,791,3199783,11,30,11.45,2.22,1,23,1
114976,28251,Salaried,641,4060086,1,46,17.85,1.63,1,20,0
114525,35628,Self-Employed,736,4259689,9,55,16.4,1.81,3,12,0
51021,3782,Salaried,766,2400876,10,45,12.96,1.9,3,10,0
195109,3513,Salaried,656,1798076,6,46,13.77,2.33,1,30,1
46007,8529,Salaried,547,571397,10,31,16.51,2.58,3,12,0
132595,52066,Salaried,678,308480,7,58,13.07,2.12,3,18,0
93422,16779,Salaried,787,2623937,11,22,10.46,1.91,3,10,0
116505,28942,Self-Employed,746,762917,2,27,16.37,1.43,3,21,0
178898,30297,Student,597,668119,13,38,13.61,0.84,2,21,0
51113,18870,Salaried,817,594653,6,47,9.95,2.9,3,15,1
100474,12682,Salaried,759,1800093,8,54,13.3,1.65,3,17,0
15294,20,Self-Employed,817,657317,5,47,12.43,1.92,2,12,1
135811,17558,Salaried,631,1086658,3,37,16.83,2.38,3,30,1
146001,46737,Salaried,664,3662914,1,44,9.7,0.67,3,20,0
74946,7262,Salaried,853,3880371,12,45,16.81,2.64,1,20,0
146841,17806,Salaried,768,4917920,7,27,13.37,2.49,1,14,0
54339,5072,Salaried,688,1031271,6,26,12.34,2.44,1,16,1
196294,74702,Self-Employed,681,2707303,1,44,10.04,0.55,2,28,0
36323,5432,Salaried,706,557553,11,53,15.16,1.82,3,16,0
126266,26739,Student,724,3248747,11,49,17.3,0.64,2,19,0
181353,20187,Salaried,699,2539799,4,42,12.07,1.88,2,17,0
70556,992,Self-Employed,667,4641901,8,46,10.8,2.3,3,30,0
19782,1305,Self-Employed,719,4038571,7,48,13.77,0.8,3,30,0
148595,9677,Salaried,677,3593525,4,41,16.06,2.24,1,23,0
65539,11375,Salaried,514,2929198,10,27,8.54,1.62,3,10,0
188650,74991,Salaried,787,344358,7,37,14.5,2.53,2,22,0
17413,1313,Self-Employed,783,3364479,13,40,14.17,1.83,1,15,0
94731,15762,Self-Employed,715,287902,11,40,11.52,1.34,2,15,1
16214,4419,Self-Employed,807,1569598,14,42,12.79,1.33,3,30,0
140266,22301,Salaried,744,4872884,9,48,10.85,2.74,1,14,0
69703,15051,Salaried,749,2790936,2,27,16.0,1.63,3,12,0
143713,737,Student,629,3670597,12,21,14.53,1.51,1,21,0
36630,7271,Salaried,702,4922691,1,52,13.56,0.6,1,24,0
82359,6852,Salaried,770,1375831,9,33,12.23,1.41,1,12,0
133920,39287,Self-Employed,646,4280061,8,50,11.27,2.62,3,25,1
73645,11914,Self-Employed,751,976502,11,43,16.32,2.4,1,27,0
196549,36901,Salaried,708,2437807,12,39,12.79,1.05,1,18,1
149304,36526,Salaried,842,257580,9,52,13.26,1.53,3,17,0
38664,4060,Salaried,608,3981895,3,50,13.45,0.99,2,20,0
162520,9491,Salaried,730,4040919,10,49,12.76,2.89,3,12,1
50010,3083,Student,682,4281797,4,49,10.93,2.0,3,14,0
107377,28365,Self-Employed,725,1200311,1,50,9.64,2.39,1,19,1
95771,33547,Self-Employed,736,1331258,7,36,9.44,2.28,3,14,0
126695,36486,Salaried,636,2621703,1,39,15.7,2.68,3,17,0
47959,13306,Salaried,720,1057705,8,38,10.62,2.87,3,15,0
93177,30028,Self-Employed,673,1966195,9,21,9.03,0.58,1,30,0
60712,6273,Salaried,576,943150,8,34,16.08,2.94,3,25,1
26539,1736,Salaried,616,3990063,14,22,9.96,2.68,1,21,0
114318,26708,Salaried,730,3387013,5,48,14.44,1.46,3,26,1
53744,17778,Salaried,705,2757430,7,50,11.72,2.59,1,17,0
18650,4157,Salaried,656,1130701,8,58,9.7,2.34,1,13,0
181490,47085,Salaried,748,2400959,14,24,12.44,2.48,3,30,0
21895,1159,Self-Employed,756,1708332,2,21,8.64,1.05,2,26,0
53032,17615,Self-Employed,690,4124999,8,28,16.49,2.12,3,12,0
30540,2908,Salaried,746,2026230,10,49,13.38,0.56,2,27,0
127223,46936,Self-Employed,680,2033438,6,59,9.82,2.62,1,25,0
43074,11426,Salaried,746,1336353,8,23,10.75,2.88,2,11,1
175637,63321,Salaried,611,1711342,11,52,12.76,2.16,2,22,0
129296,41803,Self-Employed,709,4936202,13,30,10.29,1.78,1,10,0
22213,2835,Salaried,665,613889,2,30,11.05,2.31,2,12,1
106239,14496,Self-Employed,704,3294998,10,39,13.58,1.32,3,10,0
119470,28205,Self-Employed,664,885544,13,54,16.41,2.07,2,11,0
39485,7379,Self-Employed,636,4056714,10,53,12.32,2.3,1,28,0
18985,2092,Salaried,658,1070346,14,43,15.31,0.86,2,12,0
86327,8458,Self-Employed,712,3616881,4,48,16.83,0.85,1,10,0
187903,42933,Self-Employed,703,4347255,3,52,10.55,2.29,1,18,0
87178,19775,Salaried,732,2386038,1,27,16.17,1.58,3,17,0
24964,877,Salaried,699,62336,4,49,15.7,2.72,1,14,0
90379,25112,Student,703,1182870,1,28,11.89,1.28,2,10,0
199087,68936,Salaried,641,4281614,4,21,17.9,0.61,3,24,0
181328,38889,Salaried,767,3877233,7,23,10.99,2.12,3,26,1
96948,25596,Salaried,735,1139100,5,44,10.92,2.21,2,24,1
173635,36370,Self-Employed,688,831608,14,43,15.84,1.88,2,17,1
31956,7705,Salaried,666,1590710,3,28,12.63,2.21,3,30,0
133428,15210,Salaried,813,1249728,9,57,11.64,1.81,1,12,0
185781,59846,Student,657,4559408,1,23,10.2,2.23,3,18,0
132265,48137,Salaried,603,2983811,3,53,15.77,0.61,3,29,0
21861,604,Salaried,666,2416361,5,48,15.97,1.42,3,23,0
73876,23704,Salaried,783,1714005,4,28,13.88,1.03,1,15,0
117390,31320,Self-Employed,654,4071926,4,54,17.59,0.75,2,29,1
154491,47952,Student,710,4999331,13,55,11.52,1.09,2,13,0
69615,11736,Self-Employed,677,2154385,6,52,10.59,0.98,2,21,0
125545,38549,Salaried,659,3405000,14,44,14.94,2.93,1,12,0
142602,26205,Salaried,577,3741198,14,34,15.7,1.22,1,12,0
31043,2986,Salaried,750,3459747,11,52,10.64,1.08,2,30,0
147425,26986,Self-Employed,821,4445223,12,36,9.23,2.59,2,26,0
162478,10394,Salaried,661,1273045,2,24,16.2,1.55,2,15,1
116975,28312,Salaried,740,3738498,8,57,17.78,1.55,2,24,0
69213,15605,Student,735,2992905,12,41,14.62,1.61,1,20,0
78755,3241,Self-Employed,736,2677014,11,34,11.14,1.54,2,27,0
57782,5920,Self-Employed,696,106572,9,51,17.97,1.32,3,12,0
50201,3301,Salaried,662,1848954,6,38,16.99,1.22,2,26,0
140758,5322,Self-Employed,743,762494,9,27,13.38,2.7,1,20,1
135902,21390,Self-Employed,690,1370307,9,30,16.34,0.9,3,15,0
153905,52038,Salaried,659,128113,8,27,16.25,0.95,3,14,1
182809,24124,Self-Employed,679,4043687,4,53,17.38,1.93,3,19,0
100395,11345,Self-Employed,666,1183859,5,43,16.49,1.36,1,11,1
50771,14174,Salaried,744,264223,8,41,14.61,1.55,2,24,1
119885,29377,Salaried,805,4867842,3,39,14.29,2.52,1,20,0
186172,4944,Salaried,718,2276217,12,39,12.94,2.76,1,23,1
130074,3258,Salaried,681,2949359,10,56,14.45,2.48,3,23,0
199704,55,Self-Employed,765,3917293,8,49,16.05,1.09,3,12,0
164594,11656,Self-Employed,754,743812,3,38,17.71,2.95,1,25,1
76607,16940,Salaried,685,3739638,9,22,12.94,1.41,3,23,0
161479,29309,Salaried,690,574658,5,21,13.95,0.92,1,19,1
41613,14500,Salaried,619,3707919,10,25,12.73,1.75,3,17,0
79839,9148,Salaried,756,908811,2,40,14.85,2.31,2,21,1
58209,9719,Salaried,707,2903507,13,31,14.48,0.71,2,14,0
129682,6849,Self-Employed,720,2728306,9,22,8.67,2.09,2,22,0
46113,17216,Self-Employed,672,1314008,12,23,13.64,2.65,3,21,0
86492,13928,Salaried,702,1693063,7,43,9.34,1.15,3,12,1
198258,44648,Salaried,649,4794353,9,32,8.75,2.23,2,26,0
199544,4677,Salaried,811,1931934,8,40,16.02,1.5,1,29,1
143027,53693,Salaried,781,667423,3,25,10.96,1.54,1,14,0
183361,33892,Salaried,713,1515088,7,57,11.74,1.2,2,15,0
41382,11139,Salaried,698,4325542,9,58,9.11,2.06,3,22,0
27397,8111,Salaried,600,227216,13,50,10.21,1.4,1,15,0
191719,10974,Student,771,1879484,11,29,15.77,2.58,1,22,0
149028,8077,Salaried,688,3759726,1,54,13.19,2.91,1,24,0
122412,29388,Salaried,683,2444820,6,55,16.87,2.84,3,11,0
33320,12234,Salaried,694,1399987,6,42,12.27,0.91,1,20,0
92186,30984,Self-Employed,772,3453209,2,44,11.05,0.54,1,25,0
62965,19733,Salaried,730,2828217,12,37,11.8,1.6,2,27,0
48351,12719,Self-Employed,672,3940702,5,30,15.27,2.32,3,11,0
182241,46404,Self-Employed,680,2999908,2,50,13.77,2.94,2,19,0
17889,1377,Salaried,648,3974845,3,43,17.09,2.46,1,22,0
22612,2492,Salaried,753,938976,3,52,14.22,1.95,3,17,0
49629,14142,Salaried,685,4789023,14,37,13.18,0.57,3,16,0
184087,31385,Self-Employed,722,4818424,4,37,15.96,2.56,2,25,0
87204,9921,Salaried,683,4122091,13,34,17.5,0.94,2,26,0
138852,19230,Self-Employed,623,4707448,2,29,11.88,0.64,3,18,0
165453,55673,Salaried,757,109072,9,22,10.87,2.63,3,17,1
81691,10082,Self-Employed,696,3990008,3,45,14.35,1.92,2,29,0
111494,35233,Salaried,761,1372014,10,59,13.24,0.82,1,14,0
125777,27775,Self-Employed,613,2949675,8,29,17.9,1.47,3,14,0
65411,8190,Salaried,838,2823219,1,42,12.89,0.71,1,22,0
197792,15037,Self-Employed,638,1990483,11,24,9.21,2.1,2,25,0
102086,93,Student,776,1311402,5,46,17.79,1.21,3,20,0
185491,56131,Salaried,800,2376344,13,49,16.51,2.67,2,24,0
43261,8297,Salaried,731,3149449,3,54,10.19,1.39,3,26,0
71176,19532,Salaried,704,4177436,10,43,17.09,1.74,3,24,0
121637,17276,Salaried,669,581598,1,57,11.74,0.66,2,21,0
137013,50621,Salaried,720,3374353,1,31,12.08,1.19,2,13,0
137611,5122,Salaried,685,3585443,14,26,17.11,2.19,1,13,0
131912,34878,Salaried,708,985709,11,38,13.54,2.34,2,30,0
36329,5374,Salaried,582,3303965,14,41,9.81,1.11,2,25,0
50645,4083,Self-Employed,706,1051720,6,56,12.01,1.76,1,24,0
79222,1725,Self-Employed,662,1800866,2,58,15.36,2.54,2,17,0
47583,14893,Self-Employed,684,62120,8,54,10.15,1.45,1,30,0
20295,4076,Student,599,2103902,1,37,14.11,0.83,1,29,0
36605,12597,Self-Employed,706,2974553,1,57,15.11,1.58,2,17,0
77784,17114,Self-Employed,736,4960662,3,45,11.77,2.0,1,20,0
189428,37134,Salaried,662,3265400,7,58,15.09,0.52,1,30,0
104110,26902,Salaried,666,4840280,13,32,16.9,1.37,1,26,0
102858,7999,Self-Employed,716,2660366,3,43,12.99,2.02,2,12,0
96718,36558,Salaried,780,2921712,8,42,12.14,2.88,2,16,1
108823,3688,Salaried,732,1842363,11,41,10.89,1.52,1,21,0
72745,19037,Salaried,618,2552884,4,47,14.24,0.91,2,10,1
151984,21514,Student,651,1107880,3,51,16.86,1.84,3,20,0
85320,9472,Salaried,720,1357066,8,26,11.58,1.21,1,14,0
40192,15842,Salaried,612,4856799,1,47,12.26,1.04,3,15,0
31365,256,Salaried,687,4915368,10,54,12.36,1.98,2,23,0
68517,1244,Salaried,713,504529,11,32,13.83,2.79,3,26,1
78190,16880,Salaried,650,589203,14,27,10.67,2.59,2,12,0
142337,22620,Self-Employed,714,344768,10,30,16.31,0.96,2,13,0
178030,1695,Salaried,636,4687452,12,37,11.31,2.41,1,10,0
184708,10839,Salaried,609,1998058,12,46,15.2,1.07,3,13,0
112919,39963,Salaried,710,915630,12,41,13.38,1.23,1,23,0
194428,1789,Salaried,722,4100501,8,48,14.07,2.8,3,30,1
32357,7083,Student,749,1085598,7,22,10.21,2.78,2,16,0
153761,3567,Self-Employed,687,1120804,4,21,15.48,0.92,2,30,0
21475,1774,Salaried,691,3627643,6,56,10.29,0.66,1,16,0
168817,1245,Self-Employed,635,367798,7,46,9.58,1.23,3,10,0
73601,15082,Self-Employed,695,4709014,9,49,13.69,1.95,3,11,0
172826,60194,Salaried,717,3969736,3,41,15.24,2.69,2,12,0
128759,17157,Salaried,676,4226852,1,31,8.98,0.8,1,27,0
85880,4507,Salaried,739,3782238,6,31,9.16,1.54,2,20,0
169468,12755,Self-Employed,672,3385705,2,56,16.13,1.18,2,21,1
157326,4018,Self-Employed,691,1657245,12,59,16.19,0.54,1,23,0
199332,43306,Self-Employed,704,4768740,11,55,10.83,2.47,3,18,0
166212,60653,Salaried,664,4254099,12,54,14.34,2.53,3,19,0
118107,11672,Student,732,3362750,2,44,12.71,1.05,2,22,0
44381,2586,Salaried,764,1050294,3,42,14.51,0.88,3,12,0
175552,47780,Self-Employed,523,3500375,6,25,16.7,0.86,1,18,0
76358,15321,Salaried,687,4823598,7,53,9.26,1.66,3,11,0
60798,11735,Student,724,4634470,13,56,15.89,1.12,3,17,0
97600,30563,Salaried,722,2429093,12,40,13.18,1.78,2,16,0
62176,16105,Salaried,702,747389,8,39,13.86,1.46,3,18,1
156519,30624,Salaried,670,2899310,12,55,14.71,1.03,1,22,0
63002,19317,Self-Employed,696,2004702,2,37,17.26,2.38,2,16,0
30167,5830,Self-Employed,780,2532266,7,54,9.04,0.88,1,16,0
168463,4611,Self-Employed,741,1243728,11,29,8.78,2.5,3,10,0
111213,20874,Salaried,727,3968446,10,46,10.19,1.9,3,11,1
109348,40200,Salaried,604,4174741,1,22,17.87,2.58,2,30,0
166756,57911,Salaried,685,3005251,14,29,15.29,0.51,1,26,0
76305,12612,Salaried,708,1068143,2,29,14.34,2.37,3,19,0
67137,559,Salaried,710,2507856,1,37,8.95,0.63,3,24,0
15037,2072,Salaried,671,671531,1,21,16.85,2.88,2,25,0
49600,15517,Salaried,703,4033063,6,45,16.22,2.26,3,30,0
80792,671,Salaried,731,1411968,3,45,14.82,1.3,3,22,0
183369,54273,Salaried,725,2169228,1,59,11.72,1.3,3,30,0
102483,2963,Salaried,759,4389242,9,55,9.17,2.65,1,17,0
120649,32813,Salaried,775,2352743,13,23,14.01,2.76,1,18,0
79591,13025,Salaried,683,2000408,6,57,15.34,2.73,1,10,0
143381,45656,Self-Employed,633,2815013,10,50,9.4,2.52,3,13,0
51382,10251,Salaried,677,1768303,9,58,14.52,2.55,2,27,0
158074,62644,Self-Employed,701,883142,1,54,11.22,1.93,2,10,0
71221,20194,Salaried,642,401637,5,32,15.76,0.57,2,12,1
131850,46874,Salaried,685,2368292,10,39,13.63,0.72,1,19,0
84778,20601,Salaried,694,3968198,10,57,9.73,2.12,1,11,0
195891,69035,Salaried,758,739317,5,37,13.5,1.5,1,27,0
136292,25034,Salaried,706,2270943,11,30,12.26,1.92,1,11,1
140291,32839,Salaried,710,2509622,8,32,10.21,1.08,3,22,0
77451,12940,Salaried,657,1265442,13,36,16.49,2.12,2,30,0
184809,2620,Salaried,791,4297328,14,44,8.6,1.11,2,18,1
32824,765,Salaried,729,98926,13,39,11.47,1.65,1,11,0
92870,15835,Salaried,738,3498281,6,28,8.62,1.7,2,11,0
15840,5681,Self-Employed,729,711259,7,51,9.41,0.94,2,14,0
144789,41924,Salaried,720,3068967,7,41,11.32,2.69,1,23,0
198206,6083,Salaried,831,1085211,1,37,9.02,1.81,1,12,1
127148,42321,Salaried,679,4113903,10,43,14.17,2.67,1,23,0
50790,18244,Salaried,737,3455851,5,57,9.33,1.16,1,10,0
188748,9475,Salaried,786,4637281,1,36,15.17,0.93,3,18,0
130188,18617,Salaried,709,1176018,3,26,9.0,0.55,2,25,1
64752,13411,Salaried,716,1018410,1,28,9.06,0.73,3,26,0
19482,1494,Salaried,655,744934,4,45,11.4,0.87,2,17,0
22338,5241,Self-Employed,733,3734334,7,38,17.02,0.7,3,24,0
198744,76860,Salaried,624,922109,1,45,14.59,2.74,1,30,0
120338,40077,Self-Employed,706,1960155,7,32,15.82,2.78,3,17,0
172088,11936,Self-Employed,745,2260846,9,35,9.84,2.84,1,16,1
196088,23244,Salaried,689,3780864,12,46,16.42,2.9,1,18,0
110852,25567,Salaried,700,3313457,1,46,8.58,1.73,3,11,0
38671,66,Salaried,721,1008395,2,52,10.52,1.83,2,19,0
54220,17158,Salaried,739,3419415,4,30,14.35,0.83,3,14,0
99932,39032,Student,708,4066899,7,36,12.06,0.84,1,25,0
81720,24864,Salaried,646,4706630,8,27,17.85,2.43,1,30,0
151278,56401,Salaried,671,3165848,3,37,8.79,2.64,2,10,0
139121,46728,Self-Employed,742,599391,8,43,17.99,2.46,2,15,0
65044,24962,Self-Employed,652,3297727,5,46,14.42,2.59,2,19,0
161222,54165,Salaried,747,2622703,5,41,13.81,1.19,1,19,0
115819,25671,Salaried,616,2926673,3,42,9.07,1.67,3,28,0
100481,36584,Salaried,625,1058507,9,27,11.1,1.65,2,22,0
93210,22353,Salaried,786,1682748,9,34,17.28,2.99,1,28,1
117572,19285,Salaried,651,4970791,14,35,11.87,2.87,3,12,0
173278,20256,Salaried,659,942743,9,27,14.79,2.0,2,22,0
181229,19937,Salaried,622,995161,14,29,18.0,0.84,3,13,0
190963,6780,Self-Employed,815,103010,5,28,11.0,1.15,3,17,0
135840,49608,Self-Employed,689,4124411,9,43,13.97,1.41,1,21,0
170855,46716,Salaried,660,713478,5,49,15.12,2.68,1,26,1
118088,15185,Self-Employed,702,1863948,8,38,10.06,0.93,1,10,0
45020,9910,Salaried,650,1678782,2,51,9.91,1.05,3,11,0
175527,38735,Self-Employed,725,4600056,7,50,12.83,1.37,2,18,1
49622,11631,Salaried,689,4955779,13,59,12.17,2.82,2,10,0
163112,44772,Student,741,2342056,13,55,15.29,1.76,2,28,0
41372,6312,Self-Employed,657,4411707,9,38,9.16,2.12,1,26,0
26292,6182,Salaried,764,3821414,7,59,17.74,1.47,2,14,0
115588,37820,Salaried,601,4235727,5,37,8.64,0.97,2,24,0
79373,20067,Salaried,670,97361,8,34,14.21,1.06,1,29,0
133906,14677,Self-Employed,765,1765979,4,51,13.85,2.51,2,21,0
164598,9340,Salaried,714,1459277,7,44,9.78,2.73,2,13,1
137366,6212,Salaried,587,1011743,5,55,9.93,1.73,2,24,0
25532,6476,Self-Employed,700,3524412,14,54,16.03,1.39,3,12,0
15209,887,Salaried,737,2508884,13,23,16.93,2.52,3,23,0
20607,3202,Salaried,701,3647326,8,57,11.19,2.18,1,13,0
171189,33617,Salaried,658,443545,12,46,12.66,0.6,1,28,1
53034,4354,Salaried,754,1971166,1,43,11.87,1.38,3,15,0
19722,1388,Salaried,646,2582000,5,59,9.19,2.21,1,26,0
39154,3670,Salaried,765,1478931,7,35,14.9,1.93,1,27,0
52763,17885,Salaried,761,3238027,14,24,16.34,2.95,2,17,0
144188,11542,Salaried,706,1908777,2,49,11.4,2.67,1,28,0
196553,13435,Salaried,719,1865599,7,42,17.91,0.65,1,29,0
118606,46514,Salaried,712,534103,6,45,9.22,2.31,2,21,0
147232,22361,Salaried,741,3569065,11,33,14.79,1.34,2,26,0
16095,5901,Salaried,682,1636987,5,38,12.76,2.21,3,28,0
60278,19231,Salaried,652,313356,2,53,12.74,2.04,1,10,0
113723,15608,Salaried,595,3921907,9,36,12.85,1.76,2,20,1
73784,1340,Self-Employed,712,3836065,4,22,10.96,2.63,1,19,1
88391,34060,Salaried,704,1901579,13,55,15.3,2.27,1,25,0
40104,8625,Salaried,659,1221758,7,54,15.35,2.72,3,14,0
124084,29717,Salaried,627,992639,5,50,11.18,1.2,3,26,1
35169,10706,Salaried,767,4346841,2,33,16.44,1.37,3,18,0
129915,35096,Self-Employed,735,2900310,14,33,11.51,2.05,3,17,0
72645,5205,Salaried,801,2499851,1,38,15.39,2.92,3,19,0
196762,57320,Salaried,700,1571093,7,52,9.65,1.43,2,17,0
64632,5263,Self-Employed,689,336539,5,52,10.1,0.58,3,12,0
180723,66333,Salaried,769,2851818,3,55,11.5,1.61,2,21,1
186890,5947,Salaried,559,3094410,12,59,14.14,1.86,3,13,0
144958,42218,Salaried,634,3951407,2,49,14.63,2.5,2,27,0
187905,565,Student,756,87180,12,49,12.27,2.32,1,18,0
121520,11695,Salaried,692,4842030,4,36,9.24,2.91,3,30,1
136844,29374,Student,644,2878607,1,30,12.05,2.46,2,13,0
84224,23869,Salaried,730,3633650,11,50,15.04,1.25,3,11,0
182807,72959,Salaried,698,2133805,10,45,14.87,2.1,2,16,0
177062,19515,Salaried,763,2092532,2,59,10.02,2.18,2,27,0
124388,42215,Salaried,685,3765663,10,40,8.57,3.0,3,11,0
15427,731,Student,682,1586201,2,25,15.65,0.85,2,11,0
120928,14961,Self-Employed,814,1472771,6,21,9.51,0.98,1,19,1
142219,19333,Salaried,793,905434,10,50,9.28,0.89,3,12,1
16115,4578,Salaried,676,3921549,1,23,8.53,1.97,1,28,0
44430,10786,Self-Employed,634,4259020,6,34,12.61,0.84,2,11,0
37414,13844,Salaried,709,1762460,12,50,13.28,2.14,2,12,0
193775,24399,Self-Employed,748,1098278,12,24,14.56,2.51,3,18,0
166786,35877,Self-Employed,676,2881455,9,38,11.31,1.58,1,20,0
107508,42464,Salaried,781,3126511,6,57,15.25,1.9,1,20,0
136906,32848,Self-Employed,732,4509118,8,45,10.11,2.78,3,12,0
118565,14691,Self-Employed,677,4430268,12,21,16.4,1.92,1,14,0
179512,8630,Student,684,782878,8,35,13.93,1.02,3,21,1
78753,11957,Student,659,2516704,1,29,14.05,1.36,3,24,0
38212,4253,Salaried,638,3724777,8,35,10.49,1.82,2,26,0
176637,32975,Self-Employed,765,2292019,13,44,9.2,0.89,2,25,0
155710,4931,Salaried,732,1783341,3,24,12.91,2.03,1,26,0
43930,16122,Salaried,707,3465814,13,32,14.35,3.0,3,24,0
197088,296,Salaried,745,347180,3,57,9.4,2.13,3,22,0
173239,51667,Salaried,750,3509340,13,57,17.53,1.43,3,11,0
77901,17671,Salaried,722,2516507,11,26,17.81,1.33,3,26,0
132217,3970,Salaried,749,1126419,7,59,13.68,2.83,2,10,0
118064,31389,Student,648,1725255,9,44,17.53,2.68,1,19,0
51787,815,Self-Employed,634,2407761,8,31,10.2,1.68,2,13,0
126233,29176,Salaried,745,2807867,6,33,8.74,1.38,3,19,0
69471,11141,Self-Employed,723,1283387,5,54,8.87,2.28,1,21,0
173486,50818,Salaried,747,4362946,14,45,14.08,1.29,1,12,0
154324,30844,Salaried,612,3857114,12,27,9.09,0.8,3,10,0
127105,48888,Salaried,708,3340633,11,24,17.61,1.28,3,28,1
142424,48319,Student,688,4948841,3,28,9.85,1.59,2,10,0
43900,14126,Self-Employed,689,1590856,3,40,11.39,1.14,2,28,0
16055,1854,Self-Employed,612,2585244,12,49,16.31,1.04,3,13,0
53725,5255,Salaried,694,3981926,4,30,10.58,0.52,3,22,0
99730,19476,Student,620,398737,11,54,10.81,2.08,2,23,0
124071,49296,Salaried,666,2594544,10,46,14.6,2.04,1,23,0
150486,17494,Salaried,662,2078217,2,23,11.12,0.97,1,12,0
184737,17500,Self-Employed,692,2283969,4,26,10.57,2.86,1,28,0
43451,5938,Student,722,3346581,10,25,10.91,1.52,2,20,0
118157,18325,Salaried,635,4578458,8,25,13.16,0.56,3,18,0
147915,73,Salaried,669,827150,1,43,17.68,1.05,1,15,1
159345,48889,Student,670,2140651,7,29,16.41,2.23,3,13,0
85649,2881,Self-Employed,768,1947465,6,55,11.2,1.0,2,14,0
154728,5741,Self-Employed,620,2778338,6,40,11.95,0.63,2,18,0
55209,21076,Salaried,666,2816952,4,55,12.91,2.04,3,10,0
32821,8620,Salaried,735,2848945,9,38,17.8,1.8,3,24,0
94364,4541,Salaried,675,3187877,5,37,10.14,2.4,3,20,1
29588,264,Self-Employed,658,1782329,13,44,11.9,2.43,3,10,0
175389,58480,Self-Employed,782,4299790,11,23,15.43,2.9,1,26,0
69078,25966,Self-Employed,711,4867530,8,52,17.66,0.64,3,24,0
173818,10057,Self-Employed,617,739517,11,55,9.98,0.6,1,23,0
49017,17629,Self-Employed,675,2917042,13,58,10.66,2.97,2,18,0
55721,4377,Salaried,692,4977094,12,33,10.64,2.11,1,13,0
142616,1031,Salaried,682,4815358,7,45,8.7,2.29,3,18,0
195458,9308,Student,685,3278939,1,29,14.24,0.74,1,14,0
23720,2939,Salaried,745,4448884,2,24,14.87,0.67,2,12,0
140813,14799,Self-Employed,683,1637916,13,34,14.22,0.9,3,27,0
166306,21381,Self-Employed,688,395535,1,57,9.18,1.57,2,18,0
16894,6409,Self-Employed,654,2272854,8,54,9.16,0.78,2,13,0
57235,5935,Salaried,843,853083,5,31,10.5,1.62,3,16,1
15569,2556,Salaried,714,345182,1,23,11.26,1.9,1,10,0
53138,4858,Salaried,628,361416,13,48,15.97,0.5,2,25,0
83447,8991,Salaried,706,4470605,5,49,10.01,0.79,3,15,0
98029,17634,Salaried,749,637069,6,29,8.92,1.44,2,15,0
59324,22820,Salaried,759,4759822,3,23,12.24,0.63,1,23,0
57875,19867,Self-Employed,636,4238432,8,45,12.46,0.83,2,14,0
93343,17535,Salaried,789,2589065,12,54,12.78,1.08,2,20,0
156758,37449,Self-Employed,638,3137686,4,32,16.36,1.57,2,10,0
29026,4038,Salaried,771,4071340,9,29,9.43,2.29,2,29,0
154593,1746,Salaried,640,2234847,3,35,15.19,0.83,1,19,0
130313,15858,Self-Employed,720,4161932,10,45,11.71,2.34,3,10,0
43555,6398,Self-Employed,597,1968715,12,25,11.44,2.64,2,30,0
88596,8065,Salaried,613,3267196,7,31,17.36,2.13,1,13,0
152405,54911,Salaried,675,2557413,6,54,10.86,0.61,2,17,0
22887,414,Self-Employed,682,871929,11,44,14.6,1.6,2,10,0
117201,34937,Salaried,691,1526075,11,35,11.11,2.15,2,17,0
100464,37245,Salaried,732,2501976,14,58,13.32,2.95,1,23,0
174156,21143,Self-Employed,783,1515741,5,28,15.97,2.88,2,26,1
194889,74311,Salaried,687,2358436,9,25,16.88,1.49,2,18,1
194884,18895,Self-Employed,725,2694526,6,46,16.47,2.04,3,15,0
122334,20897,Self-Employed,698,1963514,4,38,14.03,2.73,1,10,0
15255,2827,Self-Employed,676,3934485,11,26,10.86,2.58,3,18,0
57687,13335,Salaried,750,4235011,6,57,14.78,1.7,3,10,0
39741,5032,Salaried,725,399760,13,33,15.24,1.15,3,23,0
181685,57016,Self-Employed,763,2880434,2,48,8.6,0.84,3,20,0
27938,11159,Salaried,611,3295100,8,25,12.67,1.72,2,17,0
91464,21213,Salaried,787,3936101,12,33,16.51,2.31,3,21,0
192228,62744,Self-Employed,729,3515495,3,37,13.15,2.92,1,15,0
23562,5896,Salaried,698,1731063,11,52,11.46,2.65,2,26,0
105415,11966,Self-Employed,627,2559180,10,49,16.78,1.01,3,20,1
187700,40581,Salaried,647,337249,7,23,9.98,2.3,3,19,0
178514,2347,Salaried,667,4700291,12,54,10.46,1.22,1,17,0
155138,36047,Self-Employed,597,2267939,14,47,15.03,2.21,1,21,0
168625,634,Self-Employed,664,217071,1,33,11.85,2.16,3,30,0
90783,31655,Salaried,743,122219,14,53,15.27,1.18,3,13,0
73595,6783,Salaried,744,1387900,9,26,10.0,1.09,3,30,0
155988,56363,Self-Employed,760,2709245,14,44,10.9,0.76,3,30,0
89176,29263,Self-Employed,727,974914,7,39,9.99,0.63,3,22,0
46159,9271,Self-Employed,684,2450057,3,36,17.55,2.65,1,12,0
189735,40412,Student,741,3098925,5,48,12.35,0.62,1,29,1
183090,39759,Student,668,4623483,2,53,11.7,0.72,2,13,0
176171,40639,Salaried,719,3067721,5,33,8.63,1.1,2,17,0
162996,63957,Salaried,735,4493131,9,45,9.96,2.72,1,14,0
163131,23052,Student,704,1293517,11,56,12.5,1.33,2,11,0
93497,6487,Salaried,703,998614,1,47,9.15,0.98,3,17,0
98038,7631,Salaried,738,3986906,8,58,13.35,2.29,2,14,0
195292,22063,Salaried,708,4216932,2,27,12.82,1.3,3,25,0
149670,10564,Self-Employed,697,2733525,7,25,15.79,1.33,3,30,1
77471,25544,Salaried,637,4562276,5,51,14.77,2.35,2,24,0
55934,16116,Salaried,627,3751339,13,43,12.74,1.13,2,28,0
181433,10315,Self-Employed,615,2418403,5,30,10.63,2.74,3,22,1
95983,27370,Self-Employed,614,2641661,7,52,15.41,1.9,1,20,0
18823,5262,Student,749,255162,14,50,15.22,1.84,2,25,0
25510,7147,Salaried,601,4913446,13,59,9.96,1.16,2,27,0
80587,16702,Student,743,1120648,8,51,17.19,2.59,1,24,0
87746,6057,Salaried,600,2593951,9,38,9.11,1.93,2,15,0
22043,1278,Salaried,693,1911317,11,56,9.02,0.89,3,17,0
128259,35268,Salaried,651,834514,9,22,10.28,1.02,1,13,1
147574,4656,Self-Employed,665,2319590,2,34,17.14,1.67,1,30,1
82396,6158,Salaried,745,2396243,8,33,13.44,2.45,3,25,1
90706,9004,Salaried,722,1543156,1,49,15.99,2.85,3,30,0
69645,7232,Self-Employed,652,4357997,10,32,10.66,2.16,3,20,0
15319,4494,Salaried,790,2278553,4,59,13.16,1.77,1,29,0
103662,21300,Student,785,2895157,12,22,11.9,1.13,3,11,0
42676,12672,Self-Employed,608,1451051,9,52,16.36,2.18,2,13,0
80169,2611,Salaried,721,1158198,8,33,8.71,2.96,2,23,0
123654,12521,Salaried,724,4544463,13,47,10.82,1.69,3,20,0
91394,15186,Self-Employed,812,4286026,8,37,9.95,0.91,2,13,0
102052,35272,Salaried,654,2917492,7,51,16.66,0.76,2,12,1
119697,29323,Student,760,3358769,2,54,12.94,1.17,1,14,0
133915,26483,Salaried,734,905817,13,44,12.34,1.92,3,15,0
125034,18706,Salaried,699,1111385,3,55,12.77,2.87,2,18,0
87790,24785,Self-Employed,672,1663849,10,26,17.73,1.25,3,13,0
32718,321,Salaried,829,1784802,5,39,16.58,1.26,3,16,0
151746,5002,Self-Employed,699,603360,6,50,15.21,1.7,2,22,1
132202,44291,Self-Employed,632,1428656,12,27,11.26,2.8,2,19,0
67107,15489,Salaried,752,327845,1,30,10.07,1.55,1,21,1
196203,29410,Self-Employed,595,4028168,1,52,17.25,1.06,1,19,0
128828,1626,Self-Employed,671,1039269,14,54,12.52,0.91,1,20,0
47356,3809,Self-Employed,791,2343474,10,48,11.15,1.64,2,20,0
116350,16427,Self-Employed,702,2357236,9,35,12.97,2.5,1,15,0
32300,11137,Self-Employed,673,1525378,9,50,17.22,1.23,3,15,1
63791,3065,Salaried,633,1373020,11,57,12.18,1.78,1,29,0
35927,1811,Salaried,709,1484636,5,49,13.85,2.01,1,15,0
196026,25102,Salaried,697,4007874,12,42,16.13,1.63,1,21,1
71627,13219,Salaried,711,322667,11,24,12.56,0.98,3,23,0
127035,44645,Salaried,658,3951848,6,40,10.72,2.8,3,27,0
93382,37085,Self-Employed,713,1468137,11,52,17.95,1.91,2,28,0
143256,29348,Salaried,802,572797,9,56,17.59,2.32,1,19,0
104300,6630,Salaried,672,4499113,5,24,16.51,2.09,3,19,0
194115,73150,Salaried,699,2057091,4,47,15.04,3.0,3,16,0
195076,29714,Salaried,683,1364530,10,37,11.3,1.64,3,19,0
41783,761,Self-Employed,698,1114641,4,32,17.18,1.56,2,23,0
98456,38969,Salaried,779,1413307,7,42,11.12,1.4,2,14,1
36101,7623,Self-Employed,692,3422021,14,37,16.11,1.4,2,20,0
199103,37921,Salaried,687,229354,14,30,17.22,1.19,1,16,0
97208,20243,Salaried,684,3835887,3,21,14.23,2.95,3,29,0
41325,1903,Salaried,687,4533900,6,42,16.13,2.68,2,27,0
128535,11698,Salaried,647,1994741,14,46,16.02,1.29,2,20,0
58372,11366,Self-Employed,644,623684,1,38,10.33,1.26,3,29,0
59387,16508,Self-Employed,648,190689,5,34,14.85,0.76,3,12,0
153001,37117,Student,671,2418524,7,49,9.39,2.69,1,16,0
125507,6189,Student,696,696052,3,32,13.32,1.43,1,13,0
127557,21224,Self-Employed,621,3127165,6,56,10.04,1.93,1,28,0
176738,37389,Self-Employed,686,4793170,12,55,12.46,2.75,2,30,0
87534,10129,Salaried,686,4371613,1,32,16.41,1.52,2,27,0
45552,15136,Student,666,3239291,10,27,17.88,2.52,3,20,0
40816,11662,Salaried,638,3580202,8,49,11.52,1.58,1,23,0
144544,21182,Salaried,680,2027165,1,31,13.55,2.25,3,19,0
154192,7820,Self-Employed,725,1141723,9,53,13.36,1.58,1,23,0
112841,25857,Salaried,590,2223367,14,26,17.57,1.48,1,13,0
27391,4861,Self-Employed,812,1871936,13,35,13.05,2.98,1,21,1
153991,55896,Salaried,563,2837352,9,52,15.14,2.03,1,21,0
154248,33529,Salaried,642,3775802,12,31,17.26,1.42,3,11,0
21021,6437,Self-Employed,716,4233293,4,43,12.05,1.14,3,15,0
190804,8711,Salaried,621,1320242,14,46,17.07,0.6,2,14,1
155466,58965,Self-Employed,653,3289436,12,54,17.22,2.27,1,28,0
159352,36303,Self-Employed,641,206837,5,54,17.34,1.43,3,30,0
53057,597,Self-Employed,682,4513593,7,49,11.07,2.55,1,24,0
88230,4830,Student,769,3918784,5,24,12.3,1.41,1,19,1
71815,20133,Salaried,762,2890918,1,37,16.77,1.43,2,16,0
82904,29203,Self-Employed,725,3430635,13,55,11.91,2.45,2,28,0
72560,16759,Self-Employed,655,3027802,12,33,14.2,1.72,3,17,0
32997,6578,Salaried,624,2373964,4,59,9.62,2.71,3,24,0
148438,27467,Student,726,4990560,8,35,9.03,1.98,2,13,0
110711,16292,Salaried,741,3841343,1,49,12.41,1.1,3,22,0
177760,29764,Salaried,722,1747152,13,49,14.0,1.92,3,14,0
163933,64186,Salaried,770,1336793,3,31,12.23,0.51,2,20,0
32883,7235,Salaried,783,311161,11,52,13.99,1.28,1,25,0
148315,55031,Self-Employed,606,2704965,3,22,13.39,1.02,1,29,0
22273,3535,Salaried,654,3396953,1,34,15.01,2.14,2,27,0
50079,16020,Salaried,676,4377261,12,40,14.67,0.84,1,24,0
68281,10503,Self-Employed,697,1135110,11,42,12.53,1.23,1,10,0
40037,3239,Self-Employed,729,874726,14,31,12.54,1.33,2,17,1
73150,1934,Self-Employed,704,724267,8,47,9.84,0.51,3,13,1
191833,33387,Salaried,715,3736207,8,23,13.38,0.62,2,18,1
47175,17675,Self-Employed,723,1817052,7,37,14.08,1.28,2,28,0
27204,6513,Self-Employed,681,165064,13,48,13.03,1.06,1,16,0
146515,23903,Salaried,779,3108321,5,49,11.59,0.79,2,24,0
83247,25198,Student,693,4425446,6,41,15.36,0.89,1,12,0
62003,15710,Salaried,648,3779046,6,36,9.21,2.59,2,21,0
67800,5445,Student,736,1890220,12,57,17.19,2.21,3,11,0
165466,53871,Salaried,653,4541055,8,40,8.7,1.71,1,28,0
142378,15290,Self-Employed,695,2349820,1,26,17.64,2.77,2,16,0
18338,5257,Salaried,749,3573319,7,39,12.89,0.57,1,20,0
123611,28804,Salaried,755,3460331,1,25,12.42,1.36,2,28,0
196942,50460,Salaried,758,2686859,10,23,10.94,2.56,2,17,1
150748,20425,Salaried,786,1558797,9,21,8.6,2.07,2,22,1
138649,25409,Self-Employed,704,4602939,2,58,11.11,2.95,1,18,1
198648,66627,Student,697,1271793,9,35,9.54,2.86,1,11,0
108645,20754,Salaried,697,995424,12,54,14.77,0.92,3,27,0
102081,24016,Salaried,594,1210675,7,55,11.53,2.93,3,24,0
100015,39451,Self-Employed,724,3188832,5,45,15.79,2.86,3,20,0
141372,9945,Salaried,733,4021586,1,44,10.47,1.43,3,24,0
32256,1141,Salaried,707,345863,2,32,17.05,2.96,2,30,0
94991,4722,Student,663,4556371,4,38,13.47,0.59,1,27,0
179361,19739,Salaried,647,4111317,11,35,9.59,2.15,2,23,0
87115,18242,Self-Employed,568,4583027,14,36,12.31,1.17,1,30,0
32101,642,Salaried,708,4859073,3,47,10.46,0.82,1,28,0
171434,47842,Student,741,165042,3,28,10.4,1.94,2,22,0
57607,12823,Salaried,708,3784341,8,45,13.31,1.27,2,25,0
72771,22205,Salaried,583,2072307,6,37,14.88,2.17,1,11,0
116131,2058,Self-Employed,735,4930779,11,49,17.16,1.85,3,11,1
128922,39938,Salaried,661,2809127,11,28,13.27,1.48,3,26,0
118187,23434,Salaried,736,2245732,12,35,17.68,0.95,1,29,1
193517,39470,Student,696,3981067,13,47,17.45,2.0,2,27,0
186796,31704,Self-Employed,794,3154379,7,27,16.72,2.57,2,19,0
88339,32668,Salaried,664,4727202,11,23,13.25,2.0,1,21,0
43133,13526,Self-Employed,756,4617994,3,49,9.84,2.03,2,12,0
70415,25551,Salaried,736,1262740,10,44,10.57,1.78,1,15,0
66097,14404,Self-Employed,733,1323871,7,23,14.65,1.47,1,29,0
146639,2179,Salaried,717,3007135,13,40,12.51,1.64,1,14,0
31740,7485,Salaried,609,2690905,9,35,9.89,2.97,2,30,0
193219,47671,Salaried,631,108541,2,45,13.05,2.37,3,17,0
196711,21326,Self-Employed,676,4406164,13,50,8.67,1.58,1,27,0
117466,33071,Salaried,666,1287087,10,34,15.47,1.64,2,25,1
15528,2310,Salaried,740,1133685,11,27,9.2,1.75,3,23,0
85441,8884,Student,774,1669884,11,37,14.48,2.15,1,15,0
42738,3925,Salaried,698,3934036,2,40,16.03,1.66,3,20,0
187624,56271,Salaried,662,4690743,1,56,9.76,2.22,2,15,0
43287,16568,Salaried,733,1579275,5,29,13.43,1.32,3,14,1
112349,6765,Self-Employed,765,152903,3,58,15.9,1.53,3,24,0
49986,13786,Self-Employed,647,2721744,9,42,10.98,2.66,2,15,0
113447,39986,Self-Employed,684,2125904,10,22,10.05,1.32,1,30,0
156753,6984,Self-Employed,660,2381499,6,44,11.7,2.91,2,25,0
15944,3881,Salaried,764,2775527,8,28,13.77,0.93,2,27,0
174186,25009,Salaried,703,3886813,5,31,13.97,1.1,1,30,1
43767,16347,Salaried,668,2570908,12,33,9.74,1.66,1,10,0
186915,27690,Self-Employed,728,3263274,2,37,12.85,2.49,2,12,0
146120,36978,Salaried,733,754582,4,28,11.05,2.33,1,29,1
69607,24642,Self-Employed,614,1406742,5,41,16.5,0.94,1,12,1
105724,8888,Salaried,661,2426629,1,38,11.48,1.09,2,16,0
144686,8367,Salaried,771,2921042,11,50,16.47,1.94,2,23,0
195926,67664,Salaried,685,4033190,6,38,12.57,1.24,2,27,0
80464,29715,Self-Employed,671,4427577,7,51,15.4,1.56,2,24,0
57460,22796,Salaried,624,1483414,5,58,13.35,1.72,3,22,0
29817,9086,Salaried,731,4526952,5,52,14.41,1.99,3,28,0
150892,7835,Salaried,665,3634443,7,31,12.26,1.13,1,11,0
152912,37834,Student,704,4168308,4,45,15.8,0.91,3,16,0
130503,39023,Salaried,669,619503,10,53,12.54,1.5,3,22,0
174245,9395,Self-Employed,632,3673687,8,58,12.85,0.71,3,13,0
172711,62583,Salaried,678,814948,11,28,13.42,1.82,1,15,1
174262,66033,Self-Employed,731,702692,4,31,16.4,2.6,3,27,1
85979,17241,Salaried,587,1952151,14,42,14.76,0.8,2,28,0
192381,7274,Self-Employed,709,1511967,7,44,11.82,0.78,2,24,1
144288,34129,Self-Employed,741,3540978,6,37,14.87,0.7,1,12,1
84072,1773,Salaried,624,551775,5,32,14.6,2.62,1,29,1
50326,5079,Self-Employed,658,3447477,2,52,17.34,0.7,1,26,0
28429,8596,Self-Employed,726,925247,14,35,16.49,2.96,3,25,1
181052,8078,Salaried,710,706228,12,36,14.65,1.4,1,22,1
112356,21246,Salaried,661,1133088,1,42,11.74,1.32,1,29,0
72865,23580,Salaried,711,362809,13,48,15.91,0.73,1,17,0
108542,35775,Self-Employed,789,2314116,10,40,13.96,1.96,2,30,0
83811,8747,Self-Employed,690,1830655,1,53,17.86,1.96,1,23,0
130016,12877,Self-Employed,729,2566966,3,30,10.85,1.73,2,13,0
24695,5803,Salaried,629,3192475,8,52,9.26,1.28,2,16,0
116440,25538,Salaried,610,3400301,14,53,9.16,1.42,1,19,0
42740,6569,Self-Employed,702,3757193,4,22,14.58,1.3,1,24,0
131894,27915,Salaried,610,1143565,11,53,17.42,1.57,3,25,0
21553,1497,Salaried,698,3073744,11,53,8.52,1.35,1,17,0
119512,16350,Self-Employed,761,3801413,6,33,15.39,2.19,1,11,0
116584,46365,Salaried,718,4897828,13,50,14.74,1.24,1,26,0
30861,9787,Salaried,613,1414981,4,53,15.46,1.38,1,15,0
69380,20553,Self-Employed,625,3618485,13,33,11.88,1.59,1,25,1
92085,27453,Salaried,685,327132,12,46,16.29,0.51,1,11,0
173502,32535,Self-Employed,759,1295817,7,42,8.92,1.73,3,30,0
40968,6487,Salaried,733,1183942,11,59,15.68,1.14,3,27,0
93672,8253,Student,658,3270756,14,22,11.04,0.64,1,20,0
53575,3192,Self-Employed,674,655599,3,58,13.03,2.78,3,21,0
51527,19413,Student,643,763161,3,59,16.32,1.31,2,14,0
147812,30121,Salaried,751,662529,3,46,11.08,1.57,3,11,1
57000,6439,Salaried,659,1716196,7,35,10.26,2.57,2,27,0
134004,38964,Salaried,680,342527,10,54,14.97,0.92,1,15,0
170927,24281,Student,739,4237586,2,31,13.57,2.63,2,10,0
126688,17443,Salaried,687,868408,8,23,13.39,1.1,1,18,0
168805,2473,Salaried,748,3523388,3,26,10.94,1.97,3,24,0
19889,7637,Salaried,735,708561,12,29,8.83,2.21,2,17,1
52958,13715,Salaried,705,2306376,14,26,12.4,2.76,2,23,0
52890,11217,Salaried,596,2561022,3,29,9.51,2.02,2,13,0
57903,18672,Salaried,715,4877860,10,59,17.11,1.63,1,16,0
153691,11939,Salaried,661,2002512,8,51,8.89,1.93,1,29,0
184350,36212,Student,803,947165,6,52,12.6,1.01,3,17,1
173704,48365,Salaried,703,1004940,14,32,9.0,2.22,3,19,1
126504,16101,Salaried,644,1087140,3,28,9.41,0.97,1,27,0
133115,38680,Self-Employed,687,2445661,13,28,14.76,1.89,3,27,0
172745,63471,Student,667,3140007,8,48,14.65,2.12,2,28,0
48541,7311,Salaried,720,3073946,3,40,8.81,2.75,2,13,0
176215,24509,Self-Employed,687,1315322,5,27,8.51,1.63,2,22,1
151578,20605,Self-Employed,759,1898523,12,31,9.25,2.44,3,15,1
173964,69310,Salaried,750,3834396,9,40,15.75,0.92,2,30,0
126780,5361,Salaried,732,1250761,12,36,14.05,0.89,2,22,0
188925,36818,Student,716,1820358,9,24,8.86,1.81,1,25,0
137408,18830,Self-Employed,633,840023,7,26,13.14,1.99,1,29,0
36395,5030,Salaried,727,3774434,7,42,15.26,2.08,3,19,0
196350,1780,Salaried,666,4734643,1,46,16.76,2.36,1,18,0
114129,43923,Self-Employed,703,2742468,11,23,17.37,1.24,3,16,1
156056,32016,Salaried,735,2593071,2,34,11.61,2.06,3,26,0
140093,39227,Salaried,710,2900467,1,31,9.79,0.97,1,29,0
118025,41176,Salaried,730,2674713,3,38,10.75,1.05,1,16,0
137089,3212,Salaried,701,688093,2,32,15.87,0.67,3,11,0
98482,639,Student,715,1454619,9,43,17.73,2.37,3,28,0
143771,34019,Self-Employed,765,3515461,3,32,12.93,1.77,3,10,0
125002,48657,Salaried,744,4796176,2,33,11.4,1.1,2,11,0
130814,41476,Self-Employed,741,655262,10,45,12.58,1.89,2,14,1
179340,3646,Salaried,654,2452112,5,39,11.4,1.39,1,27,0
147850,45752,Student,810,4551236,12,56,10.94,2.59,2,15,0
22758,7053,Salaried,702,190926,13,28,14.14,1.82,2,15,0
167420,34296,Self-Employed,737,4857144,5,49,8.65,0.57,3,25,0
176287,3404,Salaried,701,3785658,12,52,10.97,2.96,2,25,0
143824,52306,Salaried,639,951334,9,38,14.78,0.69,1,12,0
111032,20637,Salaried,714,778165,6,26,8.8,2.24,2,12,1
162239,23218,Self-Employed,736,1971086,7,38,9.29,1.59,2,13,1
158755,49485,Student,715,4199658,12,39,11.29,1.12,2,15,0
107943,21580,Self-Employed,748,2542492,13,42,16.84,2.19,1,12,0
106310,18676,Student,758,3721013,3,57,15.77,0.81,1,18,0
135179,50831,Salaried,607,2927903,6,52,8.71,2.65,3,12,0
96144,29665,Salaried,757,2503611,1,23,13.27,1.13,2,15,0
135846,24945,Salaried,720,1728176,13,48,11.11,1.4,3,30,0
95399,37486,Self-Employed,606,4399487,4,30,14.66,2.08,3,29,0
76600,17254,Salaried,667,3072927,7,55,15.35,0.5,1,18,0
179429,16267,Salaried,683,2030343,8,49,16.7,1.68,3,24,0
109542,41271,Salaried,639,3036369,9,35,13.02,2.74,2,18,0
77233,13139,Self-Employed,655,522650,10,53,17.95,2.2,3,14,0
148014,20388,Self-Employed,733,845415,6,27,17.81,1.47,1,30,1
53886,2673,Salaried,735,3705694,7,32,16.88,2.15,1,25,0
129579,13665,Student,764,1725203,8,50,13.96,2.84,1,12,0
36173,13222,Student,697,3449029,3,41,12.28,0.97,2,18,0
151447,23487,Salaried,689,1799033,13,51,11.96,1.83,3,26,0
21928,6096,Salaried,766,4940552,2,44,8.62,1.09,2,12,0
24404,871,Salaried,755,1691455,14,40,10.87,2.64,1,16,1
126186,38046,Salaried,742,1695589,4,57,15.33,2.3,2,16,0
124869,21770,Salaried,639,1964461,10,24,14.23,2.5,1,30,0
86303,28390,Student,791,1813655,7,48,17.21,2.86,2,15,1
44583,8076,Self-Employed,715,3205964,1,40,8.98,1.08,2,29,0
125188,26367,Self-Employed,738,4503595,3,44,9.98,0.62,3,17,0
70904,14035,Student,654,674747,1,52,16.0,1.23,3,13,0
138225,34654,Self-Employed,707,954890,14,56,11.91,1.5,1,24,0
133178,46118,Student,691,1393763,8,54,9.62,2.06,3,15,0
73745,29309,Self-Employed,768,3019554,1,56,17.97,2.49,3,25,0
194857,20662,Salaried,627,4712543,6,22,15.98,1.37,2,14,0
173273,68578,Self-Employed,722,3468258,13,35,12.38,1.68,1,21,0
162765,6661,Salaried,656,908754,1,54,16.32,2.46,2,23,0
42032,16053,Self-Employed,667,3727264,2,56,14.97,1.06,2,15,0
43605,16848,Salaried,633,2107067,9,26,16.0,1.04,3,12,0
65272,5310,Salaried,753,536160,1,59,16.24,1.97,3,28,0
97641,18547,Salaried,687,1542669,6,32,9.3,1.59,1,19,0
179334,947,Salaried,823,2196081,1,23,14.42,2.87,3,16,0
110148,21725,Salaried,696,4280384,2,38,8.56,1.39,2,22,0
161874,11167,Student,794,3316011,11,41,8.91,2.4,3,10,0
164967,47910,Salaried,656,649223,9,35,17.09,1.96,1,10,0
78528,1507,Salaried,797,982280,14,53,13.51,0.64,1,26,0
119887,36695,Student,644,2603540,12,55,15.49,0.71,2,13,0
158949,14239,Self-Employed,649,2326632,4,46,16.47,1.01,2,23,1
106665,10534,Salaried,659,2884503,12,28,17.52,0.86,3,15,0
144909,39823,Salaried,652,1174552,9,56,16.76,1.32,1,23,0
109182,26251,Salaried,727,2646016,4,50,13.09,1.95,2,24,1
198871,66567,Salaried,572,4037400,9,43,11.69,2.01,3,10,0
95989,22222,Self-Employed,706,2512282,8,34,9.97,1.97,3,29,0
156295,48166,Salaried,756,1954400,7,34,12.3,0.79,3,25,1
86718,7970,Self-Employed,689,1959103,1,22,11.98,2.0,2,13,0
151711,51187,Salaried,690,2788356,5,57,13.82,1.52,2,11,0
133294,10866,Salaried,735,4989113,5,25,14.82,2.76,3,10,0
17631,2186,Self-Employed,778,4833063,13,58,17.79,2.78,3,22,0
148014,47664,Salaried,661,497564,14,34,15.42,2.42,2,25,1
93629,35556,Salaried,682,1348972,2,59,14.62,2.26,1,17,0
43004,3925,Self-Employed,676,1680188,1,45,11.68,0.79,3,13,0
90955,16676,Salaried,812,4791242,3,40,8.83,0.71,1,11,0
95978,4860,Salaried,748,1220025,13,22,11.24,2.6,1,22,0
190365,61336,Student,675,313369,5,59,15.8,1.57,2,14,0
32279,12097,Salaried,647,2394297,2,26,10.45,1.63,2,29,0
152930,8950,Salaried,742,1863318,1,37,15.27,2.62,1,30,0
137181,47458,Self-Employed,692,1116970,10,45,14.01,2.05,2,22,0
183377,42628,Salaried,675,919403,10,48,10.13,0.95,1,14,1
135212,19968,Student,718,3436038,1,22,10.99,1.03,1,25,0
178224,30624,Salaried,766,630420,6,55,13.21,0.52,2,15,0
73013,19030,Salaried,688,2214725,2,57,12.47,2.28,2,25,0
192398,4123,Salaried,700,4286901,7,25,15.9,1.71,3,22,0
56751,21442,Self-Employed,666,1930414,13,21,15.48,2.87,2,20,0
160291,1617,Salaried,689,1384996,1,32,13.96,2.29,3,30,0
32959,12138,Salaried,778,4791152,7,56,16.31,0.76,2,10,0
182732,45104,Salaried,595,2643103,1,43,13.85,0.9,2,13,0
18515,4454,Salaried,723,755339,10,51,17.66,1.75,2,12,0
111129,21330,Salaried,608,4613736,2,31,10.56,2.81,2,27,0
27875,10835,Self-Employed,663,1738120,10,30,15.28,1.12,1,25,0
153736,29281,Self-Employed,620,2572189,10,23,12.01,2.56,2,22,0
84918,16449,Salaried,629,3477495,9,34,11.15,1.28,1,22,0
108826,27460,Self-Employed,707,3306101,6,36,10.21,1.17,2,16,1
33909,9117,Salaried,758,3693003,5,30,13.75,2.75,2,24,0
15005,4776,Salaried,678,1579451,3,49,10.55,0.62,1,24,0
31482,525,Salaried,720,3184122,5,30,10.4,2.15,2,14,0
99335,35453,Salaried,745,4122660,12,32,17.91,0.61,3,26,1
104846,36868,Salaried,769,1875779,2,50,16.12,2.5,3,20,0
109376,17175,Salaried,699,2193781,12,21,15.61,2.57,2,22,0
83513,17226,Salaried,676,3501345,8,25,16.04,2.73,3,19,1
84806,13286,Self-Employed,664,4300220,1,40,17.7,0.97,3,24,0
18811,5155,Salaried,594,796403,11,28,13.95,0.81,3,11,1
88062,19362,Self-Employed,748,881284,9,32,10.59,1.76,3,20,1
193908,4595,Salaried,732,1796659,11,21,16.69,1.18,1,20,1
34405,8970,Student,723,4509895,8,40,15.56,2.02,1,10,0
73282,4899,Self-Employed,765,910513,8,48,12.44,1.78,1,17,0
139698,37830,Salaried,647,4440741,2,57,13.0,0.86,3,26,0
27210,4204,Salaried,682,1431173,13,57,12.41,2.35,3,17,0
18052,2696,Salaried,738,198388,14,32,17.33,2.51,1,22,1
112095,3238,Student,795,2627697,14,57,11.76,2.91,3,14,0
179141,40274,Salaried,709,3627141,11,48,17.65,1.49,1,15,0
100365,2203,Self-Employed,729,1685846,13,35,17.15,1.34,1,29,1
39644,5725,Self-Employed,699,971463,10,26,14.49,0.98,1,23,0
185187,22540,Salaried,643,4759075,5,40,14.01,0.95,3,26,0
166002,47950,Salaried,660,4690353,13,34,12.02,1.3,1,25,0
35758,1082,Salaried,668,2513208,7,22,8.67,2.95,2,18,0
87008,2775,Self-Employed,732,3714877,7,29,9.71,0.73,1,28,0
33615,5118,Salaried,707,4710296,7,57,15.67,1.15,1,11,0
151772,38839,Salaried,648,3737193,12,40,12.98,0.71,2,13,0
53533,26,Salaried,690,2514209,3,46,9.92,1.18,3,29,0
113315,24154,Self-Employed,751,733045,5,49,11.01,0.73,1,18,1
126975,5774,Self-Employed,619,2432992,9,21,17.5,1.77,2,13,1
152656,25462,Salaried,658,4511733,12,55,11.99,1.6,3,14,0
178571,22995,Self-Employed,644,419556,7,26,17.12,0.94,2,15,0
105450,22333,Salaried,641,4658474,7,57,11.39,0.94,1,29,0
104590,31661,Student,678,2938851,8,25,13.66,2.07,2,10,0
51025,12069,Salaried,740,4918136,9,53,8.69,1.47,3,22,0
199085,9665,Salaried,673,1191219,5,34,13.46,0.64,1,27,0
191682,50807,Self-Employed,597,2959419,6,32,14.55,2.8,2,12,0
24643,2567,Salaried,829,3872379,1,40,10.73,1.51,3,29,0
167418,10619,Self-Employed,633,2602387,3,44,14.0,1.98,3,14,0
142673,34744,Salaried,680,1250413,4,54,14.65,2.71,1,22,1
27857,3619,Salaried,699,4979405,1,45,15.03,1.51,1,19,0
53862,3681,Salaried,724,811654,13,49,15.88,2.55,1,12,0
49404,18227,Salaried,695,4684995,2,59,11.46,2.79,1,20,0
167771,12454,Salaried,708,1886294,10,51,13.89,0.94,2,10,0
172557,59967,Salaried,652,4298887,14,43,17.83,2.73,3,24,0
42086,16484,Self-Employed,753,1159240,9,58,17.03,0.8,1,13,0
184246,3491,Salaried,642,2971984,8,40,17.55,1.19,1,24,0
171537,48155,Salaried,750,1778177,11,43,12.17,2.52,1,16,0
197177,61050,Salaried,643,986184,7,36,15.98,2.75,2,24,1
182022,7867,Salaried,767,1618473,14,28,14.39,2.21,3,13,0
98984,35533,Salaried,581,4572700,11,41,9.29,0.76,3,12,0
147783,25801,Salaried,740,2989119,9,21,16.33,1.81,1,23,0
31220,3667,Salaried,649,2274103,7,28,14.93,1.93,3,15,0
111190,9669,Salaried,730,3509824,1,49,10.39,1.2,2,10,0
63737,8967,Salaried,698,4836431,12,52,9.26,2.98,3,18,0
194969,42287,Student,707,1837702,12,58,16.45,1.34,1,21,0
27803,473,Salaried,709,4258002,1,25,9.25,1.03,3,27,0
28117,7215,Salaried,753,378624,8,42,9.37,0.78,2,12,0
168574,50010,Self-Employed,678,1565697,9,54,12.56,1.45,2,30,0
98533,15629,Salaried,655,643695,2,21,9.78,2.23,3,28,0
57176,3260,Student,668,1195865,11,46,17.18,1.08,3,12,0
72788,8155,Student,709,462230,9,30,12.97,2.42,1,23,0
109075,30102,Self-Employed,786,4005544,9,50,13.91,0.84,1,13,1
138775,13207,Salaried,622,2075321,8,38,17.32,1.6,1,22,1
179967,40379,Self-Employed,696,2895653,10,37,13.54,2.26,3,22,1
124513,20943,Salaried,720,2300477,3,46,11.86,0.84,2,11,0
75263,20692,Salaried,650,1372924,1,28,16.07,1.99,2,30,0
197214,33872,Salaried,611,4549829,5,32,12.71,2.5,3,11,0
26467,8802,Salaried,753,807902,13,47,11.53,1.99,2,19,0
162276,19755,Self-Employed,742,4599417,10,28,15.37,1.78,2,20,0
125675,28730,Self-Employed,700,3006181,13,45,16.12,2.6,3,24,1
49364,8767,Salaried,688,4485776,10,24,16.02,2.96,2,12,1
53502,15675,Self-Employed,710,1176805,10,53,17.79,0.95,3,23,0
120711,44554,Salaried,687,4348149,3,21,15.97,2.23,1,27,0
90396,10745,Salaried,674,1302002,6,39,15.81,0.7,2,28,0
63566,10954,Self-Employed,648,298595,10,51,16.65,0.61,3,28,0
194729,8498,Student,720,970200,10,36,8.5,1.2,2,10,1
31442,9765,Salaried,622,527698,5,34,11.94,2.93,2,28,0
179781,39309,Salaried,706,2367574,14,25,15.51,1.88,1,12,0
130123,17223,Self-Employed,695,2460098,5,46,14.2,1.17,3,29,1
138795,27215,Salaried,758,1856129,2,48,10.19,0.83,1,17,1
184741,36126,Self-Employed,582,2723383,5,22,11.39,2.8,2,26,0
168290,57205,Salaried,700,600162,6,26,11.7,1.41,2,10,0
37455,4112,Salaried,764,1339783,2,29,13.89,1.27,2,15,1
167783,5630,Salaried,686,892721,10,53,16.4,2.64,3,26,0
93930,1067,Salaried,723,1310561,13,45,17.36,2.01,1,30,1
35773,8143,Salaried,695,301442,3,33,15.63,0.92,3,10,0
70008,6209,Salaried,654,2067949,3,29,16.51,1.55,2,22,0
128583,19179,Salaried,743,2100377,2,33,12.97,2.82,1,21,0
135120,28562,Self-Employed,829,2698323,6,51,12.2,2.75,2,14,0
164800,11094,Salaried,720,1635508,13,31,12.23,0.68,1,29,1
67748,26253,Salaried,669,3596226,12,24,14.35,1.17,3,22,0
185505,34555,Self-Employed,745,1251934,2,54,9.68,0.89,3,17,0
27318,3055,Self-Employed,660,1632185,1,58,14.01,1.83,3,21,0
117770,26044,Salaried,734,2788599,11,24,14.82,2.37,3,18,0
88820,17665,Salaried,775,2073106,11,58,12.67,1.24,3,26,0
183354,38218,Salaried,757,3444493,12,39,17.56,2.39,1,23,0
94059,24667,Self-Employed,758,1150620,3,26,14.28,2.17,1,16,0
73817,4734,Student,683,4650505,2,54,10.59,2.32,2,13,0
116046,37403,Student,677,2299170,1,38,13.05,2.87,1,16,0
174327,56441,Salaried,638,161597,11,33,14.92,1.56,2,26,1
181811,5539,Self-Employed,739,4592429,8,43,11.57,1.36,3,26,0
74577,28664,Salaried,783,2588309,5,39,9.26,2.21,1,10,0
173984,50659,Self-Employed,757,4300994,5,31,14.04,2.52,1,11,0
150162,45266,Student,716,506082,11,21,17.5,0.98,3,27,1
61698,1110,Salaried,718,4213219,10,44,13.11,2.62,3,18,0
46566,8678,Self-Employed,738,1122374,14,27,17.11,0.64,3,14,0
20631,7945,Salaried,707,4924178,5,45,16.43,0.52,2,10,0
150360,6734,Salaried,680,4555797,7,41,9.9,0.9,2,16,0
139478,1600,Student,742,4700325,14,35,15.23,2.95,1,11,0
77931,9963,Self-Employed,732,950794,10,21,12.64,1.81,3,12,1
118612,29815,Salaried,696,581108,1,32,10.88,0.62,1,13,1
140191,39776,Salaried,734,2492716,1,27,15.03,2.99,3,12,0
24711,4089,Student,754,4457300,2,35,15.56,2.36,3,28,0
164854,51782,Salaried,615,2648677,5,41,10.21,2.6,3,21,0
167049,57396,Salaried,705,430703,5,39,17.19,1.03,3,24,1
176874,55822,Salaried,595,130291,3,49,15.64,0.76,3,13,0
172341,50138,Salaried,715,2286149,4,45,17.37,1.79,2,10,0
133018,27617,Salaried,554,859063,1,53,11.51,2.43,1,25,0
153955,19708,Salaried,626,4133671,4,52,17.42,2.09,3,15,0
108885,14002,Student,692,4616733,4,55,12.0,2.08,2,26,0
91830,10908,Salaried,708,4323487,11,58,9.01,2.39,2,14,0
23163,5058,Salaried,773,4999944,12,46,15.75,1.07,3,22,0
19920,1887,Salaried,771,962234,14,31,15.18,2.15,3,21,0
155736,1099,Salaried,635,1597840,6,55,14.18,1.48,2,10,0
21402,4521,Salaried,732,589353,10,28,13.15,0.67,3,21,1
68257,25686,Self-Employed,792,2490342,12,34,8.81,1.01,2,11,0
17175,3149,Self-Employed,594,3280086,9,30,14.43,2.49,3,27,0
49579,16555,Salaried,678,90751,5,22,12.46,2.74,2,18,0
46644,753,Salaried,762,2334302,14,29,13.82,1.21,3,25,0
124407,42185,Salaried,759,3285925,14,23,12.58,0.98,2,29,0
39276,15410,Self-Employed,656,1228102,12,41,17.68,0.57,1,24,0
155521,15657,Salaried,698,2666670,11,46,14.24,2.87,3,19,0
183828,71880,Student,788,3564734,14,28,15.62,2.21,3,11,0
161486,63176,Self-Employed,743,1740045,12,22,17.4,2.89,2,13,0
56091,7588,Salaried,641,3999770,5,26,14.12,2.66,3,27,0
183622,54033,Salaried,723,4147996,5,48,8.61,1.35,1,28,0
138989,49581,Salaried,698,3283116,12,49,8.83,0.78,1,27,0
50764,3467,Self-Employed,690,4234737,7,46,15.17,1.75,2,23,0
39940,9114,Salaried,735,4572289,10,45,11.15,0.57,2,17,0
80285,26779,Salaried,693,815127,3,32,14.0,0.87,3,14,0
99590,4544,Salaried,713,1984062,5,25,10.42,1.08,2,14,0
170861,1617,Self-Employed,657,2187154,14,54,11.07,2.16,1,17,0
146583,47314,Salaried,643,1828650,14,57,13.29,1.77,1,20,0
180541,8496,Student,735,2878520,5,35,17.77,1.26,3,30,0
91614,28030,Salaried,741,3312983,1,56,14.35,1.91,1,16,0
52690,5046,Salaried,687,253811,7,35,17.39,0.81,2,22,1
30797,9647,Salaried,665,3845627,7,43,17.61,2.39,3,26,0
199566,52268,Salaried,677,3159070,12,26,10.48,2.28,3,28,0
193417,11885,Self-Employed,722,3999244,8,41,11.46,1.04,3,12,0
49361,14758,Self-Employed,659,2298753,4,43,15.81,2.02,2,11,0
111917,35380,Self-Employed,727,604700,9,36,16.73,1.76,3,15,1
80158,30632,Salaried,605,90449,4,35,13.43,0.65,3,28,1
85499,27521,Salaried,742,2958760,10,45,17.94,1.2,1,24,0
15987,5310,Salaried,766,3221743,8,56,8.61,3.0,1,13,0
131751,50281,Self-Employed,708,1219715,5,31,11.35,0.75,3,28,0
30169,9584,Salaried,690,3835407,5,35,14.42,1.77,2,16,0
121081,5362,Self-Employed,650,1287293,6,24,12.96,2.62,2,29,0
127637,39023,Self-Employed,692,2660320,12,41,9.61,1.25,2,30,0
162079,14241,Salaried,714,506185,10,33,11.99,1.15,2,23,0
53805,527,Self-Employed,687,1904080,11,42,8.74,2.73,1,16,0
20149,1032,Salaried,712,2058880,4,39,14.61,1.26,2,29,0
160074,43098,Self-Employed,688,2524427,7,54,16.98,2.13,2,23,0
163382,55398,Self-Employed,726,4860321,4,34,16.91,2.35,3,14,0
177581,386,Salaried,774,2188030,6,24,15.15,2.47,2,24,0
168024,21529,Salaried,719,2733684,10,47,12.92,2.99,2,21,1
156779,22576,Salaried,629,750066,13,49,13.36,2.51,2,26,0
54979,7873,Self-Employed,776,4900258,10,48,9.8,2.14,2,30,0
145364,31971,Salaried,677,3069517,2,55,11.74,2.74,1,14,0
39009,94,Self-Employed,698,2637033,3,28,10.28,2.76,3,28,0
35860,7276,Self-Employed,711,3245335,2,36,16.3,2.93,1,19,0
33330,6115,Salaried,719,582358,9,56,17.19,2.44,3,21,0
21589,3607,Self-Employed,751,3030631,11,50,13.6,0.99,3,11,0
162818,28514,Self-Employed,709,1554777,1,38,15.41,2.27,3,26,0
125853,42881,Salaried,780,3479031,1,22,9.65,0.69,3,14,0
120722,35139,Salaried,658,3933734,13,33,14.28,1.29,1,24,0
55768,9461,Self-Employed,594,1983630,2,24,15.18,0.79,3,29,0
143885,14372,Self-Employed,742,2444712,8,46,12.8,2.87,2,22,1
94324,35249,Salaried,803,3435375,7,45,10.81,1.35,2,29,1
149756,23795,Student,612,906798,1,50,16.84,2.28,3,20,0
62387,20159,Self-Employed,665,1902040,12,31,15.56,1.93,2,27,0
80552,8308,Salaried,720,762111,11,27,17.05,0.77,2,18,0
134746,48347,Student,660,1416825,4,51,16.27,1.9,3,25,0
87656,5702,Salaried,718,1987627,14,30,17.91,2.15,3,24,1
139983,34142,Self-Employed,770,2249433,14,59,10.33,2.7,3,13,0
77969,3892,Salaried,680,1325421,13,33,9.32,0.68,1,21,0
32809,3661,Salaried,715,1993419,4,51,11.7,1.24,3,22,0
197997,37049,Salaried,636,2547537,2,27,9.73,2.23,3,18,0
101940,27757,Self-Employed,638,2836278,7,56,13.47,0.59,1,24,0
162318,24996,Salaried,721,4862961,2,40,14.51,1.01,2,27,0
49169,16829,Salaried,741,1970695,8,24,13.99,1.05,1,29,0
133576,37584,Student,753,2250305,7,27,10.96,2.17,2,16,1
89967,9496,Salaried,683,3456009,12,21,17.13,1.21,1,30,0
60489,12495,Self-Employed,709,802648,13,33,8.7,2.0,3,21,1
70919,16950,Salaried,753,447348,2,42,11.81,2.91,1,19,1
166623,26296,Salaried,659,149074,1,41,15.33,2.48,3,16,0
51622,3118,Self-Employed,682,2989961,7,42,15.79,1.33,2,23,0
178878,17659,Self-Employed,674,691075,6,48,12.45,1.68,3,24,0
117555,9305,Self-Employed,720,1174702,5,29,8.66,1.0,1,13,0
55430,3123,Salaried,743,4380919,13,46,14.37,0.54,1,17,0
99117,36679,Salaried,680,4773391,4,29,9.1,1.22,2,28,0
139713,54512,Student,647,1516478,8,35,9.52,1.42,3,28,0
181266,14497,Self-Employed,743,2788659,11,30,14.68,1.91,2,14,0
53130,4693,Self-Employed,709,637453,9,44,11.47,2.86,3,12,1
81775,6566,Salaried,709,1676013,2,28,11.81,2.87,3,19,0
105710,26663,Salaried,722,3453734,2,44,13.12,0.68,2,24,0
85043,14735,Salaried,765,1442775,10,36,17.8,2.04,2,11,0
53135,2890,Self-Employed,721,251657,1,46,17.67,0.61,3,30,0
25119,7351,Self-Employed,740,180775,10,47,12.45,2.12,2,19,0
75262,4681,Self-Employed,688,1795234,14,57,11.02,0.79,3,25,0
167015,38785,Self-Employed,697,4625454,1,24,11.37,2.87,2,12,0
160780,58600,Student,738,3206730,10,44,11.05,2.66,2,16,0
47556,2427,Salaried,678,271746,4,39,13.56,0.56,2,28,0
30154,7810,Student,679,201521,14,56,14.27,2.46,1,24,0
25426,7504,Salaried,672,4361079,9,59,13.14,2.09,2,21,0
118841,32094,Student,611,4235880,6,30,12.38,1.74,1,11,0
93872,20872,Salaried,700,4968507,10,45,10.51,2.01,3,22,0
32167,5924,Salaried,658,74022,11,38,13.08,2.2,3,29,0
98796,10027,Salaried,639,446742,6,39,11.74,2.71,2,28,0
53286,2657,Salaried,768,150960,2,56,13.65,2.42,1,16,0
119162,23707,Self-Employed,614,2801087,11,30,14.91,1.94,3,12,0
106512,8758,Self-Employed,702,1061403,10,53,14.52,2.56,1,15,0
169946,14281,Salaried,644,1496846,5,25,12.89,2.97,1,10,0
81846,29146,Salaried,653,2704676,2,55,13.78,1.25,3,30,0
109467,32076,Self-Employed,733,340714,12,54,11.21,0.8,1,11,0
135640,7077,Self-Employed,704,1862867,5,53,8.73,2.33,1,10,0
46174,17096,Salaried,649,2697349,6,41,14.44,2.95,3,13,0
74331,14614,Salaried,708,377526,9,37,10.9,0.79,2,14,0
134952,14609,Salaried,651,2061022,12,42,14.86,1.58,2,11,0
155111,14990,Salaried,681,2481500,9,57,15.6,0.66,1,25,0
84211,12907,Self-Employed,645,4193904,4,35,17.2,2.44,2,17,0
198581,6472,Salaried,753,1049529,2,55,17.6,2.87,3,24,0
189224,49104,Salaried,695,2093303,7,48,8.6,1.75,3,20,0
192244,4355,Salaried,744,2683719,4,27,17.91,1.52,3,19,0
154333,4474,Salaried,826,2567293,12,52,14.99,2.77,1,12,0
58724,10663,Salaried,758,2738828,4,31,14.61,0.83,3,20,0
61627,8303,Self-Employed,666,256823,7,30,8.64,2.73,1,26,0
177325,24230,Salaried,729,4533473,14,29,16.68,1.48,1,19,1
92661,20998,Self-Employed,668,3410408,8,34,9.88,1.9,3,26,0
120887,1637,Salaried,746,4600642,4,33,16.45,1.82,3,23,0
198429,8669,Student,572,3607854,13,45,8.65,2.04,1,10,0
110825,32780,Self-Employed,769,1410247,9,22,14.64,2.86,3,18,1
106005,15903,Student,599,1071983,8,55,12.63,2.88,2,24,0
192411,16087,Self-Employed,702,2565091,3,27,10.41,2.58,1,13,0
136401,20455,Salaried,691,3618918,12,41,9.52,0.98,1,29,0
150008,33166,Salaried,665,3361784,12,38,12.68,1.33,3,30,0
168222,22061,Self-Employed,678,4350675,1,23,9.67,1.72,3,12,0
49593,13786,Salaried,680,3387864,1,59,13.12,2.76,1,29,0
88356,1499,Self-Employed,707,2089242,8,31,14.44,1.8,1,30,0
66940,21260,Student,689,2907547,4,59,16.36,2.94,1,16,0
67196,375,Salaried,658,3382299,13,44,14.95,2.96,3,30,0
139283,49892,Salaried,716,3405672,14,39,9.12,2.0,1,12,0
32373,12684,Self-Employed,717,998784,14,24,11.42,2.69,2,24,0
41583,6360,Salaried,660,1735978,5,46,11.24,3.0,2,19,0
188420,24395,Salaried,706,705860,14,58,17.19,2.62,3,25,0
121598,15720,Salaried,638,4989380,6,52,16.74,2.14,1,26,0
186612,26255,Salaried,655,2693508,2,59,12.02,2.61,1,28,0
100237,5769,Student,700,4410538,5,56,9.18,0.71,2,10,0
37102,5152,Salaried,731,493604,8,57,16.99,2.09,1,10,0
169731,23088,Salaried,685,4110097,6,53,16.94,1.04,3,30,1
132843,21148,Self-Employed,668,4217542,8,56,16.62,0.79,3,23,0
186783,17748,Self-Employed,723,3883574,5,23,16.53,2.73,3,11,0
149158,25535,Self-Employed,696,4644927,7,29,13.06,2.1,1,11,0
64079,1343,Salaried,718,90565,4,28,10.19,1.11,1,29,1
101916,14016,Self-Employed,691,4529143,9,53,13.04,1.47,2,19,0
96257,1505,Salaried,772,4395237,14,26,13.2,2.93,2,24,0
84393,26671,Salaried,706,1174232,7,59,13.15,2.66,3,24,0
30489,10637,Self-Employed,760,219162,6,24,13.62,0.54,1,16,0
148627,50241,Salaried,649,2737434,6,33,10.95,2.95,1,17,0
92982,6304,Salaried,759,2520319,11,22,11.98,1.42,3,20,1
90842,2589,Salaried,662,2029681,5,25,12.62,2.24,3,25,0
117605,3970,Student,773,4548178,9,47,9.75,2.28,2,16,0
152022,35694,Self-Employed,735,3089933,10,52,12.83,2.78,2,29,0
177605,22880,Salaried,630,1687346,9,41,16.2,2.71,3,18,1
174402,16139,Salaried,718,4249287,6,28,16.37,1.2,1,28,0
64029,21329,Salaried,693,691800,3,58,12.41,2.11,2,10,0
123119,34621,Salaried,664,2300056,13,28,13.43,1.48,3,27,0
196737,41862,Salaried,599,3979570,13,23,8.82,1.81,1,17,0
151352,37012,Salaried,735,2633092,14,23,14.91,1.89,3,17,1
164477,2821,Self-Employed,664,4238084,3,42,12.34,1.49,1,17,0
170870,863,Salaried,755,1153035,2,26,12.73,1.66,2,23,0
154201,26418,Self-Employed,643,546626,5,22,16.8,1.02,1,11,0
141675,28213,Self-Employed,750,328429,7,43,12.89,2.02,1,12,1
116041,23340,Salaried,761,1044426,4,22,8.7,2.4,3,16,1
124588,11154,Salaried,662,1711393,3,58,10.66,1.57,1,12,0
104170,26292,Self-Employed,730,3212633,2,37,13.02,2.94,2,24,0
172306,66538,Salaried,669,1978347,10,55,12.53,0.64,3,20,0
143993,11330,Salaried,709,4829577,5,54,16.67,1.97,3,11,0
151322,40280,Salaried,656,2183520,9,43,13.65,1.96,3,27,0
73900,15494,Salaried,720,4644641,6,50,15.05,0.59,3,23,0
102409,37664,Student,657,1886301,12,28,12.96,1.06,3,27,0
90276,12559,Salaried,720,4194101,2,42,12.68,2.76,3,11,0
112847,38206,Salaried,729,1393961,11,56,12.74,1.86,3,13,0
160906,15577,Salaried,682,2533587,5,25,12.4,1.59,2,23,0
17674,2873,Salaried,823,3614610,3,33,13.62,1.54,2,16,0
143544,52342,Salaried,559,4231497,6,49,10.88,2.72,3,24,0
45284,14333,Student,721,4409076,13,51,16.97,1.42,1,15,0
30015,9184,Student,725,4573088,7,36,11.66,2.65,3,14,1
191776,42369,Self-Employed,648,3876994,4,50,9.9,1.27,3,29,1
143925,9145,Salaried,656,3651070,10,36,9.42,1.83,3,27,0
145085,2749,Salaried,802,2312353,1,32,8.63,0.86,1,20,0
17064,5502,Salaried,593,2633896,14,37,12.52,2.56,2,17,0
161396,63960,Salaried,590,1393348,6,36,10.28,2.34,1,21,1
56098,4923,Salaried,780,2482833,8,32,8.71,1.83,1,27,0
158375,50701,Self-Employed,770,2558648,4,28,13.44,0.56,1,24,1
153039,6661,Salaried,710,2762510,9,40,14.96,1.7,1,17,0
183768,70246,Salaried,663,2687023,1,23,9.31,1.06,3,13,0
152181,42677,Self-Employed,767,3856708,10,36,12.88,1.53,2,30,0
168075,27571,Salaried,823,686480,1,50,15.56,2.64,1,24,0
178118,70977,Salaried,744,1421028,4,43,17.87,2.42,2,20,0
139293,14071,Self-Employed,795,4770710,8,48,14.84,1.1,3,10,0
96271,19158,Self-Employed,640,3518454,12,25,10.83,2.96,3,11,0
167777,44653,Salaried,730,828873,13,40,15.31,2.76,2,17,1
77185,12777,Salaried,724,496295,5,21,14.18,1.82,3,25,1
134599,33181,Salaried,684,2915530,6,50,10.51,1.83,2,10,1
31225,1946,Salaried,729,3975300,10,41,16.59,2.75,1,12,0
175262,26141,Salaried,700,4611295,5,40,12.56,2.09,3,27,0
29012,2121,Salaried,722,3639974,8,26,17.64,1.84,3,25,0
64757,21119,Self-Employed,696,1489485,5,42,15.37,2.37,2,30,0
131832,31795,Self-Employed,727,2673223,7,38,14.62,1.09,3,29,1
32426,9036,Self-Employed,653,753446,3,28,15.42,2.7,1,29,0
139158,17978,Salaried,709,4354395,9,59,13.04,1.83,3,22,0
84770,26720,Salaried,672,849800,10,52,13.3,2.01,3,29,0
23734,8883,Self-Employed,680,3121487,8,53,16.59,0.72,3,13,0
196374,15624,Self-Employed,577,1378142,2,36,14.97,1.27,2,13,0
194304,32743,Salaried,704,4037422,10,32,17.02,1.57,1,11,0
130106,28357,Salaried,729,2099871,7,58,16.96,1.53,1,22,0
113171,2446,Salaried,549,755051,4,54,17.78,2.45,3,22,1
37343,11328,Self-Employed,664,3552896,9,34,15.15,1.21,3,29,0
30784,2758,Self-Employed,765,1637582,14,56,13.27,0.96,2,16,0
115668,26832,Salaried,610,4650384,11,53,10.08,1.96,1,16,0
192187,56210,Salaried,741,1586843,2,43,15.2,2.04,3,26,0
156295,58666,Self-Employed,716,729520,1,22,11.27,0.8,1,19,0
195060,10348,Salaried,709,1113205,1,41,11.19,0.51,3,21,0
112275,40416,Salaried,724,1018305,5,22,10.76,2.79,3,25,0
129441,3800,Salaried,596,1388245,5,47,16.81,0.7,2,11,1
144401,31107,Student,689,4604142,9,29,16.75,2.74,1,30,0
171014,68363,Salaried,695,292723,6,21,14.49,1.5,1,18,0
130900,23729,Salaried,673,3818995,14,31,12.99,2.13,3,21,0
24457,1154,Self-Employed,727,1953046,6,23,14.89,0.96,3,26,0
40600,13010,Salaried,758,3625115,4,43,14.27,2.56,2,25,0
28149,6940,Salaried,720,2404112,9,46,12.45,0.95,3,14,0
19789,3775,Salaried,742,2339358,2,24,12.11,1.47,1,28,0
171049,129,Salaried,704,3732358,2,38,12.14,1.1,2,26,0
67664,4860,Self-Employed,692,2652807,4,26,14.1,2.59,1,12,0
146809,29429,Salaried,736,4692356,14,55,14.65,2.65,2,26,0
113730,24509,Salaried,710,2663182,2,42,12.79,1.43,1,24,0
87618,25532,Salaried,686,4490434,14,35,17.7,1.27,3,28,0
45346,10317,Self-Employed,692,4725919,2,42,9.3,2.43,1,24,0
25934,4021,Self-Employed,676,4726195,13,57,11.8,2.7,1,27,0
116150,35732,Self-Employed,596,3437752,4,32,12.48,2.06,2,21,0
34116,6473,Salaried,600,132604,5,58,8.66,2.82,1,21,0
182596,54606,Salaried,767,2432508,7,38,11.97,1.46,3,12,1
181901,56309,Salaried,627,2033756,13,55,11.1,0.88,2,20,0
186742,67603,Self-Employed,745,1521602,13,50,13.31,0.95,2,19,0
180913,44713,Self-Employed,753,388781,3,44,11.7,2.17,1,24,0
135918,24500,Self-Employed,770,4699922,12,50,15.4,1.52,2,20,0
179125,11957,Salaried,706,2293256,11,34,13.34,0.89,3,10,0
56247,10280,Salaried,667,4450908,11,26,9.73,1.23,1,29,0
31025,9780,Student,753,3450205,8,23,15.63,1.83,3,13,0
188226,28830,Salaried,681,2439905,10,36,9.44,0.8,1,30,0
133278,45167,Self-Employed,776,4725616,8,27,16.47,0.51,1,30,1
36506,7683,Salaried,692,1608569,9,34,17.35,2.79,2,17,0
44328,12176,Salaried,684,4534603,10,29,11.56,1.26,2,29,1
182157,11251,Salaried,727,4516071,9,35,17.3,1.05,2,22,1
18061,264,Salaried,646,2638160,5,41,16.03,2.25,1,26,0
155517,33490,Salaried,660,1319343,13,55,17.26,2.63,2,24,0
42946,3819,Self-Employed,681,4845607,7,22,14.83,2.08,3,30,0
138208,33193,Student,681,1446615,13,47,10.74,1.14,2,10,0
144022,17684,Self-Employed,677,4473655,10,22,17.0,2.65,3,12,0
164816,63094,Salaried,674,2063491,2,55,10.25,1.78,2,30,1
111946,30808,Self-Employed,700,2641090,3,38,10.52,1.45,1,26,0
82975,7804,Self-Employed,688,2356972,6,34,11.08,2.01,2,13,0
114248,24604,Salaried,666,2309071,6,40,11.39,2.25,3,17,0
110619,34433,Self-Employed,684,1205831,14,38,13.39,1.98,3,24,0
180625,28525,Salaried,746,2173397,1,30,15.28,2.8,2,17,0
140983,9338,Salaried,742,4844477,12,45,17.3,2.07,3,23,0
60013,7899,Self-Employed,701,2867422,14,22,9.34,2.7,1,15,1
160991,33337,Salaried,713,2199138,9,45,17.57,1.97,2,24,1
43807,14409,Self-Employed,729,1699383,11,53,17.25,1.32,3,29,0
123333,4671,Salaried,669,4635678,13,56,9.01,1.83,2,18,0
130792,21242,Self-Employed,706,3021176,5,51,11.92,0.72,2,14,1
70535,12648,Self-Employed,689,1800914,5,34,16.22,1.08,2,22,0
150824,24507,Salaried,645,4436262,7,21,14.31,2.42,2,16,0
162218,50497,Salaried,666,2748177,8,36,15.9,2.15,2,26,0
173404,51434,Salaried,776,1412797,10,23,15.33,0.92,1,17,1
80197,7110,Salaried,718,3495632,9,55,13.22,1.6,2,14,0
38202,4726,Self-Employed,743,2008279,2,26,8.89,0.85,1,16,0
191924,5027,Self-Employed,733,59012,12,45,14.05,2.64,2,17,1
98794,25099,Salaried,656,3120890,7,33,8.96,0.77,3,16,0
24218,5404,Self-Employed,645,4872325,11,54,14.24,2.14,2,21,0
191561,63721,Salaried,702,1654313,6,28,16.1,2.02,2,15,0
35243,1686,Salaried,703,3834960,1,41,14.06,1.68,3,30,0
55205,15162,Salaried,594,2320256,6,54,17.97,1.2,1,30,0
147548,54022,Salaried,666,554204,11,24,12.83,1.51,1,13,1
73739,8066,Salaried,679,398109,5,45,15.61,2.52,1,12,0
86895,14364,Salaried,623,3664773,11,35,14.84,2.4,1,14,0
15615,4652,Salaried,618,2517108,3,24,17.92,2.35,3,28,0
76700,8109,Student,737,4781909,11,32,15.28,2.37,1,17,0
197495,25622,Self-Employed,665,4184286,12,52,10.06,0.86,1,14,0
31689,5701,Self-Employed,652,3450633,7,52,17.58,0.75,1,22,0
75021,23404,Self-Employed,615,3843730,14,48,14.84,2.65,1,19,0
106826,26108,Salaried,664,2133913,1,33,9.06,2.59,1,15,0
184870,49330,Student,613,2181723,14,51,14.75,2.2,2,10,0
60038,1542,Self-Employed,680,783442,11,34,16.89,2.01,2,20,1
26230,1381,Salaried,725,3002694,2,40,13.98,1.42,1,29,0
34575,9788,Salaried,760,1375682,11,38,11.86,1.06,3,18,0
105388,30684,Self-Employed,716,4895640,9,49,16.3,2.17,3,25,0
176113,10715,Student,638,3590852,1,26,15.93,2.78,2,24,0
68648,21134,Salaried,645,1085992,12,52,13.67,1.59,3,14,0
136657,1150,Salaried,647,1335406,2,49,9.97,1.26,2,24,0
155880,52330,Self-Employed,598,3001791,12,22,10.88,1.18,1,10,0
119691,39601,Self-Employed,770,3032402,4,43,15.52,0.56,1,24,0
33212,11790,Self-Employed,772,106152,12,39,16.16,1.8,3,13,0
137377,45885,Salaried,794,4153386,12,51,11.15,2.97,3,25,0
34050,549,Self-Employed,708,2928596,14,25,12.0,2.54,3,16,0
185045,23574,Self-Employed,719,63869,3,39,9.24,2.74,1,17,0
158194,43827,Self-Employed,688,2272814,12,54,15.28,2.05,1,30,0
90675,19514,Self-Employed,769,2070779,10,30,8.53,1.7,3,11,0
171133,9947,Self-Employed,746,4812347,9,45,8.94,2.98,3,21,0
52921,15340,Self-Employed,732,4443699,6,22,8.54,1.62,3,11,0
17155,5360,Student,784,2457721,7,31,14.63,2.79,3,23,0
139264,48974,Salaried,667,1278391,5,51,12.47,2.4,2,28,0
183749,56321,Self-Employed,678,2515254,1,35,11.33,1.33,3,29,0
39085,14812,Self-Employed,625,4019243,5,29,17.17,1.76,3,15,0
24605,2808,Student,695,3558438,6,43,10.33,1.46,2,28,0
153621,52632,Salaried,689,336102,4,39,12.2,0.84,2,26,1
117478,37538,Salaried,702,3922866,1,29,17.43,1.39,2,12,0
185002,32407,Salaried,744,1102063,9,55,12.56,2.72,2,29,0
109961,19571,Salaried,674,357311,3,41,13.77,2.38,3,19,0
54599,16775,Self-Employed,726,4314991,5,29,9.26,1.19,1,22,0
101284,19691,Self-Employed,705,4358783,6,48,16.01,1.42,1,29,0
58199,11556,Salaried,719,1905121,11,27,12.52,2.04,1,27,0
195499,12938,Salaried,672,1111449,5,36,16.1,1.54,1,28,0
38461,4326,Salaried,673,2744598,1,36,10.91,1.76,1,26,0
181033,43007,Salaried,804,1970831,14,53,12.51,2.25,1,17,0
171548,10686,Salaried,602,1933224,2,24,15.97,1.67,2,27,0
156439,19629,Salaried,606,472994,12,24,17.75,0.98,2,16,1
24275,1658,Self-Employed,735,1506040,6,59,9.07,1.8,1,20,0
56150,16844,Self-Employed,761,3127534,12,37,16.22,1.39,3,12,1
54316,3024,Salaried,616,4682505,12,57,11.36,1.23,3,11,0
149942,34094,Self-Employed,725,4896899,7,59,13.73,1.32,1,28,0
178161,53595,Self-Employed,753,211101,13,49,11.26,1.6,3,20,0
185114,45957,Salaried,637,3645195,3,56,14.33,2.72,2,17,0
146895,26472,Salaried,679,3599551,8,58,11.86,2.34,2,20,0
129540,10819,Self-Employed,762,4805260,10,59,11.67,2.17,3,11,0
62717,2866,Student,686,3548352,1,57,8.86,1.68,1,21,0
150673,12930,Self-Employed,697,2167347,9,55,9.9,0.5,2,18,0
127265,40854,Salaried,656,2345614,7,27,17.21,1.35,3,15,0
58585,19278,Salaried,652,1751009,8,47,17.98,2.53,3,21,0
122158,45076,Self-Employed,706,3639337,8,48,15.91,1.47,2,27,0
158489,31300,Salaried,661,814797,2,42,11.22,1.91,2,14,1
146960,41983,Self-Employed,688,1128000,8,34,12.32,1.01,1,26,0
26075,6315,Student,691,1148168,6,27,15.53,2.79,3,25,0
154270,34354,Salaried,692,1935428,13,57,17.7,2.81,1,21,0
31057,1310,Salaried,706,896454,11,42,12.83,0.87,2,11,0
113812,7319,Self-Employed,668,3394181,5,25,16.38,2.31,3,25,0
107203,25293,Salaried,696,3065989,6,22,17.76,0.69,2,10,0
70333,27277,Student,696,4497434,9,47,16.8,2.0,2,29,0
77958,6827,Salaried,723,3619829,1,41,10.66,0.95,2,11,0
63110,11110,Salaried,666,4384965,14,58,8.58,0.86,1,22,0
184299,14937,Self-Employed,726,2557913,6,35,13.17,0.51,2,25,0
194194,33746,Student,678,4358368,12,41,13.55,2.85,1,10,0
195361,58097,Salaried,692,323591,3,30,10.41,2.57,2,28,0
110894,13907,Salaried,746,3087025,10,43,11.2,0.69,2,13,0
38560,3034,Salaried,724,1233132,4,59,15.77,2.0,3,29,0
35936,6844,Salaried,709,2511565,1,25,12.97,1.08,2,12,0
20380,1146,Salaried,799,4972613,11,21,11.51,1.16,3,11,0
107551,5983,Salaried,652,2878369,6,33,14.41,2.69,3,21,0
51366,20187,Salaried,635,3100435,6,41,14.7,0.79,1,22,0
85994,22300,Salaried,681,472701,14,46,15.81,2.0,3,27,1
132713,32471,Student,755,3668427,13,41,9.99,1.5,3,14,0
49725,19450,Salaried,686,2231752,10,38,15.54,0.98,2,21,0
35115,1101,Salaried,731,1733534,3,57,14.19,1.63,2,28,0
96666,18815,Self-Employed,743,60728,13,52,9.05,2.85,1,10,0
51214,12820,Self-Employed,795,1111999,6,56,15.89,2.45,3,18,0
77979,4829,Student,745,1175546,14,37,12.14,0.83,3,10,0
162708,57467,Self-Employed,632,446605,10,55,11.64,2.62,1,27,0
83481,9352,Salaried,691,3787644,2,31,12.76,2.84,2,12,0
85648,16937,Salaried,741,4030515,10,41,11.79,1.19,3,15,0
75482,13562,Salaried,606,106625,8,46,11.71,1.33,1,13,0
86246,12588,Self-Employed,705,2860860,13,24,16.18,0.82,2,21,0
95732,18089,Salaried,601,3591450,9,54,9.68,1.36,1,21,0
59840,16136,Salaried,733,3854178,2,38,17.72,2.18,1,14,0
179813,21661,Salaried,792,2051754,11,55,13.77,1.18,3,30,0
84278,28792,Self-Employed,644,2063279,2,49,10.24,0.52,2,22,0
154108,40364,Salaried,736,3969059,4,49,9.75,1.35,3,21,0
92564,19823,Salaried,717,463113,4,58,14.12,1.63,3,13,0
117760,26897,Self-Employed,719,950281,9,41,14.51,1.92,2,15,0
83289,31941,Salaried,764,2452321,10,33,9.0,2.21,2,28,0
19858,1963,Salaried,732,3282094,7,37,10.81,0.65,2,15,0
77624,7307,Salaried,645,2283355,12,29,16.06,1.67,3,15,0
162318,17216,Salaried,840,4876616,2,21,8.97,1.17,2,20,0
26301,9515,Self-Employed,721,2594803,5,22,16.62,2.87,2,23,0
37836,8453,Salaried,692,3238858,5,49,14.75,1.4,2,12,0
185484,4782,Salaried,749,2706986,2,53,12.63,0.75,1,17,0
117617,22030,Self-Employed,653,2128101,8,30,11.79,0.6,2,13,0
33055,916,Salaried,632,1446629,14,41,8.68,1.16,3,25,0
66884,24098,Self-Employed,682,225748,11,48,16.34,0.95,1,27,1
22101,4743,Salaried,687,3969257,5,31,9.86,2.12,3,16,0
65918,8219,Salaried,744,459759,13,54,11.44,2.62,1,20,0
93950,7749,Self-Employed,764,4535136,2,28,13.91,1.28,2,17,0
119152,39585,Salaried,664,3435162,13,42,10.84,1.94,1,29,0
151344,44134,Salaried,703,1692147,2,28,13.22,2.33,3,15,0
147679,21458,Self-Employed,578,1892653,14,35,16.19,1.5,1,25,0
111447,26578,Self-Employed,695,4702328,5,37,12.97,0.67,2,14,0
48539,11440,Student,732,3086753,8,43,17.52,1.07,2,15,0
147223,21698,Salaried,733,1956847,2,44,16.55,2.71,3,15,0
131801,35745,Student,641,2726853,7,39,11.66,2.56,1,11,0
92521,28707,Student,619,4970347,4,25,12.3,0.72,3,16,0
111818,38345,Salaried,821,4418108,9,52,12.52,1.06,3,18,0
96785,35391,Student,658,1324968,12,21,14.45,2.42,3,24,0
52748,3878,Salaried,704,4855742,5,43,11.22,1.71,2,30,0
154769,21624,Self-Employed,711,2170883,5,57,17.71,2.4,1,23,0
142872,2066,Self-Employed,728,1853137,8,28,14.28,1.03,2,30,1
56041,20558,Self-Employed,714,1796075,8,33,12.29,2.88,2,22,0
159212,49613,Self-Employed,647,1589914,7,28,14.63,2.46,2,14,0
117865,24511,Salaried,702,2825883,11,43,12.26,0.99,1,26,0
165267,27315,Salaried,737,1829182,14,21,16.27,1.9,2,14,0
112357,9729,Salaried,661,2059885,7,44,13.89,0.78,2,12,0
130603,48245,Self-Employed,661,2374962,4,55,8.9,1.4,2,18,0
80074,25436,Salaried,674,3726862,1,44,10.18,2.15,1,18,0
195510,30996,Self-Employed,673,2862194,9,37,16.72,1.33,1,13,0
184143,52268,Salaried,631,1229568,11,25,13.85,2.14,3,29,0
182523,51413,Self-Employed,665,1736150,8,40,17.53,1.11,2,20,0
159151,61479,Salaried,692,3790079,8,41,9.19,2.3,2,26,0
191636,527,Salaried,693,3420116,11,51,11.3,1.4,1,23,0
32230,10309,Self-Employed,739,1967953,12,56,10.34,2.48,1,19,0
135801,15437,Student,800,4237056,13,31,13.76,0.84,2,14,0
28155,11255,Salaried,637,1002602,11,35,12.14,1.4,3,30,0
54605,12396,Salaried,618,2341625,10,39,9.99,1.66,3,30,0
50297,13209,Self-Employed,728,2499798,9,27,14.61,1.56,2,26,0
147267,38997,Salaried,684,972809,12,48,13.59,1.58,3,25,0
63648,9345,Self-Employed,702,4276425,8,25,11.11,1.61,3,10,0
31494,8775,Self-Employed,761,1098120,1,25,13.06,2.97,2,19,0
96213,22765,Salaried,650,2573517,1,50,15.58,0.98,3,21,0
16316,5454,Self-Employed,827,3134266,5,52,10.45,2.42,1,27,0
130594,40389,Salaried,650,3583654,6,28,11.28,1.88,2,10,0
62719,8349,Salaried,696,4132925,4,30,11.79,1.53,1,21,0
156832,11584,Salaried,663,2567850,2,58,15.59,2.08,2,29,0
170312,10015,Self-Employed,646,2198652,6,52,16.55,2.63,1,15,0
195703,76190,Self-Employed,735,274376,8,48,12.08,1.67,3,17,1
106837,35408,Self-Employed,654,1838204,6,37,11.32,2.66,1,23,0
43317,1217,Salaried,757,1636444,1,51,16.95,0.73,1,14,0
35742,1449,Salaried,731,1172731,13,28,17.99,2.13,1,13,0
129527,32874,Salaried,689,776272,11,45,14.87,1.33,1,25,1
37449,5885,Salaried,680,489090,10,29,17.9,1.47,1,15,0
139576,34902,Self-Employed,627,365111,8,22,14.77,1.93,2,12,0
90723,6668,Salaried,658,2926137,3,35,15.47,1.7,1,13,0
53250,16076,Self-Employed,770,1615474,3,23,12.19,1.45,1,17,0
130095,693,Salaried,602,4173053,7,56,12.61,1.27,2,23,0
89710,11352,Self-Employed,710,3503705,12,24,9.87,2.05,2,16,0
173264,37489,Salaried,682,1993181,2,34,16.32,1.76,3,13,0
76410,26468,Salaried,771,1812671,11,45,17.35,1.31,1,28,0
137747,35271,Student,693,73439,3,30,14.42,1.01,1,20,1
134070,44917,Salaried,691,956030,14,41,11.76,2.44,3,24,1
138299,36892,Student,707,4007396,8,56,9.96,2.5,1,25,0
95570,31085,Self-Employed,839,1671398,11,32,11.02,1.03,3,15,0
130287,7288,Salaried,739,4767003,3,47,10.93,1.15,2,21,0
137609,1567,Student,710,2776217,9,22,14.33,1.1,1,17,0
126098,2963,Salaried,687,3854130,2,33,17.48,2.71,1,19,0
26226,6930,Salaried,644,210887,11,52,8.96,2.44,2,20,0
163537,7994,Self-Employed,647,4696586,13,51,8.51,0.69,1,18,0
97124,23168,Salaried,718,1878864,11,36,14.2,2.58,2,26,0
154175,58581,Salaried,805,3341890,12,52,11.2,0.59,2,23,0
199310,15029,Salaried,692,994339,14,52,16.87,1.13,3,12,0
147316,2416,Self-Employed,641,3797235,2,54,11.61,2.8,2,18,0
128154,44938,Self-Employed,682,1160428,13,31,11.25,2.66,3,29,0
187263,4930,Student,672,4757583,3,30,11.06,2.45,2,27,0
197461,73306,Self-Employed,711,3844146,9,35,9.88,1.64,3,26,0
21544,948,Student,646,575982,6,37,14.02,1.3,3,14,1
64294,6001,Student,639,2719086,5,38,10.1,2.7,3,29,0
25910,837,Salaried,790,4902033,6,29,12.53,2.14,3,30,0
102905,33650,Salaried,756,1357729,13,45,12.88,1.24,1,30,0
139506,22369,Salaried,623,1972244,2,34,8.69,1.66,2,15,1
100553,18374,Self-Employed,719,3510762,12,45,8.66,2.7,2,12,0
199446,29404,Salaried,683,534948,9,42,13.44,2.76,2,25,1
47022,4711,Salaried,631,4730078,3,50,15.11,2.15,2,24,0
57692,580,Salaried,806,2990322,11,40,17.45,2.33,3,17,1
122966,37827,Salaried,735,4183230,1,41,10.2,0.6,1,18,0
125078,42078,Salaried,761,4011047,5,52,9.48,2.01,2,13,0
143863,40478,Salaried,694,2811774,8,41,8.99,2.22,2,22,0
123924,13570,Salaried,721,1128181,3,55,12.64,0.55,2,12,0
93206,27839,Salaried,702,1720411,6,52,14.42,2.61,3,30,1
152410,49114,Salaried,677,2195575,10,50,16.49,2.82,2,16,0
153878,757,Self-Employed,705,3969144,10,59,14.99,1.09,2,25,0
102562,8774,Student,710,3590765,2,32,10.48,2.61,1,26,0
25372,8380,Salaried,750,4959334,14,38,12.89,2.16,3,26,1
21107,2793,Salaried,816,1523400,3,41,17.15,1.95,1,28,0
139143,21248,Salaried,661,2355129,2,33,11.6,2.61,2,29,0
196912,19369,Salaried,748,1094733,3,41,13.24,1.21,3,26,0
22717,4516,Salaried,777,3668558,6,28,17.61,2.48,2,11,0
47532,14461,Self-Employed,647,978567,2,27,15.48,1.29,2,14,0
196625,33585,Salaried,693,466428,11,43,15.6,2.47,3,25,0
29026,5480,Salaried,748,1023248,6,52,10.9,1.63,1,20,0
180675,67713,Salaried,670,1125091,3,31,12.44,0.79,3,15,0
163032,44055,Salaried,752,4734377,10,42,9.28,1.45,3,20,1
116276,18429,Salaried,729,963457,7,42,14.26,1.08,1,10,0
133251,28205,Self-Employed,702,917595,13,45,9.49,0.75,3,28,0
116824,38664,Self-Employed,715,338715,10,42,16.44,0.78,1,12,0
76829,5462,Salaried,731,3581145,11,48,16.24,2.45,1,17,0
174892,40315,Salaried,566,3208181,1,49,13.57,2.7,3,27,0
129165,49993,Salaried,676,1272465,1,33,9.84,2.82,3,22,0
65799,21282,Self-Employed,633,3141879,7,38,8.74,2.63,1,10,0
55144,10148,Salaried,767,725221,1,22,16.07,2.58,1,29,0
33637,11853,Salaried,740,3597093,14,49,14.2,0.67,1,26,0
162351,3299,Self-Employed,660,526113,6,41,15.25,2.48,1,14,1
43634,14760,Self-Employed,813,1105374,10,35,11.39,2.46,1,21,0
92751,7966,Salaried,709,2111369,9,47,13.34,0.83,3,20,1
148054,33864,Self-Employed,713,4091328,4,51,15.6,2.16,2,27,0
97593,7312,Self-Employed,746,2378897,3,35,12.89,1.63,3,17,0
151504,57225,Salaried,655,4243483,4,43,14.21,2.75,2,22,0
87427,21977,Self-Employed,681,4451228,9,44,16.0,2.24,1,11,1
113743,25654,Self-Employed,685,4313049,14,33,10.54,2.88,3,25,0
173371,3543,Student,669,1061987,1,42,9.13,0.76,2,21,0
135550,18096,Self-Employed,541,1441819,1,57,13.55,0.6,1,17,0
178424,21676,Salaried,684,1933998,1,53,9.09,2.93,3,13,0
143345,20301,Self-Employed,668,1021388,13,23,15.78,0.7,2,23,0
191950,5969,Student,805,1741368,12,39,15.33,1.47,3,18,0
75526,22378,Self-Employed,709,1497754,13,43,16.88,2.12,2,20,0
31444,7675,Self-Employed,645,2124678,3,49,14.58,2.7,3,25,0
39248,13394,Salaried,686,93237,8,50,9.14,1.14,3,15,1
23104,1310,Salaried,700,835345,6,59,10.9,0.57,2,21,0
24554,9129,Salaried,695,1514011,6,45,16.18,1.8,3,28,0
44602,11459,Salaried,709,732622,10,57,10.09,1.68,3,25,0
22543,8907,Salaried,710,900262,11,28,15.14,1.27,1,22,0
28872,303,Salaried,695,1161290,11,36,15.91,2.68,2,13,0
194788,66704,Salaried,700,4184667,7,28,11.64,2.37,3,21,0
191371,58765,Salaried,603,3211663,11,21,11.56,2.65,2,13,0
16320,5072,Self-Employed,714,135591,2,25,13.8,0.9,3,26,0
39061,14670,Self-Employed,740,2061718,9,23,16.68,2.23,2,23,0
131322,40598,Salaried,735,2555777,10,21,10.63,2.94,2,26,1
47882,12149,Salaried,729,1691089,13,24,17.44,2.03,1,10,0
194498,52167,Self-Employed,742,2178520,5,55,14.19,0.93,1,29,0
61097,23005,Self-Employed,714,728870,11,52,17.93,2.99,2,10,0
53418,18265,Self-Employed,694,4442604,4,54,9.35,1.82,3,11,0
188277,125,Salaried,679,416540,8,45,9.7,2.6,2,26,1
174094,9182,Self-Employed,801,1242568,1,30,16.35,0.87,3,10,0
148637,23373,Salaried,724,2040771,6,41,16.72,2.17,2,21,0
49510,5709,Self-Employed,730,4724569,4,59,12.73,2.78,1,22,0
146235,36078,Self-Employed,744,4488671,2,47,15.28,1.83,1,23,0
131565,29482,Salaried,726,2432970,10,47,16.74,1.22,3,19,1
177504,40426,Self-Employed,622,1791951,4,22,8.91,0.82,2,21,1
97990,4600,Self-Employed,742,2628356,7,33,13.95,1.24,3,27,0
110140,8287,Salaried,659,1995188,7,29,16.61,1.39,1,16,1
64849,16415,Salaried,705,1009012,9,56,12.28,2.27,2,28,0
42410,9895,Salaried,691,3046206,10,42,11.37,0.95,1,24,0
158336,28038,Salaried,725,601719,3,46,16.06,0.77,1,16,1
111815,42747,Self-Employed,755,774568,13,32,11.69,1.47,2,23,0
84015,14887,Self-Employed,665,1193417,11,37,8.53,1.65,3,18,0
162665,16167,Self-Employed,694,1655869,12,34,17.62,2.07,2,14,0
24756,8982,Salaried,666,3370108,10,34,14.13,2.27,1,10,0
112417,27782,Student,695,1543518,13,54,16.29,2.72,1,25,0
108396,13654,Salaried,737,3656743,13,40,16.34,1.22,1,14,0
95565,35531,Salaried,749,190017,11,31,9.13,1.82,1,17,1
127158,17130,Salaried,635,2651740,4,36,10.12,1.42,3,28,0
114837,16553,Salaried,762,4693138,10,51,11.46,0.5,2,29,0
29694,3346,Student,694,3329115,5,26,11.55,1.95,2,21,0
27420,1928,Self-Employed,636,2194124,6,39,14.76,2.54,3,17,0
97504,22854,Self-Employed,717,1985204,11,57,14.42,0.59,3,17,0
15973,4024,Self-Employed,715,3300647,10,24,13.2,0.51,1,15,0
69841,25346,Student,742,1961950,12,24,10.51,2.32,2,29,0
63063,24287,Salaried,702,1761638,3,40,12.13,2.21,2,18,0
80252,14136,Salaried,677,3947133,12,30,13.66,1.51,2,11,0
15018,858,Self-Employed,726,383060,9,44,12.95,2.15,3,27,0
52487,12943,Salaried,660,1598160,3,55,9.71,2.88,1,10,0
139660,45063,Student,758,1175894,8,46,14.67,1.12,1,20,0
67712,11274,Salaried,749,2906258,8,57,9.19,1.11,2,24,0
66827,23508,Self-Employed,683,2215924,12,58,12.09,0.97,1,21,0
157412,31093,Salaried,831,1732186,11,41,15.25,2.31,3,12,1
124446,30480,Salaried,723,2730928,11,59,8.69,1.38,3,28,0
102457,36940,Student,631,2359117,7,41,13.91,2.97,2,29,0
176327,25221,Salaried,759,264514,5,30,11.68,2.29,1,28,1
69714,7749,Student,712,4524988,9,58,8.58,1.42,3,19,0
182979,15221,Salaried,637,2103078,6,24,10.31,0.87,3,25,0
148271,47316,Self-Employed,722,236589,8,40,17.44,1.98,3,15,1
28894,3943,Salaried,730,271120,14,37,13.45,1.24,3,18,0
25691,2523,Salaried,644,1038128,13,27,17.97,2.76,1,17,0
82857,24533,Salaried,689,4225089,5,24,13.49,1.6,3,25,0
111784,40626,Self-Employed,659,2683068,8,49,13.67,1.23,3,17,0
184563,7946,Salaried,709,4540759,4,34,12.22,1.97,1,27,0
56876,14656,Salaried,676,1141550,1,23,11.45,0.84,2,14,0
96983,33327,Salaried,666,1315462,7,44,10.89,1.9,2,29,0
124287,12905,Self-Employed,723,3398979,4,57,11.76,0.64,3,21,0
17458,3065,Salaried,745,1333399,14,36,12.87,2.02,2,15,1
152378,41019,Salaried,658,2195696,8,24,10.32,1.83,1,11,0
22482,295,Self-Employed,720,1623663,6,44,10.64,1.8,3,13,0
72558,26455,Salaried,742,1833318,2,54,11.08,2.21,1,25,0
168947,11408,Salaried,780,3625225,2,50,12.77,0.61,2,23,0
168813,11913,Salaried,700,470431,14,38,14.7,1.65,2,26,1
34215,9198,Salaried,701,3015439,7,39,16.63,1.61,3,28,0
156583,56362,Student,647,1383986,12,51,11.23,1.65,2,13,0
93277,4841,Salaried,734,1353375,4,39,10.25,2.95,3,27,1
52185,8977,Self-Employed,686,3626297,2,39,12.1,0.85,3,21,0
134097,48302,Self-Employed,717,3611379,1,42,17.0,2.23,1,11,0
96610,13049,Salaried,642,4738589,7,44,8.59,1.5,2,15,0
190931,33178,Self-Employed,754,3646198,3,32,14.94,1.78,2,15,0
119139,34754,Salaried,724,3624115,7,50,13.03,2.41,3,12,0
185541,68831,Salaried,759,2717083,10,58,10.03,0.89,3,17,0
176352,42589,Salaried,700,4128832,11,51,11.55,2.41,3,21,0
132309,41578,Salaried,743,2854700,10,56,10.64,0.68,3,12,0
99269,14332,Self-Employed,672,4569161,2,39,16.84,1.71,1,11,0
155060,38067,Salaried,646,3550777,7,56,13.08,2.36,2,30,0
69641,1268,Salaried,643,2834629,2,50,13.85,0.98,1,10,0
68096,5868,Self-Employed,711,552827,11,53,14.14,2.43,2,27,0
119820,42109,Student,652,474363,11,38,14.58,0.92,1,27,0
193501,47743,Salaried,706,1426335,10,48,13.21,2.5,3,17,1
17966,6476,Salaried,748,3852035,6,31,8.67,1.67,1,23,0
36414,14306,Salaried,708,4656959,13,53,11.68,2.21,1,22,0
102091,7782,Salaried,733,1245053,9,37,10.25,2.79,3,24,0
163496,41274,Student,702,3347356,2,26,14.96,1.52,3,24,0
149308,3680,Salaried,651,4882716,10,24,9.04,1.08,2,22,0
100802,26488,Salaried,684,275612,12,40,13.86,2.67,2,13,1
57262,13853,Salaried,726,4933590,7,47,10.5,0.9,1,13,0
139958,17528,Salaried,677,3895056,11,35,17.51,2.08,1,14,0
57129,15692,Salaried,705,157535,8,26,11.69,2.81,1,12,0
37797,3466,Salaried,678,3896305,12,34,11.59,2.19,3,21,0
158659,22555,Salaried,750,1243283,12,31,17.27,0.99,2,29,1
106663,12213,Self-Employed,658,2346893,4,59,12.46,0.88,1,21,0
50191,17753,Student,683,659251,13,29,17.65,1.13,2,29,0
64738,24926,Self-Employed,731,4382730,2,46,8.73,1.48,2,16,0
139750,41232,Salaried,636,4750175,5,36,11.41,0.9,3,16,0
45138,6446,Salaried,736,108175,2,25,14.83,2.49,3,10,0
180319,6677,Salaried,811,235128,12,30,16.96,1.39,1,21,1
79162,11943,Salaried,701,856575,5,23,10.94,2.84,1,12,0
162089,63202,Salaried,705,4559714,7,33,17.34,2.61,1,24,1
96863,21200,Salaried,686,4520299,11,50,14.14,2.77,1,18,0
161130,14620,Salaried,674,133086,8,26,16.11,1.24,1,29,1
76273,26843,Self-Employed,726,2101763,9,37,12.27,1.93,2,18,0
104527,27563,Salaried,703,84187,12,39,10.52,1.3,2,23,1
42235,1578,Self-Employed,662,1482609,2,55,17.16,1.14,3,12,0
114011,24549,Self-Employed,714,2584867,1,46,17.36,2.02,3,17,0
85975,4307,Self-Employed,617,1685543,6,25,13.23,2.54,2,15,0
53692,16903,Salaried,722,2817049,6,49,8.56,0.73,3,21,1
183443,36821,Salaried,622,3463945,14,57,9.54,1.19,3,11,0
33101,12748,Self-Employed,733,404100,3,40,13.94,1.01,1,12,1
107675,26098,Salaried,712,4353423,1,41,8.73,2.5,3,23,0
182055,40309,Salaried,815,2292027,4,30,12.27,2.83,3,26,0
177646,67071,Salaried,710,3466599,5,25,11.38,0.7,3,12,0
166397,9213,Salaried,642,2594398,3,56,15.29,1.45,2,13,0
142144,12996,Self-Employed,738,97830,3,26,9.03,2.79,2,24,0
44098,2196,Self-Employed,723,1759959,14,46,13.14,1.36,1,16,1
188409,40409,Salaried,684,719156,13,24,14.0,2.28,3,28,1
93062,3261,Student,659,4914963,1,59,14.36,0.75,2,23,0
57399,15562,Self-Employed,637,679275,11,59,12.35,1.61,1,25,0
36157,3290,Self-Employed,671,4684391,12,55,11.39,1.76,3,22,0
170663,60940,Student,704,1726093,11,21,14.98,2.39,1,29,0
165362,18130,Self-Employed,714,2207682,3,44,16.55,1.22,1,26,1
44381,12667,Salaried,705,3833287,1,56,15.09,1.16,3,26,0
153160,31818,Self-Employed,737,182508,1,26,17.35,1.26,2,19,0
103017,30469,Salaried,712,464429,4,51,15.31,1.89,3,16,0
148866,59204,Salaried,723,3847187,10,40,15.76,2.69,3,29,0
24850,9317,Salaried,707,4945639,7,44,10.1,2.58,3,26,0
102826,29441,Salaried,753,4909778,6,45,12.49,0.64,2,21,1
144752,17985,Salaried,645,1480954,7,56,13.11,2.7,3,20,0
165371,56050,Self-Employed,667,2141271,2,41,10.93,0.74,2,19,1
32986,11462,Salaried,702,3833424,10,50,13.52,1.54,1,17,0
65054,5719,Self-Employed,634,2417008,10,44,11.26,2.41,2,24,1
152696,29126,Student,717,3888550,5,50,15.03,0.7,1,27,0
41093,12726,Salaried,663,2960223,9,42,12.97,0.6,1,22,0
34198,2840,Salaried,654,3957031,4,48,12.86,1.32,3,25,0
36331,509,Salaried,713,1314534,3,27,17.84,2.32,2,22,0
137580,9788,Salaried,648,1463466,12,55,12.23,1.8,1,13,0
31959,198,Salaried,698,3737416,3,48,11.94,1.54,1,20,0
182564,30875,Salaried,677,2564821,11,34,11.53,2.53,2,28,1
159289,63184,Self-Employed,728,1290521,5,30,17.0,2.42,2,17,1
16236,2380,Salaried,675,1375258,4,36,13.22,2.47,1,19,0
53655,11486,Salaried,741,2591670,1,36,14.2,1.65,1,21,1
69112,11399,Self-Employed,632,3994178,10,51,10.22,0.55,2,30,0
196301,43118,Self-Employed,652,4949179,1,45,13.64,0.93,2,29,0
75506,24967,Student,653,174939,6,33,11.11,2.35,1,20,0
31350,5668,Student,739,186537,3,26,15.44,2.38,3,29,0
70214,2944,Salaried,722,4734852,6,29,16.41,2.93,2,30,0
119381,135,Salaried,656,3275442,13,56,15.29,0.98,1,13,0
167050,12882,Salaried,759,4169717,3,40,15.44,0.81,1,28,0
164667,64038,Self-Employed,711,2559007,11,38,13.37,0.85,3,29,0
86918,3159,Salaried,694,846651,10,41,15.27,0.96,2,19,1
123798,14460,Salaried,738,733284,14,24,12.52,1.82,1,24,1
86445,31854,Salaried,746,4154066,14,53,14.69,2.94,3,22,0
125380,24099,Salaried,660,2122934,11,47,10.96,1.97,2,22,1
147044,360,Self-Employed,710,130882,3,27,9.16,1.81,3,30,1
176355,50908,Self-Employed,691,4881796,14,26,12.43,2.18,1,27,0
31265,4318,Salaried,717,1288297,4,35,12.89,0.68,3,16,0
189141,12427,Self-Employed,751,2298543,7,38,10.94,2.54,1,23,0
139135,54483,Student,676,3519794,10,52,15.41,2.12,1,14,0
32423,2116,Self-Employed,690,3946998,5,31,9.2,0.93,3,18,0
134641,9680,Salaried,745,1475762,6,40,10.62,2.08,3,26,0
163044,14048,Self-Employed,719,4724874,2,44,15.61,1.99,1,14,0
72602,867,Self-Employed,704,1044877,4,35,12.65,0.66,3,25,0
15393,4431,Salaried,629,365050,12,27,15.2,1.17,2,18,0
59389,20905,Salaried,747,4826149,11,41,13.89,1.48,2,26,0
193373,47259,Salaried,679,1055716,10,46,17.53,1.11,3,27,0
106612,5546,Salaried,650,2266381,1,34,14.18,1.11,3,12,0
111342,24392,Salaried,763,4573209,4,57,8.64,1.93,2,14,0
197957,36764,Salaried,633,359199,4,41,11.85,1.68,1,30,0
108120,38852,Salaried,597,143391,13,38,9.86,2.17,1,26,0
51258,15470,Salaried,732,1275328,4,25,17.28,2.89,2,29,0
123877,11338,Self-Employed,769,1108595,3,23,9.49,2.15,1,13,0
19486,101,Salaried,721,4353841,9,43,12.18,1.96,3,13,0
123064,15702,Self-Employed,711,3149535,9,46,10.65,2.62,3,30,0
92148,19307,Salaried,794,4919913,6,57,16.54,2.08,2,30,0
87131,28602,Salaried,703,2781305,6,44,11.43,0.91,2,16,0
186435,55959,Salaried,712,3153781,1,39,17.92,1.29,2,17,0
185134,5193,Salaried,851,1652813,1,45,8.87,2.33,2,11,0
117433,11758,Salaried,759,561213,3,41,9.72,2.35,1,19,0
157876,53986,Salaried,774,4507952,10,32,10.63,2.97,1,14,0
131721,8002,Salaried,751,63898,9,53,16.21,2.07,1,26,0
124023,32632,Student,732,4375168,11,24,16.85,2.75,3,16,0
187391,67759,Self-Employed,782,3340576,8,27,9.18,0.64,3,11,1
78271,201,Salaried,612,2286489,9,42,8.81,1.92,2,15,0
18477,2202,Self-Employed,721,2391152,2,53,15.57,2.8,2,19,0
166881,2806,Self-Employed,682,3617269,11,37,9.77,1.22,1,18,1
162078,28544,Salaried,624,3194349,14,44,9.76,0.89,1,14,0
96234,34870,Salaried,694,1182655,2,54,8.71,1.38,1,12,0
107656,1329,Salaried,674,206454,4,48,8.97,2.48,2,20,0
72402,10667,Student,740,2487452,9,59,11.0,0.71,1,19,0
164063,8912,Salaried,625,280066,8,42,9.12,2.0,2,25,0
17355,6317,Salaried,702,2258303,9,37,12.0,0.84,2,29,0
184914,61788,Student,638,1202154,8,54,16.41,1.59,3,28,0
54056,885,Salaried,666,4743507,4,26,11.6,2.91,3,10,0
154968,29799,Salaried,670,3628902,9,26,15.41,0.99,2,20,0
170791,20150,Student,765,273923,5,54,9.39,0.59,1,24,0
72899,17246,Salaried,620,2569920,2,21,14.76,1.57,2,16,0
138355,25914,Salaried,693,3154689,9,30,11.51,1.94,2,17,0
81741,28609,Salaried,802,198616,12,41,15.62,1.24,2,25,1
38358,71,Salaried,699,3527356,8,25,9.79,1.85,2,27,0
71188,14590,Self-Employed,799,1231420,1,22,17.03,2.88,3,20,0
73293,15762,Salaried,746,1026273,12,42,10.8,1.28,3,10,0
29909,6984,Self-Employed,710,3408296,7,22,11.85,1.27,2,25,0
161696,39179,Salaried,656,914686,4,30,17.53,1.71,3,13,0
105218,19464,Self-Employed,696,4126999,3,54,14.0,1.79,3,15,0
72965,5090,Salaried,667,4574430,3,36,11.97,0.5,1,20,0
55517,4142,Student,735,4726808,4,59,17.52,2.04,3,15,0
112409,42965,Student,707,2732133,10,42,11.63,2.99,3,19,0
30804,10861,Salaried,641,652651,7,32,9.4,1.23,2,15,0
59700,16648,Salaried,636,572471,10,44,17.97,2.08,3,19,0
76836,9696,Salaried,735,1001712,10,58,11.04,0.51,3,14,0
56514,5136,Salaried,702,4237398,14,30,16.59,2.01,3,18,0
123763,36397,Salaried,744,1923090,9,55,10.07,1.62,2,16,0
55397,11324,Self-Employed,686,1664850,3,52,15.45,1.83,2,26,0
158703,1472,Salaried,707,120408,12,27,13.48,1.86,3,21,0
124786,4753,Salaried,693,614312,13,41,17.82,0.94,2,20,1
155707,20064,Salaried,730,390791,4,40,13.75,2.42,2,15,0
197230,29739,Self-Employed,756,1038652,9,46,8.74,1.89,1,20,1
24551,2560,Salaried,780,2040170,2,24,14.24,1.18,3,20,0
32330,5257,Self-Employed,702,1448366,13,42,9.88,2.84,1,23,0
110654,39931,Salaried,670,2073921,6,35,16.09,0.53,3,25,1
132296,11780,Salaried,580,680363,4,41,16.64,2.31,3,11,0
134522,14244,Salaried,636,4106441,13,35,13.08,1.45,1,11,0
98301,35895,Salaried,743,2605602,5,42,15.94,1.81,1,14,0
153078,47835,Salaried,684,2703611,6,48,9.88,1.23,3,23,1
42648,4118,Salaried,645,4922818,7,34,13.17,1.3,1,30,0
29546,8756,Salaried,730,2794162,1,47,12.24,0.54,1,19,0
103327,10022,Salaried,740,3319508,7,48,14.31,2.32,2,19,0
134645,22327,Salaried,654,1123666,6,46,8.92,2.28,3,27,0
137641,48536,Salaried,746,4114833,1,22,15.65,2.14,2,29,0
151762,12521,Self-Employed,728,2291928,6,45,9.25,2.69,3,18,1
52256,8906,Self-Employed,646,399135,3,23,14.74,2.75,2,13,0
169506,30341,Student,652,1507466,3,28,8.68,1.89,3,26,0
18255,1058,Salaried,773,511322,11,53,16.4,2.21,2,30,0
70569,15898,Salaried,712,992967,9,55,10.16,0.53,3,11,0
67082,21921,Salaried,735,2987093,3,26,13.4,2.62,2,23,0
53570,7034,Student,696,1279747,9,59,10.98,2.54,1,10,0
100275,26925,Salaried,718,3861856,2,43,15.37,0.55,3,16,0
65697,11357,Salaried,826,4088072,14,45,11.55,1.86,1,13,0
56576,20550,Salaried,789,1925175,4,39,15.38,2.77,2,18,1
198501,23386,Salaried,691,2975169,5,25,11.21,0.95,3,12,1
91607,27742,Salaried,692,4083245,4,31,15.65,1.38,2,14,0
61606,8973,Self-Employed,721,1537444,9,32,8.79,1.33,2,30,0
107345,10830,Self-Employed,697,2554696,8,30,11.19,1.39,1,19,0
61696,19906,Student,672,1677835,4,28,13.24,0.6,3,19,0
60693,3381,Self-Employed,740,4991709,11,44,8.93,1.2,2,13,0
107799,7733,Salaried,683,4287390,10,48,10.27,1.24,1,26,0
15638,5143,Salaried,662,2922623,13,56,17.38,2.66,1,30,0
120711,26081,Salaried,685,3080298,12,57,17.78,1.38,1,26,0
133778,17399,Self-Employed,638,50184,4,41,15.53,1.62,1,28,0
87799,13191,Salaried,659,3660557,3,28,10.9,1.45,2,15,0
90036,14992,Salaried,725,165742,14,29,10.97,0.8,2,10,0
159574,46479,Self-Employed,616,1375146,8,35,14.64,2.98,2,23,0
61865,14636,Salaried,776,416014,2,38,9.62,2.56,3,22,0
187777,2002,Salaried,738,4098792,2,40,17.51,1.85,3,12,0
102787,12707,Salaried,726,3031740,4,26,10.64,1.69,1,11,0
49121,10227,Salaried,611,3114487,7,32,18.0,2.12,2,16,0
191750,20698,Self-Employed,688,4752898,4,22,13.21,1.32,1,21,1
142422,35115,Salaried,592,2438342,9,27,15.83,0.63,2,11,0
15637,5866,Salaried,672,4696989,1,36,8.52,1.51,3,20,0
157952,17783,Salaried,721,428337,3,23,16.94,2.96,1,25,1
85856,8727,Salaried,692,856951,1,23,11.07,0.96,2,14,0
117373,39019,Self-Employed,731,2222127,6,47,14.85,1.82,2,26,1
71005,125,Self-Employed,638,1687899,8,58,16.16,0.52,2,12,0
196683,20615,Salaried,692,3121708,4,53,10.06,0.81,1,23,0
170024,15227,Salaried,649,501420,2,48,12.7,1.97,3,25,0
30904,10524,Salaried,650,1186045,8,21,13.19,1.24,2,26,0
111996,27268,Self-Employed,664,852717,12,28,11.47,2.76,1,28,0
39136,11226,Salaried,623,1586793,2,57,13.08,1.52,2,13,0
90409,5587,Student,683,4036246,1,52,11.52,1.02,1,30,0
40649,4099,Salaried,686,604868,4,57,11.93,1.86,3,29,0
96118,26469,Self-Employed,652,1967573,8,24,14.86,2.49,2,29,0
87370,22487,Salaried,693,4158862,13,50,14.51,0.55,1,18,0
148727,57752,Salaried,679,349615,11,26,10.71,1.76,2,20,1
164058,54888,Salaried,742,1189304,2,39,17.03,2.43,1,14,0
75399,29666,Salaried,731,4599349,6,52,16.7,0.76,3,20,0
74596,4973,Salaried,621,2500350,12,29,13.34,2.76,3,22,0
143928,56219,Self-Employed,717,266769,4,32,12.62,1.16,1,30,1
164723,37249,Salaried,680,3428428,5,31,12.08,0.93,3,11,0
161859,53462,Salaried,655,4618161,4,36,15.22,1.97,2,11,0
38237,10220,Salaried,644,719220,8,21,14.88,0.94,3,19,0
71435,149,Self-Employed,681,4355188,7,41,10.36,2.2,2,22,0
26440,5180,Salaried,682,3673509,7,50,14.88,1.73,3,14,0
148007,30466,Self-Employed,701,1285369,10,33,10.9,0.77,3,20,1
181402,36994,Student,660,4551826,7,54,8.68,2.78,2,24,0
53977,19149,Salaried,625,4371694,11,24,15.14,2.18,3,14,0
67723,20317,Salaried,707,4945789,9,48,14.63,1.86,2,29,0
96141,557,Self-Employed,627,4305245,13,58,12.4,1.44,2,14,0
151421,30374,Salaried,675,4637577,8,51,13.49,0.84,3,16,0
79578,10193,Salaried,762,3053780,8,47,17.5,2.27,3,19,0
191366,11351,Self-Employed,765,808049,4,25,14.15,2.53,2,11,1
117769,19686,Student,767,2387427,7,45,14.75,0.81,1,10,0
81445,12729,Salaried,631,914465,1,23,9.11,1.74,3,29,0
149144,12018,Self-Employed,677,2609001,10,53,10.08,1.71,3,10,0
113856,21944,Self-Employed,757,756757,7,24,11.36,1.37,1,13,0
71690,24475,Salaried,744,1001077,9,45,13.62,2.47,1,24,0
114747,39816,Salaried,714,1049044,1,40,15.88,0.75,3,24,0
123644,9700,Self-Employed,751,3748847,12,54,11.55,1.01,3,15,0
77909,29367,Salaried,710,4788713,12,46,11.89,0.5,3,15,1
131664,44396,Salaried,661,2212790,12,25,10.93,1.43,1,10,0
153525,42407,Salaried,676,1962768,13,55,10.92,1.23,3,16,0
22197,4570,Salaried,747,2483954,4,48,17.51,2.67,1,14,0
28859,7256,Salaried,753,547981,4,49,14.54,2.36,1,26,1
17512,5528,Self-Employed,731,224847,4,29,9.98,0.71,2,16,1
27227,10515,Salaried,674,4879440,13,58,15.36,2.35,1,13,0
137614,18313,Student,634,1510153,14,26,15.36,2.19,2,12,0
118722,22409,Salaried,747,693913,8,39,14.83,1.2,1,21,0
81156,929,Student,700,849111,6,31,9.78,0.54,1,24,0
45365,13599,Salaried,699,1473249,3,22,12.38,0.79,2,29,0
135913,12291,Salaried,683,4477724,7,29,9.51,1.12,2,18,0
87920,17261,Self-Employed,646,2834246,12,41,16.26,2.54,2,30,0
127169,34442,Student,695,754825,10,44,14.72,1.66,2,21,0
53652,18196,Self-Employed,763,3559605,10,54,13.32,2.8,2,14,0
67443,23557,Student,736,2974117,3,42,11.76,2.47,2,17,0
82275,1525,Salaried,721,945176,4,23,10.25,1.22,2,24,0
173978,13193,Salaried,758,3719896,14,32,9.51,2.61,1,16,1
48512,10719,Student,768,1110978,1,48,17.71,0.79,1,28,0
46050,17325,Self-Employed,737,621719,6,50,10.4,0.59,2,22,1
162545,43815,Student,735,1710850,3,46,9.07,2.02,3,10,1
174720,48980,Self-Employed,620,2227415,12,41,17.64,1.35,2,20,0
71963,7343,Self-Employed,714,579885,9,48,13.72,1.32,3,22,1
149868,41591,Salaried,630,3506341,13,46,16.07,2.22,1,11,0
60785,23762,Salaried,644,2538322,2,53,8.92,2.63,1,28,0
176941,65094,Self-Employed,619,1942552,4,41,13.89,1.31,3,20,0
20017,6435,Salaried,752,360404,3,55,12.28,1.31,1,10,0
119120,37372,Student,756,3022944,3,54,15.83,1.83,2,10,0
107862,9402,Salaried,732,232992,5,38,8.87,2.13,3,17,1
104795,1926,Salaried,680,2359842,3,31,12.32,1.01,3,22,0
75659,5022,Salaried,711,4104613,3,43,16.09,2.78,1,17,0
148556,55474,Salaried,643,1250439,9,42,13.47,2.14,3,11,0
145366,30949,Self-Employed,763,3058889,8,37,13.73,2.06,3,17,1
189039,53709,Self-Employed,629,2443078,5,25,9.42,2.76,3,23,1
153721,29002,Salaried,745,3396885,8,31,9.76,2.77,1,11,1
154374,8100,Student,663,820602,11,50,14.93,0.84,3,22,0
148606,2226,Self-Employed,736,4730467,7,35,14.91,0.86,3,14,0
99267,17788,Salaried,618,4925364,9,47,17.8,2.4,2,10,0
182579,47679,Salaried,735,1581453,14,55,15.26,2.89,2,18,0
72172,13746,Student,683,2289776,11,53,13.19,2.17,3,29,0
44000,14102,Self-Employed,699,2750259,14,40,16.64,1.53,1,19,0
136237,28424,Self-Employed,724,2057428,9,36,9.49,2.21,3,20,0
47687,10191,Salaried,643,3010887,8,54,12.77,1.07,1,27,0
107480,34623,Student,616,2620609,13,22,11.23,2.99,2,26,0
57876,19913,Salaried,657,3225391,13,55,9.49,1.58,2,15,0
98275,10909,Salaried,706,1514677,7,48,15.75,2.83,3,20,0
159413,39435,Salaried,668,4642810,2,59,13.35,1.58,1,13,0
126841,48437,Student,645,4311180,10,26,13.79,2.82,1,10,0
47862,12840,Salaried,624,4198433,10,29,12.41,1.34,1,10,0
54821,15172,Salaried,753,4684058,4,40,12.87,2.4,3,27,0
113505,13829,Salaried,702,3198318,6,21,9.6,2.88,1,14,0
184248,67484,Salaried,674,1727055,4,28,14.89,2.11,2,25,1
135405,5293,Self-Employed,571,3078476,4,43,12.61,2.19,1,11,0
56970,14055,Salaried,632,434287,13,23,16.26,0.76,1,18,1
122276,23136,Salaried,660,254581,1,24,10.36,1.69,3,11,0
40123,10399,Salaried,765,4157248,4,45,10.45,2.72,3,14,0
154294,25187,Self-Employed,640,4633130,13,58,14.63,1.1,3,29,0
171587,3185,Salaried,669,4336458,10,35,16.54,2.47,3,26,0
102125,37630,Salaried,739,1434819,7,41,12.99,2.19,3,28,0
162657,30297,Student,670,2259467,12,55,15.41,1.06,1,19,0
164010,21983,Self-Employed,713,2179974,4,34,17.99,1.21,1,17,0
174018,1552,Salaried,757,210066,3,56,17.91,1.57,3,29,1
171007,31748,Salaried,739,3784891,14,32,15.57,0.81,3,20,1
43615,11108,Self-Employed,738,2952043,7,37,15.53,2.78,1,22,0
42729,5817,Salaried,827,781586,1,59,10.85,2.35,3,22,0
143750,47097,Self-Employed,689,931587,13,29,16.42,1.41,2,18,0
159218,57713,Salaried,730,3897354,12,55,12.35,1.25,1,14,0
183214,63828,Salaried,725,2488168,1,33,17.64,2.22,2,27,0
151123,49474,Self-Employed,706,1863241,7,35,9.27,1.56,1,17,1
56182,18506,Salaried,690,1382883,11,38,12.64,1.07,1,29,1
47934,8309,Salaried,770,944737,3,53,13.78,1.58,1,23,1
150630,32174,Salaried,625,871079,5,26,12.35,2.68,1,11,0
167963,62395,Salaried,723,4661020,6,47,10.5,0.67,1,25,0
115229,28018,Self-Employed,712,4945568,3,43,14.13,1.42,1,10,0
198595,50502,Salaried,661,4421278,7,47,15.68,2.91,1,22,0
90516,8951,Salaried,802,2790265,9,54,14.63,0.54,3,27,0
50677,13551,Salaried,731,4777514,9,58,10.73,2.73,3,10,0
192030,53380,Salaried,682,2628954,14,34,15.45,1.44,3,16,1
136185,35682,Self-Employed,709,3569419,10,56,10.94,0.97,2,13,0
126269,31232,Self-Employed,702,1889618,14,28,10.16,0.54,1,19,0
153655,25583,Salaried,744,139257,6,55,15.06,0.68,3,17,0
127024,6881,Salaried,753,3471101,11,39,16.51,0.93,3,12,0
157511,35902,Salaried,652,2020132,6,50,13.07,0.56,3,16,0
147321,22970,Self-Employed,576,1755950,1,34,13.55,1.34,1,25,1
123987,14012,Student,635,4563946,9,40,11.38,0.61,1,29,0
57530,13731,Salaried,647,1710383,6,45,13.2,2.23,2,19,0
196839,9705,Salaried,751,917344,7,44,9.75,2.55,2,22,1
67682,7590,Salaried,695,3217011,3,34,17.58,2.72,1,10,0
182035,9179,Salaried,749,1991657,11,46,16.1,1.87,2,16,1
153270,1620,Student,684,3899767,14,58,14.85,2.87,3,19,0
159856,2423,Self-Employed,763,1122995,4,43,13.61,0.51,2,21,1
151248,36161,Salaried,687,4715278,4,42,16.03,0.84,3,23,1
33368,7121,Self-Employed,823,3367045,11,39,13.2,1.23,2,20,0
192526,46741,Student,650,3690499,12,23,11.35,2.47,3,26,0
108052,40912,Salaried,499,4305820,8,39,10.02,2.71,2,18,0
98521,22151,Salaried,840,2873528,4,29,14.65,2.05,2,17,0
113474,2809,Self-Employed,724,1256578,14,48,17.33,1.46,1,19,0
18991,7135,Self-Employed,628,3874245,12,40,9.96,2.16,1,13,0
151208,57937,Student,780,3452958,12,27,10.21,0.95,3,14,0
192695,16406,Salaried,622,2443469,7,34,12.62,1.64,1,27,0
98114,7923,Self-Employed,757,1795347,1,29,16.17,1.77,3,15,0
25556,10058,Salaried,725,4726944,2,39,11.29,0.76,1,19,0
79459,24937,Salaried,737,784042,6,34,10.91,0.58,1,27,0
149295,5441,Salaried,680,4989288,4,58,14.39,2.38,3,20,0
104218,32132,Salaried,734,4982626,1,56,13.59,1.84,2,14,0
169059,10633,Self-Employed,678,1047935,11,37,9.07,1.33,3,12,0
72251,22941,Student,822,1253730,7,50,9.27,1.59,3,27,0
150282,48544,Salaried,742,920038,10,29,14.61,2.89,3,13,0
116086,20572,Self-Employed,723,4063221,14,53,12.92,1.46,1,17,0
80633,9483,Salaried,822,3851040,5,45,17.72,0.76,1,26,0
28068,9806,Salaried,751,3950246,11,34,14.95,1.66,1,19,0
107099,38133,Self-Employed,706,1216533,11,31,8.6,2.12,3,28,1
128993,16150,Self-Employed,624,4518502,8,55,13.07,0.53,2,10,0
72999,19390,Salaried,752,1103927,8,34,12.44,1.33,2,11,0
119720,39718,Self-Employed,871,3810593,12,50,9.51,1.48,3,20,0
158849,24320,Salaried,606,1321234,9,24,17.27,1.66,3,24,0
125625,14630,Salaried,755,1852578,10,24,16.15,1.25,2,10,1
92027,8834,Salaried,661,795723,14,48,10.69,2.17,1,18,0
131254,11356,Self-Employed,694,585632,12,28,10.93,2.86,3,17,1
122107,15795,Salaried,695,2941932,7,22,8.8,2.78,2,10,0
100030,37800,Salaried,660,2952224,11,42,11.32,2.16,2,19,0
147963,28259,Self-Employed,853,1894975,1,36,14.05,1.77,2,26,0
77661,22202,Salaried,653,3282651,9,49,12.5,2.56,1,27,0
27626,8720,Self-Employed,738,727519,5,50,17.71,2.59,2,25,0
180591,44935,Salaried,861,396415,8,32,9.03,2.57,2,11,1
32673,11315,Self-Employed,727,510773,4,55,14.12,0.89,2,26,0
42446,15716,Salaried,685,2533394,10,31,16.65,0.56,3,13,0
191559,68676,Salaried,690,3013421,8,41,13.07,2.96,3,16,1
56168,7504,Self-Employed,667,3862143,1,41,8.53,2.9,3,18,0
149872,1037,Salaried,652,4241807,14,25,10.81,1.91,2,12,0
136559,12094,Self-Employed,765,2846890,10,40,11.58,2.98,2,29,0
174206,8678,Salaried,734,1539345,3,57,17.68,2.43,1,30,0
142899,7807,Salaried,714,1280990,1,23,17.16,1.79,2,14,0
39715,12902,Salaried,729,1577682,5,53,17.52,1.47,1,27,0
66069,7641,Salaried,738,156948,12,29,16.34,1.98,2,30,1
33462,10773,Salaried,760,4588721,1,29,11.84,1.79,1,26,0
67788,9755,Salaried,623,507212,8,24,17.11,2.98,3,16,0
25924,9048,Self-Employed,689,4901732,8,55,17.83,1.73,2,23,0
45539,11683,Self-Employed,614,1265322,11,37,11.83,2.59,1,24,0
100977,21578,Self-Employed,665,3266553,7,54,10.98,2.53,3,30,0
112519,36176,Salaried,730,4163643,8,44,13.7,0.68,3,23,0
30362,5690,Salaried,624,4711214,7,52,10.28,0.72,2,18,0
176403,45640,Salaried,749,676305,5,21,8.81,2.15,1,25,1
31838,917,Salaried,694,3786536,1,28,17.49,1.15,1,28,0
29959,5983,Self-Employed,682,4905366,4,43,17.29,2.14,1,10,0
39459,7630,Salaried,734,4042269,7,32,10.05,0.86,3,17,1
146101,30083,Self-Employed,677,3361689,7,32,12.37,1.49,1,27,0
22739,8215,Salaried,728,1059154,6,35,16.39,0.76,3,11,0
112367,43884,Salaried,634,3278890,9,39,14.78,1.21,1,13,0
94606,26250,Salaried,756,4401161,2,46,12.25,0.72,3,30,0
21861,1297,Salaried,730,309718,13,49,15.57,2.93,2,10,0
97160,10796,Salaried,697,4837988,1,42,17.02,1.49,3,28,0
35523,137,Self-Employed,661,1596675,2,41,17.3,2.75,1,20,0
102862,7466,Salaried,735,2368195,4,58,12.1,2.93,3,15,0
185932,50344,Salaried,716,4427034,9,40,10.15,2.77,1,28,1
95312,27014,Student,682,4614367,6,49,17.17,1.64,2,23,0
160271,51318,Self-Employed,667,1344805,6,24,9.38,2.45,3,30,1
104825,5983,Self-Employed,742,463742,10,27,15.36,0.88,2,28,0
162078,21643,Salaried,678,2713963,11,48,9.83,0.74,3,22,0
67784,22357,Self-Employed,712,1842360,10,48,12.2,2.69,3,21,0
127046,41717,Salaried,621,4594466,13,24,12.41,0.58,2,19,0
31565,6829,Salaried,643,2710381,14,42,10.01,2.93,2,28,0
126539,13663,Salaried,704,887948,1,32,17.27,2.18,3,20,0
165761,18599,Salaried,674,782792,12,23,8.53,1.55,3,21,0
67282,696,Salaried,703,3714664,13,42,16.99,0.85,3,16,0
138189,25587,Salaried,725,4095643,13,22,16.9,2.31,2,17,0
104792,10269,Self-Employed,737,766748,14,44,11.51,1.91,1,26,1
123991,32696,Self-Employed,700,4721012,3,54,15.19,2.28,2,12,0
186792,24440,Student,681,4312577,9,47,10.9,1.54,3,15,0
85185,3868,Salaried,719,2795139,7,21,15.71,0.67,3,21,0
121210,38127,Student,750,321759,2,28,13.83,1.29,2,24,0
94017,10495,Salaried,786,3630509,10,43,11.35,1.29,3,16,0
17594,2882,Salaried,721,263756,13,58,12.3,0.52,3,15,0
76797,11169,Salaried,648,4566499,5,26,15.05,0.52,3,21,0
140341,10232,Salaried,759,4138800,4,42,17.11,1.33,3,21,0
99985,35516,Salaried,736,3863786,5,45,9.74,2.32,3,13,0
139628,22885,Salaried,694,3400546,4,38,13.93,2.06,1,30,0
26137,4698,Self-Employed,748,3818909,7,37,10.91,1.1,2,18,0
73084,16211,Salaried,675,712737,14,32,16.11,2.01,2,26,0
173025,36801,Self-Employed,603,3849366,11,26,9.17,2.12,2,11,1
137794,4278,Salaried,746,996181,13,46,15.05,1.81,1,14,1
145305,53458,Salaried,773,4264245,2,47,10.16,1.8,1,30,0
56541,17171,Salaried,746,773163,3,28,14.17,1.42,2,19,0
177360,14450,Self-Employed,673,4010954,4,39,16.44,0.81,2,15,0
30161,4158,Salaried,673,3595677,10,21,15.67,1.46,2,15,0
185200,49630,Salaried,688,1844284,12,49,15.65,1.36,3,30,0
113901,26278,Salaried,714,4400116,5,55,13.42,1.98,1,14,0
26231,569,Salaried,685,4407118,7,34,16.96,2.64,1,17,0
102542,13570,Salaried,654,3154099,14,55,14.09,1.44,3,30,0
159438,48283,Self-Employed,664,1809879,14,40,17.22,2.27,1,12,0
44030,193,Salaried,669,3721135,8,33,13.69,2.53,2,23,1
60162,16910,Salaried,721,3976365,13,58,13.31,1.03,1,14,0
36485,10781,Salaried,784,2715409,14,28,10.61,2.75,3,24,0
31472,2550,Salaried,718,3672694,6,40,13.68,0.68,2,18,0
163010,11956,Salaried,638,2842199,10,53,9.84,2.75,1,24,0
183382,48960,Self-Employed,699,2305025,7,46,16.76,0.91,2,28,0
87706,18406,Salaried,763,1665381,4,59,14.92,1.34,1,25,0
178727,62771,Salaried,588,2080893,11,41,17.94,2.01,2,17,0
83972,21432,Salaried,718,3261624,6,29,9.37,2.76,3,24,1
120035,34845,Salaried,668,3744362,4,44,10.79,1.14,3,20,0
42559,2919,Salaried,752,199389,10,57,16.83,2.41,1,13,0
174027,58308,Salaried,617,3563129,1,37,12.25,2.28,1,30,0
147785,20428,Salaried,720,4587177,12,44,12.93,0.9,2,19,0
109764,42077,Salaried,739,3751092,7,41,16.68,1.7,3,19,0
141283,25094,Salaried,684,4314960,14,59,13.46,1.7,2,11,0
196265,4715,Salaried,722,4108812,11,59,10.34,1.26,3,17,0
149212,8638,Self-Employed,660,3192093,8,33,16.97,2.45,2,17,1
102008,21863,Salaried,693,3341670,5,31,8.8,2.81,2,18,0
105731,37893,Self-Employed,589,486196,1,39,17.01,2.29,2,11,0
145904,4734,Self-Employed,739,3654208,2,31,8.98,2.93,1,23,0
161504,43819,Salaried,773,4794565,10,33,14.83,0.63,3,29,0
162171,63417,Salaried,651,2622287,6,21,9.18,0.59,1,11,0
131351,32559,Self-Employed,721,4426581,10,39,15.21,2.73,1,13,0
104897,27728,Salaried,641,1534032,11,32,8.82,2.74,2,12,0
112677,26989,Self-Employed,731,1049168,5,28,16.5,0.77,3,23,0
19284,917,Salaried,655,1001031,6,28,12.93,1.39,1,30,0
68441,21830,Self-Employed,679,4781243,2,32,9.39,2.59,2,25,0
40035,7432,Salaried,675,1125442,5,53,15.21,0.82,3,24,1
22344,3201,Salaried,704,3992487,4,46,13.15,1.17,3,16,0
42608,15866,Salaried,720,1128360,13,59,10.31,2.2,1,27,0
19696,3419,Salaried,795,4564991,12,48,8.65,2.95,2,29,0
174626,11817,Salaried,752,2370530,5,25,12.47,2.49,1,15,1
76599,21293,Self-Employed,594,3042529,10,28,9.31,2.44,3,30,0
105251,21618,Salaried,654,4252881,9,45,9.39,1.36,1,25,1
92700,5217,Self-Employed,757,1045774,10,47,11.04,2.15,2,20,0
82035,27539,Self-Employed,730,927714,8,43,14.49,0.78,3,11,1
164200,2039,Self-Employed,737,4434395,9,50,13.53,2.98,2,11,0
95977,12735,Salaried,701,1441639,13,43,9.16,1.7,2,23,0
119531,43232,Salaried,642,4838409,7,40,17.7,2.1,3,18,0
176108,18584,Salaried,668,915020,9,38,16.93,2.69,2,21,1
23915,6918,Salaried,692,4964962,14,38,10.96,0.5,2,12,0
69716,2871,Salaried,685,3238408,3,22,9.66,2.94,2,14,1
167834,51009,Self-Employed,598,4088195,13,24,17.45,1.4,3,18,1
141766,27138,Salaried,716,2820208,9,50,12.88,1.35,2,12,0
167963,59151,Salaried,731,3903576,9,53,11.46,0.86,1,27,0
128459,6353,Self-Employed,561,4046906,3,56,13.16,2.65,1,11,0
54935,16,Salaried,803,3554953,14,38,15.84,2.68,2,13,0
32830,9657,Salaried,797,4644472,2,57,10.1,0.55,1,22,0
20391,6276,Salaried,702,3571140,2,39,15.79,0.64,1,26,0
186754,49634,Salaried,698,1748265,2,48,15.62,2.8,3,18,0
198585,15430,Salaried,737,714393,1,40,13.62,0.81,2,28,0
136946,31188,Self-Employed,702,3328395,1,53,16.73,2.05,3,23,0
120149,40431,Salaried,703,3606071,7,32,9.76,2.05,2,22,0
75690,12302,Self-Employed,715,2204261,11,35,14.16,2.67,1,14,0
77233,16592,Salaried,588,1438975,2,59,12.77,1.93,3,27,0
136921,17022,Self-Employed,685,2092003,1,22,12.51,1.59,3,24,0
21121,1028,Student,698,1772866,4,49,10.9,2.94,1,20,0
143215,35502,Self-Employed,731,1852632,1,30,12.04,1.07,1,28,0
176778,33993,Self-Employed,714,1688861,10,22,9.53,1.16,2,14,1
97071,32640,Salaried,700,686904,5,31,10.89,0.71,2,16,0
100380,18220,Self-Employed,787,1841599,7,33,11.08,2.94,1,11,0
49261,17932,Salaried,730,3300720,4,30,15.35,2.27,1,28,0
133339,18447,Self-Employed,678,4481033,7,34,8.96,0.53,3,25,0
79583,30288,Salaried,719,2730376,1,38,14.69,2.26,3,12,0
62266,21786,Salaried,675,673426,1,29,10.6,1.51,2,19,0
15969,592,Salaried,757,1598890,10,59,9.28,2.92,3,21,0
82967,7756,Self-Employed,718,533338,9,48,11.36,1.19,1,11,1
151285,57142,Self-Employed,745,3415701,13,23,10.63,2.28,1,17,0
76604,16820,Salaried,716,3263073,3,40,13.74,2.07,1,18,0
85793,15051,Salaried,682,2391886,14,26,11.9,0.53,1,29,0
27128,5202,Self-Employed,721,540010,14,47,17.68,2.71,2,21,0
145388,45766,Self-Employed,719,4828656,10,22,17.65,0.85,1,14,1
97341,20133,Salaried,624,531981,2,49,12.72,2.16,1,22,0
16378,6503,Salaried,713,3376668,9,58,16.05,2.44,1,14,0
125249,42736,Self-Employed,688,1061008,4,23,8.63,2.08,1,24,0
22771,4637,Salaried,684,4961801,1,36,13.7,0.74,2,30,0
94428,8689,Salaried,720,1624227,4,50,15.56,2.94,2,14,0
22782,1264,Salaried,749,3398184,10,22,10.56,1.09,3,14,0
142934,18405,Salaried,736,4290537,7,37,9.08,2.07,2,13,0
95048,32436,Salaried,640,957529,6,32,9.98,2.49,2,25,1
76895,4354,Self-Employed,693,3493156,1,55,12.7,2.85,2,27,0
104294,8838,Salaried,731,224115,3,21,13.31,2.01,3,19,0
96863,16705,Student,720,1947464,12,35,12.12,1.15,1,29,0
82238,10404,Salaried,709,4852848,13,46,12.68,2.59,3,12,0
63555,9600,Salaried,705,4233712,3,57,12.97,0.91,1,19,0
124928,49421,Self-Employed,706,4291589,4,41,15.81,0.56,2,22,0
139851,27488,Salaried,592,2439669,14,51,9.5,2.77,1,12,0
70120,840,Salaried,670,1234491,12,45,15.81,1.94,3,13,1
66661,9157,Salaried,681,947168,11,43,15.04,0.67,1,22,0
33837,3016,Self-Employed,736,3149739,8,44,15.55,1.95,1,23,0
43037,15261,Salaried,726,3133180,5,58,15.48,0.86,2,13,0
90324,14185,Salaried,739,4113025,5,48,12.97,0.58,1,21,0
190839,28194,Salaried,725,1092867,6,41,10.51,0.79,1,25,1
109951,26414,Salaried,674,3340701,7,38,13.6,2.44,2,19,1
181759,29493,Salaried,670,4229939,13,56,17.6,2.39,3,29,0
103545,33583,Self-Employed,636,906702,14,55,14.09,2.01,2,26,0
145768,44327,Salaried,710,1405253,12,29,8.6,1.02,1,16,1
70344,3671,Salaried,696,3659068,1,58,9.07,2.35,2,13,0
33733,5059,Self-Employed,718,4087584,3,50,17.93,1.52,2,21,0
52487,8081,Salaried,743,2983283,1,54,9.18,1.78,1,19,0
159779,1924,Salaried,667,4734790,11,52,8.94,2.74,3,11,0
119985,2701,Salaried,625,720712,13,23,11.85,1.64,2,23,1
15721,4077,Student,680,751916,8,23,17.71,2.07,3,17,0
185955,10911,Self-Employed,633,1446688,4,48,11.53,2.9,2,19,1
124254,16860,Salaried,632,2058639,8,35,12.39,1.63,1,15,0
178277,17645,Student,748,4453915,3,43,14.52,1.9,1,11,0
115513,44828,Salaried,719,2267506,10,31,8.73,1.96,2,23,0
85908,10920,Salaried,652,2041258,3,52,17.03,1.1,2,20,0
124768,14052,Salaried,697,885815,8,56,13.43,2.34,2,11,0
90614,7038,Salaried,645,4682991,12,53,12.93,2.32,1,13,0
120622,32541,Salaried,726,4970535,11,44,16.68,1.03,2,15,0
120806,1649,Salaried,722,4416497,10,59,17.55,0.53,1,13,0
53217,2811,Self-Employed,656,1293125,2,54,12.52,3.0,2,14,1
189732,19637,Salaried,691,2054116,6,48,10.14,1.95,1,15,0
61257,15131,Salaried,718,1211271,9,57,16.25,0.95,2,18,0
77232,10096,Salaried,656,409510,1,27,12.33,1.21,3,25,0
171295,21865,Salaried,641,1031153,3,24,17.39,2.04,3,20,1
172938,12416,Self-Employed,756,3015725,5,57,17.52,0.84,1,20,0
145704,22972,Salaried,736,1592666,6,21,9.59,0.59,2,30,0
22826,3309,Salaried,774,1376289,4,21,17.59,2.5,3,30,0
104059,10433,Self-Employed,606,684936,9,40,12.0,2.29,2,19,0
34734,3827,Salaried,698,163827,4,39,14.64,1.27,2,10,0
116272,41704,Salaried,690,729678,12,49,8.83,0.65,2,26,0
20274,1842,Self-Employed,671,168724,7,30,16.94,1.72,3,17,1
63392,14370,Salaried,709,3194753,8,38,14.6,1.19,1,25,0
90927,9874,Self-Employed,658,3643445,9,48,14.61,1.49,3,15,0
115804,2667,Salaried,729,600008,3,55,17.07,1.18,1,23,0
128353,51297,Self-Employed,738,4699191,13,51,13.33,0.94,3,11,0
43577,2332,Salaried,771,2598256,8,47,12.4,1.47,2,18,0
41564,296,Self-Employed,637,2316797,14,31,16.73,2.91,2,13,0
73420,16879,Salaried,715,4945344,5,58,15.55,1.17,2,28,0
48488,6325,Salaried,684,1705890,10,25,17.52,1.34,3,26,0
170190,6674,Student,731,4390692,10,28,17.43,1.32,3,10,0
160674,61946,Salaried,774,4908808,11,54,12.13,1.7,1,11,0
45741,4479,Salaried,756,824071,13,32,12.75,2.61,3,26,0
18543,7232,Student,671,3513357,10,58,10.93,1.51,1,11,0
81421,32195,Salaried,758,3403461,7,21,14.78,2.52,3,12,1
105121,22045,Salaried,727,1264844,6,51,11.96,0.79,2,13,0
129183,15772,Self-Employed,743,4136724,11,24,15.97,2.74,3,22,0
196410,64551,Self-Employed,710,4459044,11,25,9.65,0.96,2,21,1
100184,22158,Salaried,721,1785496,3,50,9.61,0.6,3,30,0
169115,65322,Self-Employed,671,379649,5,44,10.44,0.9,1,14,1
130006,28392,Student,692,4621586,1,23,9.3,0.98,3,23,0
180780,24271,Self-Employed,697,632275,9,31,14.39,1.77,2,15,0
195132,55092,Student,710,2453752,13,24,9.9,1.62,3,10,0
26569,10606,Self-Employed,747,932564,2,46,10.02,2.29,1,25,0
129432,23826,Salaried,704,1543488,13,47,8.64,0.63,1,15,1
178425,41682,Salaried,768,3669258,6,47,15.93,1.74,1,22,0
131711,49501,Salaried,691,3732027,2,26,16.22,1.33,1,22,0
68270,11227,Self-Employed,629,363476,2,35,10.04,2.08,3,20,0
58552,12366,Self-Employed,703,3135632,5,50,15.53,0.61,1,25,1
35264,2737,Self-Employed,661,923356,9,57,12.62,0.59,3,23,0
144079,11735,Salaried,683,2853777,14,57,10.78,1.57,3,20,0
154151,60887,Salaried,692,2482414,5,57,14.4,2.53,3,14,0
119319,14530,Salaried,745,2393787,6,55,10.2,2.18,1,19,0
107326,8900,Student,755,3115827,13,43,15.69,0.54,1,30,1
131871,20263,Salaried,769,4943038,4,26,8.95,0.95,3,24,0
66965,1237,Self-Employed,763,186365,11,24,17.61,1.07,3,16,1
111529,12811,Salaried,685,3798863,1,38,9.18,1.56,3,12,0
64615,20244,Salaried,772,429647,8,29,14.0,1.97,2,20,0
41998,3468,Salaried,643,2937993,4,49,17.07,1.04,2,18,0
38426,9721,Salaried,638,2644140,9,33,8.61,1.46,1,19,0
159336,55284,Salaried,767,1417089,4,37,13.24,1.96,2,13,0
60213,327,Self-Employed,644,2059414,12,52,11.83,1.46,3,29,0
24322,4336,Salaried,760,3976719,9,42,14.01,0.86,3,27,0
123052,11735,Salaried,732,2393480,7,24,10.64,1.73,1,23,0
71284,11311,Salaried,647,3706861,12,25,9.12,1.31,1,18,0
143259,48514,Salaried,650,440305,12,57,14.45,2.66,2,29,0
31328,10270,Salaried,753,3103569,1,33,12.46,2.44,3,25,0
105257,18610,Salaried,675,1396568,12,54,14.41,0.98,1,11,0
32744,7050,Salaried,690,4238950,2,42,10.5,0.88,1,16,0
192817,907,Salaried,783,4274476,1,43,11.72,1.37,2,14,0
186614,47324,Salaried,673,3614780,11,23,13.84,1.53,1,30,0
30175,11027,Salaried,684,4254789,3,54,14.13,2.83,2,26,0
121255,8802,Salaried,683,1877154,11,52,12.04,1.25,3,20,0
106145,20371,Salaried,680,2280306,13,41,11.16,2.67,2,13,0
24795,260,Salaried,688,3504207,8,41,11.1,1.76,1,26,0
179340,66551,Student,676,4354855,3,31,10.16,2.71,2,30,0
178233,67635,Salaried,708,2469657,13,59,11.59,2.25,2,14,0
39641,3081,Self-Employed,701,488598,2,24,10.39,2.27,3,13,0
88524,19579,Self-Employed,750,1955888,4,21,14.52,1.8,2,19,0
55916,14155,Salaried,752,1113789,12,48,13.91,2.6,1,12,1
75188,13808,Self-Employed,668,3445214,6,44,12.13,1.14,1,30,0
166265,2424,Salaried,639,755829,8,55,11.6,2.77,3,15,0
15016,4670,Salaried,772,4585334,2,33,10.76,2.09,3,30,0
40525,12188,Self-Employed,667,169786,9,54,13.59,1.6,3,17,0
30740,10061,Salaried,815,1980410,12,31,17.23,2.96,1,14,0
53682,82,Salaried,708,3428188,14,56,15.01,2.66,2,17,0
60952,14375,Self-Employed,670,2836832,9,37,15.57,2.43,1,19,0
51516,5578,Self-Employed,642,2596288,4,55,16.43,1.18,1,28,0
140811,7595,Salaried,637,3305534,12,38,11.84,2.93,3,30,1
92774,27786,Salaried,674,2340869,3,42,9.1,2.36,3,13,0
77453,16349,Salaried,708,1690626,5,44,14.41,2.01,2,15,0
92568,7316,Salaried,688,1987536,4,39,10.29,2.8,2,12,1
181241,41709,Salaried,624,4929362,1,57,13.91,0.91,2,13,0
101962,6035,Salaried,632,1493962,4,59,15.53,0.85,2,13,0
55794,9019,Self-Employed,751,3296971,1,41,15.94,1.91,1,14,0
71437,28299,Salaried,659,4491239,12,28,11.37,0.64,2,24,0
55286,6290,Salaried,707,4597801,4,48,13.37,2.16,1,25,0
143840,50929,Salaried,674,1171972,2,25,14.4,1.1,1,15,0
171478,34360,Self-Employed,722,4807457,11,37,16.29,0.8,2,27,0
145759,36934,Student,727,2533274,3,57,15.73,1.52,2,21,0
155332,7636,Self-Employed,649,3431281,6,56,17.89,1.66,1,29,0
174427,33733,Salaried,710,2540041,12,39,8.58,0.93,3,16,0
152843,17499,Student,704,4140932,11,47,12.66,0.6,2,21,0
41627,5800,Salaried,633,4792796,6,54,10.93,1.54,3,23,0
31643,5025,Salaried,666,3540296,6,31,9.64,2.4,1,22,0
38898,14301,Self-Employed,589,2290556,11,32,17.16,2.69,3,20,0
135973,36097,Self-Employed,590,4979572,13,41,17.98,0.74,1,20,0
73413,18059,Salaried,810,2433798,5,31,10.22,1.81,3,11,1
170387,47457,Student,706,4367254,3,59,8.87,1.16,3,23,0
79102,3523,Salaried,764,1944477,14,48,11.11,1.44,3,24,0
80036,7907,Salaried,730,4531040,14,25,16.43,2.83,1,10,0
18139,3451,Salaried,642,1792429,1,37,11.29,1.38,1,21,0
102157,13219,Salaried,689,4946544,9,40,9.04,1.41,1,23,0
53930,7636,Self-Employed,704,1607973,1,32,9.0,1.02,2,27,0
60858,16756,Self-Employed,630,227589,12,26,12.56,2.9,1,30,0
21586,7623,Student,651,2028209,8,37,17.35,1.64,2,12,0
175737,13499,Self-Employed,642,2166806,6,39,11.22,1.93,1,21,0
33982,1666,Salaried,701,2108306,1,46,12.56,1.63,2,14,0
119419,38205,Salaried,759,225966,11,52,9.47,1.13,3,12,0
17703,2959,Salaried,742,589439,11,26,13.19,2.53,3,16,0
71195,28255,Salaried,738,414385,7,56,15.12,0.57,1,25,0
15599,604,Salaried,763,2415019,5,58,11.08,2.23,2,29,0
173466,64120,Self-Employed,786,1543352,2,31,11.32,1.99,3,26,0
43833,17206,Salaried,676,2003527,4,53,16.5,0.86,3,30,0
70387,25226,Salaried,707,2148786,12,44,8.6,0.91,2,17,0
19076,198,Salaried,602,4405772,12,43,14.55,2.15,1,24,0
137315,25276,Salaried,726,301585,14,35,12.24,1.28,3,29,1
168488,56558,Salaried,545,4642278,1,47,11.33,1.16,1,24,1
80138,17482,Salaried,693,4547006,5,31,14.75,0.65,1,17,0
145877,55604,Student,677,841893,2,37,16.43,2.42,2,20,0
36500,9903,Salaried,712,1260822,9,34,13.8,2.71,2,30,0
99482,3152,Student,689,3572633,7,47,8.8,2.55,3,19,1
87485,2205,Self-Employed,685,200636,14,38,12.88,1.67,2,27,1
130708,38302,Self-Employed,713,4036026,10,48,12.9,1.83,3,18,0
93243,12860,Salaried,712,4886945,7,24,13.67,1.11,3,25,0
104694,13887,Self-Employed,734,2953299,13,27,14.87,0.93,3,10,0
31303,7647,Self-Employed,733,4549155,2,55,8.68,2.56,1,15,0
162712,31535,Salaried,738,3193092,9,29,13.27,2.5,1,11,0
160227,62442,Self-Employed,608,4508490,6,28,14.09,2.44,2,22,0
51326,9813,Self-Employed,756,4153517,3,37,11.76,1.66,2,15,0
52165,12643,Salaried,690,4067472,7,37,14.85,2.66,3,18,0
135567,34354,Salaried,751,1912782,13,53,10.67,2.82,3,23,0
93342,14864,Salaried,757,3776109,6,52,11.52,1.32,1,30,1
32305,11938,Self-Employed,621,1160376,6,28,17.65,1.06,1,16,0
27850,7098,Salaried,642,4620608,3,39,11.81,1.66,3,14,0
87822,10068,Self-Employed,632,2797239,14,58,11.79,0.95,3,16,0
129541,10002,Salaried,639,3163712,6,23,14.16,2.71,2,12,1
186396,66877,Self-Employed,760,4205313,2,25,17.72,1.34,3,22,0
20565,7611,Student,700,1170629,6,33,17.84,1.94,3,21,0
56633,5985,Self-Employed,706,3370539,5,51,14.01,1.99,3,15,0
100058,4509,Salaried,703,2790421,3,36,8.51,1.79,1,11,0
69551,16683,Salaried,610,1483806,9,52,17.06,0.89,1,24,0
197097,71708,Salaried,723,3020815,8,42,13.92,2.98,2,24,0
47716,6880,Student,643,3873448,6,49,11.98,0.93,2,27,0
58322,20704,Salaried,655,3975935,5,42,16.38,2.38,2,26,0
98562,15693,Salaried,754,2212417,7,23,12.3,2.48,3,12,0
188368,39882,Self-Employed,692,1825469,11,30,8.82,0.86,3,12,0
105016,31051,Salaried,698,314848,4,41,16.3,2.83,1,18,0
79105,21075,Salaried,711,2305608,2,36,13.69,1.72,3,19,0
123033,30027,Self-Employed,700,3189353,14,32,11.71,2.07,3,21,0
31515,8422,Self-Employed,721,1466130,5,22,10.88,2.11,1,10,0
58915,21012,Self-Employed,745,3730949,9,44,14.14,1.76,2,13,0
20589,2504,Salaried,708,3404351,1,55,10.48,0.86,3,30,0
26891,6595,Self-Employed,751,3044713,1,50,11.58,2.38,1,14,0
17192,4072,Self-Employed,776,1086284,14,50,14.55,1.95,1,26,0
61360,8704,Salaried,743,3778167,11,55,16.87,0.8,2,30,0
20164,854,Salaried,653,2004536,1,39,13.56,2.25,1,14,0
93066,3340,Self-Employed,703,3797847,8,28,15.71,2.26,2,13,0
81345,20110,Salaried,700,3438319,11,46,15.75,1.87,2,24,0
178474,10273,Salaried,702,4718093,2,27,14.81,0.73,2,19,0
54215,12583,Salaried,732,4943918,4,50,10.84,1.38,2,14,0
184488,1511,Salaried,680,1164683,3,27,16.73,0.63,2,23,0
75910,12232,Salaried,697,2189151,2,23,12.64,1.69,1,30,0
64322,5151,Salaried,741,3399481,8,21,8.92,2.77,3,22,0
27209,5301,Student,709,818021,10,56,10.82,0.51,2,28,0
35645,2024,Salaried,829,2426219,2,45,15.77,1.17,2,17,0
183278,19885,Salaried,720,3503564,2,57,9.16,2.5,3,21,0
21716,6818,Salaried,671,2847053,6,21,9.9,0.52,3,29,0
27170,6893,Self-Employed,735,540226,10,35,15.1,0.53,2,28,1
125540,23814,Salaried,710,1401414,11,57,16.98,2.03,3,28,0
158141,57198,Salaried,699,4595418,10,33,14.52,2.47,2,15,0
179529,52290,Student,633,4947295,12,28,10.61,2.44,1,17,0
87944,10694,Self-Employed,788,4062933,2,25,9.01,2.45,3,19,0
137418,26561,Salaried,740,4837814,4,29,14.34,1.4,3,30,0
77845,24150,Salaried,700,4706965,8,21,8.95,2.71,1,26,0
156916,8638,Salaried,835,2842025,2,56,14.32,0.53,3,10,0
154322,60503,Salaried,591,2401892,8,55,10.64,1.28,1,28,0
108518,32206,Student,682,1319227,4,22,17.09,1.34,2,21,0
168959,26710,Salaried,696,187558,11,43,13.01,0.91,3,11,0
37623,7422,Salaried,716,2676961,12,29,10.63,1.34,3,26,0
172579,10687,Salaried,690,4595210,5,54,16.6,1.96,1,16,0
63296,15276,Salaried,655,3495924,2,34,10.91,1.8,2,23,0
25916,9509,Salaried,692,3285588,4,24,11.41,1.3,2,23,0
110479,9456,Salaried,705,3425811,13,50,16.43,2.37,1,21,0
165822,19887,Self-Employed,690,2980363,1,51,11.43,2.29,3,25,0
142510,35725,Salaried,650,1335251,1,58,12.4,1.2,3,27,0
60047,4137,Student,689,1937491,4,31,11.8,1.31,1,17,0
182384,23363,Salaried,721,1276700,7,55,9.61,1.22,1,11,0
69697,3044,Student,707,265932,8,28,8.87,0.82,1,20,0
38268,2802,Self-Employed,734,4495040,14,23,15.38,2.38,3,10,0
43436,2788,Salaried,674,512358,5,34,14.63,0.62,1,19,0
101842,10833,Salaried,781,2251414,11,33,11.18,0.88,2,27,0
64934,21487,Salaried,723,3965995,4,52,11.31,0.76,1,25,0
129576,16673,Salaried,743,2237329,8,54,17.48,2.56,2,11,0
44018,14272,Salaried,636,1625430,10,39,17.88,0.61,2,26,0
87940,32846,Student,649,3115293,2,58,13.0,2.16,1,25,0
25739,9020,Self-Employed,723,2381821,4,36,16.12,0.61,2,28,0
156696,1228,Salaried,668,446743,12,22,15.5,2.47,3,14,1
52455,4171,Student,650,4145925,12,37,11.32,2.78,1,15,0
47059,7242,Salaried,709,3082741,12,54,9.06,1.72,3,26,0
28339,3366,Salaried,697,1390263,11,36,9.85,2.51,3,25,0
44044,13137,Salaried,743,1065607,6,58,16.46,2.27,2,25,0
98725,22797,Salaried,742,2769025,5,22,15.45,2.49,3,16,0
47835,1862,Salaried,734,632899,11,22,14.81,2.42,3,25,1
48135,15640,Salaried,635,2210687,2,46,9.74,1.01,1,18,0
199480,73830,Salaried,647,1798841,13,33,14.58,1.75,1,15,1
107814,18749,Salaried,708,3784414,1,51,15.84,2.9,3,25,0
91593,26427,Salaried,721,2423356,2,54,16.68,1.36,2,18,0
78560,24074,Salaried,640,3186391,3,59,8.63,2.93,2,13,0
26683,2962,Salaried,723,375709,7,23,15.0,1.96,1,15,0
185236,44963,Salaried,707,164527,14,28,8.68,1.65,1,23,0
189186,5456,Salaried,715,2852322,5,43,15.22,2.14,1,12,1
144549,47369,Self-Employed,764,388325,5,34,14.54,2.54,2,26,1
138934,39266,Salaried,697,4659091,7,47,9.91,1.49,1,20,0
146197,48814,Self-Employed,728,4306667,14,49,15.78,0.58,3,17,0
142083,7590,Self-Employed,703,3299125,8,59,9.15,2.27,2,17,0
58525,8218,Salaried,667,840404,9,59,16.35,2.89,3,13,0
124877,29519,Salaried,588,4531180,10,21,10.99,2.06,1,24,0
20720,1155,Salaried,644,4840354,1,37,15.04,0.97,2,25,0
99833,16587,Salaried,660,518259,6,50,17.28,1.12,1,20,1
102702,13158,Self-Employed,767,629443,12,33,11.73,2.77,2,16,0
71938,2859,Student,810,110403,12,41,13.28,0.53,1,27,1
114124,27100,Self-Employed,731,503192,8,39,12.9,1.87,2,15,0
136792,32571,Salaried,641,890200,13,39,10.0,0.9,2,13,1
164122,19784,Salaried,693,3886056,13,45,14.11,1.21,2,14,1
169079,25158,Salaried,759,4967083,6,42,15.56,1.27,3,12,1
168079,2477,Salaried,734,1042542,5,51,17.21,1.05,1,15,1
132537,46366,Salaried,731,3852975,8,37,16.58,2.48,1,23,0
99984,22830,Self-Employed,682,3770398,7,43,13.35,1.33,2,10,0
28333,558,Student,724,3242788,13,52,15.33,1.36,3,29,0
17634,2569,Salaried,722,3060212,14,30,16.11,1.63,2,23,0
92702,28065,Salaried,743,2150998,4,30,13.19,2.76,1,15,0
57154,18408,Salaried,655,3121284,14,56,9.6,2.22,1,12,0
42386,568,Student,643,3997135,10,28,12.66,0.65,2,26,0
134045,12105,Salaried,622,3931862,13,40,16.5,0.6,2,23,0
90596,5433,Salaried,682,4445472,8,52,14.17,1.92,2,28,0
55615,14195,Student,745,3714454,1,34,15.38,2.72,1,16,0
132456,35175,Self-Employed,690,3963799,8,48,10.26,1.31,2,20,0
36990,9812,Self-Employed,646,1893681,8,44,17.66,1.12,2,16,0
38553,2121,Self-Employed,759,2848029,9,35,12.34,2.37,1,22,0
100398,7670,Salaried,681,3898311,12,42,14.71,2.01,2,30,1
171319,8484,Salaried,673,4587904,3,50,8.68,1.91,3,23,0
122697,6900,Salaried,678,368629,8,24,9.71,0.87,1,20,0
40294,10038,Salaried,648,755443,7,33,15.93,0.94,2,17,0
120094,8553,Self-Employed,758,2207264,12,43,17.7,1.2,2,21,0
196771,73528,Self-Employed,637,4257673,13,28,11.54,1.02,1,24,0
105914,7261,Salaried,626,3395858,11,38,8.85,2.93,1,19,0
183661,14559,Salaried,699,1481483,5,32,11.93,0.55,3,11,1
84551,2962,Salaried,728,973426,8,51,8.67,2.07,2,22,1
102200,32270,Salaried,648,2112904,7,34,10.33,1.79,2,19,0
183324,13052,Salaried,714,4898763,9,54,15.65,1.31,2,26,0
31551,4379,Student,680,1340151,11,38,17.4,2.72,1,19,0
167442,53000,Self-Employed,624,2541200,3,54,9.33,2.18,1,15,1
149564,58238,Salaried,690,4966274,7,31,13.8,3.0,1,29,0
113343,4274,Self-Employed,694,4762159,4,32,10.91,0.92,2,10,0
60760,2508,Self-Employed,654,3834385,11,35,9.82,0.72,2,26,0
127286,43624,Salaried,634,935464,8,51,10.58,0.85,1,10,0
23752,1375,Self-Employed,664,1622780,2,49,13.99,1.17,3,14,0
36491,4706,Salaried,749,4963139,5,46,9.12,1.54,2,24,0
22943,6042,Salaried,685,2681552,8,38,12.63,2.66,3,10,0
61809,24569,Salaried,767,1265746,7,52,9.78,1.21,1,26,0
168146,32401,Student,708,2289336,2,42,11.09,2.79,2,23,0
147448,5939,Salaried,706,122353,7,58,10.31,1.66,3,22,0
173691,34484,Self-Employed,736,2889970,12,37,16.89,2.12,2,20,0
94091,10004,Salaried,715,4976388,8,43,15.23,1.16,3,21,0
60995,13811,Salaried,742,2612210,14,44,16.75,0.89,2,15,0
55765,12466,Salaried,682,3491033,4,28,12.14,2.67,3,20,0
68565,21074,Salaried,722,3629723,7,26,11.48,0.77,3,11,1
133409,51773,Self-Employed,638,4723511,8,25,12.12,2.44,1,27,0
190627,45602,Self-Employed,693,866678,10,49,8.68,1.95,1,21,0
101488,9185,Salaried,726,864454,10,48,15.38,2.65,3,24,1
95196,8849,Salaried,775,108527,10,31,11.82,2.29,2,18,0
25856,6795,Self-Employed,687,4436327,5,21,11.48,1.2,3,17,0
107205,26328,Salaried,683,3106911,4,39,14.18,1.94,2,27,0
117900,20897,Salaried,737,729405,5,29,12.64,0.53,2,25,1
136918,52584,Salaried,705,211711,11,47,17.82,1.69,2,30,1
167350,39583,Student,699,4314704,13,54,11.88,0.72,2,19,0
127451,18723,Student,724,1497221,8,24,14.33,1.57,1,21,0
184732,40459,Salaried,618,2511627,9,56,11.46,0.77,3,29,0
93405,23863,Self-Employed,705,1570247,5,38,17.91,2.89,2,21,0
91303,18420,Self-Employed,606,2462168,7,35,12.73,1.81,1,19,0
189106,64843,Salaried,780,743089,1,33,14.52,2.78,2,23,0
112143,32141,Self-Employed,615,383857,7,39,9.7,0.56,2,13,1
58056,10154,Salaried,645,827422,3,26,15.46,2.09,1,24,0
134147,22837,Self-Employed,713,3073074,3,32,11.06,1.27,1,29,0
127007,14383,Salaried,676,604661,9,57,12.76,1.58,2,18,0
38115,957,Salaried,755,2564637,2,37,16.89,2.68,3,16,0
55273,12405,Salaried,679,2550341,6,43,17.72,2.95,1,16,0
125159,23091,Student,663,4628683,1,46,12.53,1.12,3,29,0
148135,27280,Salaried,744,259402,3,49,16.43,2.87,2,18,0
147762,56867,Salaried,698,138560,6,53,9.01,2.22,2,19,0
183286,63389,Self-Employed,728,2295430,14,47,16.55,2.88,2,29,0
102095,3865,Self-Employed,642,3995125,5,45,14.48,1.91,2,22,0
64229,2159,Salaried,659,2508389,12,30,13.14,2.9,2,15,0
54441,17886,Student,696,1194684,4,43,16.95,2.73,2,13,0
67214,25094,Salaried,612,4707634,6,41,16.53,0.82,3,26,0
80107,21353,Salaried,715,1503471,14,41,11.32,1.28,1,30,1
49782,4624,Salaried,673,1093119,3,33,16.02,1.11,2,23,0
109096,33435,Salaried,667,4565400,7,57,9.45,1.93,1,12,0
31396,7726,Self-Employed,702,4554443,2,53,16.32,2.51,3,10,0
146172,28655,Student,657,4221040,13,44,14.92,2.4,2,27,0
134392,49601,Student,705,4799643,4,31,9.33,2.32,2,11,0
48469,3348,Salaried,669,2219524,9,37,14.99,1.44,1,17,0
102754,35017,Salaried,645,3099975,10,24,14.01,0.85,1,25,0
60318,2214,Student,626,4318374,14,45,14.15,1.03,1,13,0
18255,5790,Salaried,579,1793644,10,50,11.26,2.35,2,28,0
138935,16029,Salaried,722,293533,3,29,11.03,0.87,1,29,0
90507,23183,Salaried,654,2788641,3,41,15.74,1.06,1,19,0
47380,8516,Salaried,713,4192106,5,40,10.94,1.56,3,26,0
170535,4888,Salaried,702,3162001,12,39,12.74,0.68,2,26,0
60854,2904,Salaried,783,3143622,5,39,15.1,1.03,2,30,0
166772,27633,Self-Employed,621,3904102,3,32,9.26,0.87,2,16,0
22025,1271,Self-Employed,680,4470864,8,57,14.15,2.88,1,18,0
138296,47156,Salaried,800,2515844,14,37,14.1,0.98,3,16,0
23652,774,Self-Employed,680,1540893,4,57,15.0,2.65,1,30,0
95266,37924,Self-Employed,661,3612934,3,59,12.01,0.79,2,12,0
94712,25060,Self-Employed,621,1489054,13,48,12.77,2.67,1,21,0
108104,22765,Self-Employed,692,4609097,13,55,11.63,2.0,2,13,0
87582,4186,Salaried,723,4840096,9,38,16.18,2.62,1,26,0
43270,15543,Self-Employed,652,423254,14,34,9.74,2.67,1,12,0
50241,2688,Salaried,711,4301754,10,55,17.65,1.99,2,20,0
78452,18072,Salaried,642,2273927,2,27,14.53,2.79,1,17,0
83517,12785,Student,721,4869711,9,33,16.93,1.96,2,11,0
197241,72209,Salaried,740,251744,2,38,12.55,2.28,1,23,1
89090,1634,Salaried,700,903690,4,57,11.66,1.54,1,13,0
84400,1067,Self-Employed,656,686724,12,33,17.06,2.79,1,25,0
76760,13442,Salaried,746,4298774,9,56,9.44,2.56,2,23,0
145263,55881,Salaried,617,3231653,3,51,9.61,0.92,1,16,0
163412,20242,Salaried,647,225666,1,22,11.34,1.94,1,19,0
49723,10204,Salaried,637,4813455,1,36,17.62,2.74,3,21,0
197922,53846,Student,688,2865836,8,29,14.51,2.48,3,17,0
169499,38392,Student,760,1077588,7,29,13.76,2.91,2,20,0
20585,8058,Student,681,2390921,1,58,15.2,1.08,2,29,0
199933,37289,Student,616,2990747,3,31,12.47,1.42,2,22,0
110608,9139,Self-Employed,727,4123091,7,42,15.7,1.77,2,21,0
123609,13199,Salaried,789,848713,1,53,12.24,1.08,1,16,1
139016,10891,Salaried,673,1806332,8,56,16.35,1.49,1,30,0
180534,4837,Student,730,980569,3,43,11.04,1.84,2,21,1
108766,36388,Salaried,651,1173243,4,54,11.14,0.98,2,19,1
101257,32194,Self-Employed,753,2183283,10,29,13.46,1.14,3,16,0
195907,23115,Salaried,707,2663864,12,44,12.59,0.81,2,28,1
62182,2017,Salaried,736,3069322,6,28,14.66,2.28,3,16,0
55059,7255,Salaried,685,217696,3,27,11.96,1.4,2,27,1
176172,66896,Salaried,673,3359825,4,56,10.69,1.05,2,21,1
64823,15354,Salaried,609,1294634,7,38,12.96,1.77,1,13,1
146306,6834,Salaried,651,4953821,3,23,13.83,0.67,2,10,0
40015,5182,Self-Employed,737,3949013,2,48,9.85,2.81,3,14,0
34416,13119,Self-Employed,711,2725102,3,26,13.79,1.24,1,19,0
158285,48987,Salaried,704,413688,11,41,11.53,2.72,3,16,0
58671,1409,Self-Employed,648,4764331,14,48,12.23,1.74,2,29,0
134645,28821,Salaried,708,2832007,1,21,11.15,2.63,1,16,0
132441,11093,Self-Employed,684,4100215,7,56,17.35,1.12,3,22,0
102498,17414,Salaried,692,819155,12,41,14.99,0.94,2,23,1
161362,3667,Student,737,2241300,4,55,10.99,2.62,3,14,0
195734,74674,Salaried,714,2511595,2,33,14.63,1.03,2,30,0
53639,19687,Salaried,645,324557,11,30,16.56,2.37,3,11,0
38071,8693,Self-Employed,790,2007124,3,30,12.32,1.36,2,23,0
82542,5213,Salaried,768,2217652,5,33,16.38,2.37,3,30,0
88285,846,Salaried,679,458092,13,57,9.97,2.77,1,17,0
170126,23051,Salaried,743,3616597,14,58,16.32,2.95,2,29,0
132177,29842,Student,746,3676887,2,44,13.63,1.4,2,11,0
156142,39025,Self-Employed,825,1881422,4,22,10.62,1.42,3,17,1
185961,64390,Student,694,2920884,8,42,12.37,2.95,2,29,0
144239,18973,Salaried,797,4976754,7,37,17.89,2.65,1,14,1
151361,53587,Salaried,774,795139,8,56,15.94,0.61,3,21,0
170299,9934,Self-Employed,691,4646242,9,34,13.96,1.93,3,16,0
132129,5877,Salaried,682,2495624,6,30,9.59,0.95,3,30,1
175756,66500,Self-Employed,664,126752,1,55,12.47,2.99,1,22,0
190010,57203,Salaried,754,289185,10,45,11.0,0.85,1,24,1
168833,24992,Salaried,714,322930,5,23,9.17,1.9,2,19,0
91587,15611,Salaried,740,1410724,11,58,13.65,2.16,3,13,0
152449,9903,Self-Employed,727,4891708,1,37,16.95,2.84,1,25,0
196132,16833,Salaried,707,4440686,10,32,14.92,2.62,2,16,1
37254,1308,Self-Employed,651,4778234,2,44,10.87,1.11,1,22,0
144412,53382,Self-Employed,684,4364241,10,49,13.95,1.93,1,13,0
57281,13815,Self-Employed,712,3469590,1,45,17.46,2.88,1,21,0
190069,31428,Salaried,685,4163441,14,56,15.37,2.34,2,29,0
56001,13088,Student,814,2289615,8,46,15.05,2.22,1,11,0
165354,54354,Salaried,808,51722,5,58,17.7,2.39,1,14,0
180618,65030,Salaried,770,2062785,7,21,16.09,1.31,1,17,0
120747,5492,Salaried,678,4402868,3,40,9.8,2.32,3,13,0
158941,39782,Salaried,653,1605282,9,48,11.8,1.08,1,11,0
35191,500,Salaried,792,4486374,10,36,17.67,1.57,3,15,0
99114,23321,Self-Employed,647,1069925,7,37,13.15,2.72,1,12,1
30316,8454,Salaried,650,4731458,6,48,9.56,0.55,3,23,0
17936,3672,Self-Employed,649,2968771,8,32,12.86,1.54,1,19,0
170260,14245,Student,664,1473460,14,47,15.12,1.17,3,20,0
187121,56200,Self-Employed,710,4434890,13,50,17.98,1.0,3,14,0
54602,10564,Salaried,734,1890099,7,54,11.58,2.6,3,25,0
149782,49981,Salaried,665,567103,14,57,13.38,2.24,1,18,0
125969,16560,Self-Employed,743,1746380,11,26,16.86,0.78,2,30,1
99698,25236,Self-Employed,759,1926874,8,27,11.88,1.74,3,25,0
111791,36726,Self-Employed,685,4023973,11,52,9.54,1.67,3,18,0
154787,21997,Salaried,748,936045,3,52,17.51,0.86,3,26,1
173183,38718,Salaried,634,2288950,1,45,13.14,2.5,3,21,0
134804,44782,Salaried,735,2323098,6,53,13.28,1.42,3,24,1
88533,10809,Self-Employed,749,2681308,11,27,14.4,2.4,2,19,1
121760,36589,Salaried,783,3390470,3,32,8.53,0.98,1,13,0
184260,33375,Self-Employed,773,4921936,5,36,17.35,1.29,2,26,0
181234,29472,Salaried,676,1314583,7,36,11.93,0.74,1,27,0
31110,2048,Salaried,613,967266,3,56,12.27,0.86,2,27,1
138967,45811,Salaried,708,1527493,10,33,10.15,2.71,1,19,1
44622,16867,Salaried,663,1570492,4,27,12.09,0.77,3,20,0
48546,3475,Student,718,377461,14,56,16.14,0.74,1,30,0
145742,51461,Self-Employed,673,2930379,10,29,16.1,2.85,1,10,0
188329,46492,Salaried,754,3217365,2,52,17.39,2.11,3,19,0
166322,54040,Salaried,712,4964982,14,31,12.33,0.75,3,12,0
198434,10096,Self-Employed,736,265555,8,28,15.23,2.93,1,15,1
54387,9119,Salaried,612,3593499,4,53,13.32,0.87,1,26,0
19188,4868,Self-Employed,723,851885,10,43,16.14,2.42,3,21,0
98087,16278,Salaried,691,3928555,14,45,15.27,0.59,2,20,0
15451,4069,Self-Employed,637,3903373,14,28,12.0,2.06,3,26,0
120716,18449,Salaried,726,2293153,13,42,11.7,1.87,1,12,0
41727,1946,Salaried,761,4592287,2,24,10.9,1.02,1,18,0
170576,1844,Self-Employed,847,4984087,6,23,13.98,2.11,1,27,0
169047,19449,Salaried,582,4893890,4,49,17.66,2.04,3,15,1
40362,11559,Salaried,679,4476809,11,49,10.4,2.5,3,12,0
199727,28735,Self-Employed,722,1573728,8,54,9.4,2.69,2,15,0
132710,45953,Self-Employed,684,148782,9,54,9.63,1.78,1,20,0
125040,31227,Self-Employed,737,2571063,2,48,15.94,1.73,1,20,0
145996,15092,Student,682,4770063,8,33,11.83,2.05,3,16,0
134076,7856,Salaried,722,3814770,7,35,10.63,2.32,1,22,1
108513,28359,Self-Employed,746,2235211,4,43,11.85,1.39,2,22,0
43571,11579,Student,718,1899205,12,46,14.63,1.76,3,16,0
115909,35306,Self-Employed,713,1901206,13,24,13.69,1.96,1,23,0
114499,18515,Salaried,676,4014704,2,46,15.56,2.97,3,11,0
165553,23549,Salaried,560,4186925,13,29,11.72,1.97,3,12,0
52481,5101,Student,615,1131784,3,25,12.79,1.06,2,13,0
184083,35071,Self-Employed,659,4258344,7,52,9.47,1.97,3,17,0
126738,18462,Salaried,699,101377,4,40,9.19,2.55,1,30,1
149817,45076,Self-Employed,736,2630448,12,31,12.89,2.64,2,10,0
65557,13348,Student,672,4934176,8,35,11.37,2.5,3,18,0
16177,761,Self-Employed,708,4697218,8,52,14.32,2.72,1,26,0
108789,18317,Student,785,2993475,11,48,8.91,1.34,3,27,0
186064,65097,Salaried,650,4509549,10,42,9.66,1.77,3,16,0
111265,29035,Salaried,789,2738442,4,37,16.72,2.45,2,12,0
101639,17088,Self-Employed,737,3773586,12,46,13.88,1.16,2,25,0
106580,10334,Salaried,697,3477678,4,27,15.26,1.43,2,17,0
15860,290,Salaried,670,4643390,6,46,16.5,2.58,2,14,0
130162,32265,Salaried,784,1305699,2,45,12.91,2.43,1,26,1
67996,10607,Salaried,694,390698,9,30,15.73,2.93,3,28,0
167309,40963,Self-Employed,697,2492049,11,39,13.48,2.99,2,27,1
20335,5487,Salaried,702,3407941,6,31,10.62,1.1,1,14,0
189853,72257,Salaried,686,4933427,5,33,11.71,2.75,2,16,0
148662,30870,Self-Employed,726,1674073,9,28,13.16,0.74,3,27,1
59377,6937,Salaried,736,3437948,5,24,11.51,2.27,2,22,0
133090,20936,Self-Employed,689,2597640,12,51,11.69,1.05,3,20,0
25985,8283,Salaried,639,3924044,7,48,11.71,1.25,3,14,1
41527,10482,Salaried,633,4285887,14,31,9.67,2.87,1,24,0
83147,8353,Salaried,742,2203070,2,21,9.3,1.16,2,30,0
83882,4200,Salaried,730,555765,8,58,8.94,2.18,2,16,0
126477,4164,Salaried,703,3919807,11,44,9.55,0.95,3,14,0
164865,37066,Self-Employed,717,3097427,1,51,11.77,0.73,2,16,0
126568,49178,Salaried,675,1530161,9,46,14.14,1.35,3,26,1
134178,13156,Salaried,694,574864,2,25,10.29,2.06,1,18,1
113264,41139,Salaried,652,1543932,9,40,16.94,1.12,2,15,0
114423,2214,Salaried,774,3072721,5,31,16.18,1.25,3,18,0
147157,49325,Student,775,3767245,13,53,13.45,2.27,2,26,0
66125,20166,Salaried,575,4416748,8,58,15.38,0.76,2,11,0
186654,44370,Salaried,763,989069,13,47,11.98,1.62,1,29,0
65281,14630,Salaried,680,3533157,12,54,8.85,2.85,3,22,0
99693,19169,Self-Employed,635,3409174,10,35,17.09,1.49,1,26,0
30546,9045,Salaried,708,2190499,6,52,9.71,1.59,1,30,0
30948,8734,Self-Employed,658,98215,8,41,17.51,2.35,1,29,1
111453,21526,Salaried,665,3143724,7,25,13.93,2.45,3,15,0
166408,30796,Salaried,707,1968912,5,26,11.4,2.42,3,28,0
111931,30261,Salaried,746,3788350,4,58,13.21,2.99,2,15,0
49261,19063,Self-Employed,696,3909970,2,42,13.27,0.68,3,11,0
98870,31072,Salaried,656,327433,3,38,8.72,2.96,1,22,1
54279,7757,Salaried,711,1602816,1,34,11.88,2.88,3,29,0
110502,12795,Student,697,4135390,7,30,15.53,2.63,2,19,0
99013,19560,Salaried,777,2003230,5,33,13.35,1.64,1,18,0
59420,20152,Salaried,701,1035359,9,51,10.82,2.68,2,22,1
15209,4834,Self-Employed,772,454933,11,50,11.68,1.05,3,16,0
50212,10775,Salaried,648,2073715,1,23,16.7,2.48,2,27,0
166392,19301,Salaried,695,2052131,8,50,13.49,0.96,2,23,0
108059,33481,Salaried,694,3148999,5,26,13.52,2.54,3,13,0
177377,9109,Salaried,819,419199,5,49,17.63,2.04,2,17,1
123407,36530,Salaried,711,4178617,3,28,11.55,0.75,3,21,1
45898,15841,Salaried,678,1182628,5,53,13.06,2.74,1,17,0
162784,2657,Salaried,633,2177534,5,37,16.21,1.94,2,25,1
34589,6833,Salaried,671,2189123,1,31,15.71,2.14,1,10,0
21242,6611,Salaried,731,4819767,1,33,11.03,1.21,3,19,0
165641,61947,Student,594,207438,1,31,9.94,2.68,3,16,0
156448,25114,Self-Employed,621,1466100,12,51,15.16,1.86,2,23,0
56347,8916,Salaried,661,590076,12,48,10.95,1.55,2,26,1
169637,62205,Salaried,767,1423716,4,26,17.27,1.84,3,28,0
111382,6642,Self-Employed,757,738863,12,36,9.73,2.26,3,14,1
161000,16832,Salaried,682,3528123,6,24,11.52,2.24,1,28,0
69780,876,Salaried,732,1351775,7,55,9.02,1.39,1,12,0
95249,10584,Self-Employed,703,1870407,7,46,15.18,1.46,2,10,0
102597,15314,Self-Employed,699,999511,1,32,16.97,1.91,2,17,0
27746,3347,Salaried,681,3461973,4,31,14.54,2.81,2,18,0
116483,32668,Self-Employed,727,3698838,1,57,17.41,2.36,2,14,0
167287,56951,Student,688,953044,14,45,9.72,1.48,2,10,0
55664,19509,Salaried,717,229170,7,38,9.33,1.34,2,26,0
138938,7004,Self-Employed,717,2770964,6,39,16.46,1.81,2,23,1
138393,50769,Salaried,710,3155472,10,43,16.63,2.67,2,26,1
156355,4953,Self-Employed,700,2332039,2,58,16.39,0.52,1,18,0
37016,13248,Salaried,692,1802212,4,38,16.09,2.28,3,12,0
182086,20096,Student,718,3723433,14,46,11.94,1.24,3,12,0
126670,13302,Self-Employed,645,2677484,10,26,10.57,1.02,2,22,1
77212,21604,Salaried,687,2279430,12,24,17.32,0.53,3,29,0
67232,2460,Salaried,738,2358365,2,49,11.42,2.74,2,14,0
63993,13923,Salaried,771,1542452,7,54,12.28,2.78,1,15,0
20322,1055,Self-Employed,588,2951718,8,37,15.15,0.65,2,23,0
109265,35780,Salaried,627,3284111,3,36,11.29,1.8,1,15,0
63966,4391,Salaried,740,4781280,12,22,16.28,0.88,1,26,0
105640,2604,Self-Employed,710,705423,9,54,9.17,2.4,1,18,0
161031,32869,Self-Employed,623,153813,5,28,16.02,2.16,2,13,1
17728,2692,Salaried,706,1461897,4,33,14.22,1.24,1,24,0
156346,18851,Salaried,659,2533716,7,28,13.94,0.79,2,27,0
176630,59807,Self-Employed,669,1535737,11,50,12.85,2.58,1,24,0
113983,17131,Self-Employed,654,2016040,6,52,11.13,2.19,1,27,0
43776,15534,Salaried,679,2239686,2,56,12.91,0.52,3,16,0
110623,37675,Salaried,720,4341823,8,50,12.78,2.07,2,24,0
169876,47244,Self-Employed,697,1674937,9,21,14.05,2.53,3,14,0
108491,22063,Self-Employed,632,261540,10,59,11.17,1.98,1,20,0
72895,10196,Salaried,645,727861,10,37,9.24,1.56,3,23,0
44768,1836,Student,760,2175591,9,40,9.88,1.96,1,17,0
144418,24610,Salaried,726,3477600,7,44,15.14,2.05,3,13,0
60262,9972,Salaried,706,634141,12,42,8.71,2.1,3,19,0
109416,18970,Self-Employed,664,1527110,12,49,16.64,2.92,2,16,0
123433,29843,Salaried,747,3546091,13,42,15.1,0.95,2,10,0
151379,12904,Salaried,701,406858,5,29,15.8,2.06,3,29,1
116448,42911,Salaried,669,1183300,5,57,16.44,0.97,3,21,0
173362,50773,Self-Employed,710,4346622,6,30,9.67,1.02,2,22,0
126358,3505,Self-Employed,725,2915548,2,56,16.31,2.17,1,25,0
101995,22203,Self-Employed,722,4855188,6,57,13.29,2.79,1,23,0
140154,20930,Self-Employed,688,183099,4,48,16.91,0.9,1,22,0
78109,9081,Self-Employed,597,647009,3,48,16.92,2.91,1,14,0
101941,10236,Student,767,1939688,7,41,8.73,1.3,3,23,0
47070,12596,Salaried,673,3454202,4,44,12.14,1.48,1,22,0
37736,12503,Salaried,679,3450062,5,22,13.5,0.88,3,23,0
80942,20724,Salaried,627,1289981,4,28,14.94,2.04,3,21,0
90969,29377,Salaried,730,3748628,12,47,11.22,1.99,1,29,0
63603,9231,Salaried,705,1754449,8,42,10.9,1.61,1,24,0
30491,1832,Self-Employed,708,2277199,2,57,12.12,1.69,1,28,0
41503,14859,Salaried,792,884337,13,47,13.26,2.06,2,20,1
177047,69879,Salaried,736,1528216,4,49,17.54,1.96,3,24,0
66275,21266,Self-Employed,709,2226524,11,23,15.74,1.44,1,30,0
62188,3948,Self-Employed,773,395270,10,33,12.58,2.71,2,21,0
52615,348,Self-Employed,675,2250205,14,30,9.02,2.17,3,28,1
40658,6883,Self-Employed,680,2591899,5,56,10.1,1.01,3,25,0
176439,17232,Salaried,736,3912525,14,29,12.83,1.3,3,13,0
36497,10543,Self-Employed,712,3512841,2,47,16.23,2.47,1,27,0
88679,24092,Salaried,679,1873821,4,54,12.12,0.76,1,18,0
194828,18541,Student,699,415589,2,21,13.62,2.38,3,25,0
36775,7657,Self-Employed,589,478963,6,52,16.97,1.4,3,16,0
162176,14927,Self-Employed,726,2766411,14,45,17.18,1.88,2,28,1
130210,37345,Self-Employed,665,4554888,7,49,10.55,1.2,2,20,0
86466,13388,Self-Employed,717,4240613,3,27,8.91,2.97,3,26,0
86124,23771,Salaried,665,896677,10,23,11.4,2.76,2,30,0
174306,15329,Self-Employed,764,1257513,9,40,15.11,2.82,3,14,0
159815,6226,Salaried,724,1288984,12,40,17.54,0.96,2,21,1
82186,6292,Self-Employed,768,865468,11,50,9.23,2.6,3,28,0
107739,9305,Student,700,4510195,1,55,8.77,1.84,1,11,0
149175,41286,Salaried,769,4814159,2,55,16.9,2.27,3,10,0
126709,41012,Salaried,731,2944463,4,59,15.61,1.04,1,13,0
19590,4948,Student,701,83430,8,47,17.93,2.28,3,20,1
67239,21145,Self-Employed,746,4646997,5,46,12.27,2.79,1,27,0
190277,71996,Self-Employed,631,2940653,14,34,12.45,1.17,2,30,0
34099,8825,Salaried,707,351577,4,37,10.14,1.08,1,25,0
151204,29396,Salaried,665,1740159,5,38,9.6,0.76,2,19,0
68849,25958,Self-Employed,659,4479314,8,49,14.0,1.17,3,21,0
103915,38877,Salaried,599,392533,10,40,11.96,1.84,2,11,0
115091,35352,Salaried,672,1262930,12,47,9.26,2.58,2,10,0
111338,10569,Self-Employed,696,3210407,14,38,16.93,1.2,2,19,1
62865,5414,Salaried,742,2557429,7,24,10.38,2.05,3,19,0
80524,29340,Salaried,754,2833788,9,21,15.61,1.7,1,19,1
141193,22244,Salaried,682,1775200,3,21,11.18,1.22,2,11,1
57852,15139,Salaried,702,859046,12,46,16.22,1.78,3,29,1
189492,2631,Salaried,692,4291978,4,40,9.62,0.92,2,12,0
119148,18560,Student,721,4947037,5,43,15.68,2.1,1,10,0
199343,72176,Self-Employed,733,431317,1,30,9.43,0.79,2,27,0
172824,52680,Self-Employed,705,443983,13,31,12.75,2.33,2,20,1
44570,11737,Salaried,648,693859,13,25,15.47,0.94,2,21,0
15744,2582,Self-Employed,738,4039109,2,21,10.15,3.0,1,10,0
90122,286,Salaried,691,1300283,4,37,11.21,2.56,1,15,0
146483,20729,Self-Employed,661,3400685,1,42,16.72,1.36,3,25,0
145317,38474,Student,697,2809708,2,54,16.91,1.57,2,29,0
24821,2796,Salaried,631,2353007,4,49,8.93,1.15,2,12,0
168306,34096,Salaried,708,2445217,1,24,10.1,2.42,2,26,0
165710,15233,Salaried,759,2781199,5,25,9.62,1.45,2,25,0
189219,6449,Salaried,699,680747,9,31,10.21,2.39,1,20,1
57999,11346,Salaried,599,2988432,12,41,17.72,0.55,1,25,0
81414,28848,Self-Employed,703,3534195,10,55,13.74,0.84,2,21,0
91872,27738,Self-Employed,716,1083201,12,32,12.95,1.41,2,10,0
39160,12835,Salaried,663,4089709,10,46,17.85,0.77,2,20,0
174352,42782,Self-Employed,723,295117,8,39,13.79,2.0,2,15,0
86678,16257,Self-Employed,679,415861,13,27,14.78,0.63,3,28,0
57882,23038,Student,662,2694149,5,27,11.66,2.65,3,21,0
16233,2570,Self-Employed,713,3875801,10,46,12.13,2.4,2,11,0
27374,1833,Salaried,644,3467914,8,25,14.15,1.04,2,19,0
111788,2208,Salaried,682,4859554,12,41,9.16,1.71,2,28,0
35074,11547,Self-Employed,722,3220028,9,34,10.93,1.63,3,24,0
86509,9703,Salaried,629,3391814,1,24,10.37,2.31,1,17,0
186503,56436,Salaried,652,4382252,9,43,8.65,1.5,3,20,0
105775,20378,Salaried,735,2117078,1,40,13.6,0.58,3,25,0
122014,30796,Salaried,670,1459936,3,35,13.83,1.18,2,22,0
100148,10663,Student,715,4940200,14,49,12.15,1.67,2,22,0
100953,6443,Salaried,753,2799678,8,28,11.05,2.94,1,14,1
170915,37879,Self-Employed,693,4164383,4,39,14.69,2.7,2,21,0
85031,33037,Salaried,720,1002473,4,59,9.78,0.95,2,19,0
151731,33921,Self-Employed,732,1846475,9,48,13.43,2.31,1,28,0
67632,2361,Salaried,649,1850642,7,47,15.8,2.84,2,26,0
88137,3517,Salaried,752,1040890,9,24,10.06,0.52,2,10,0
65123,15428,Salaried,758,3853420,6,35,15.66,2.3,2,24,0
109994,33453,Self-Employed,724,1115928,10,55,15.73,1.65,3,25,0
36645,8959,Student,731,3662592,8,57,9.07,2.2,2,29,0
125821,10292,Self-Employed,645,3692834,14,21,8.68,2.01,3,19,1
53682,8213,Salaried,758,2773853,7,23,17.75,2.96,2,19,0
33319,615,Salaried,767,3351662,7,44,10.34,1.22,2,26,0
86991,2773,Salaried,719,3606027,2,47,16.31,2.47,3,26,0
56022,1007,Student,681,1305358,1,56,13.84,1.09,3,11,0
51492,11926,Self-Employed,707,2949323,14,54,11.01,1.59,2,18,0
110688,38240,Salaried,684,1889724,13,49,9.73,2.94,1,13,0
57928,5317,Salaried,675,1642873,13,44,13.22,2.42,2,16,0
28696,7564,Salaried,751,268371,9,44,12.37,1.29,3,14,1
85847,17191,Self-Employed,556,4852961,9,24,15.14,2.05,2,28,0
92316,12221,Student,651,1335447,7,23,17.09,0.62,2,13,0
55100,19678,Self-Employed,683,567656,7,54,16.15,1.17,3,27,0
58655,2027,Salaried,787,312459,6,43,11.11,2.3,1,12,1
113834,24268,Salaried,749,3356767,4,43,16.85,1.93,1,13,0
123262,33835,Salaried,623,141897,8,25,16.42,1.67,3,23,1
96085,8462,Salaried,675,3747491,1,51,17.33,2.23,3,23,0
131338,2948,Salaried,611,3157153,1,26,12.86,1.5,2,26,0
29020,10896,Self-Employed,721,904224,9,57,15.8,0.57,3,18,0
171783,4358,Salaried,605,4102145,14,30,14.12,1.6,3,28,1
32259,11934,Salaried,762,4471109,5,27,11.45,2.76,2,12,0
193164,48408,Salaried,616,1163700,10,59,17.95,2.64,2,24,0
196232,50787,Salaried,804,127538,10,58,8.86,1.52,2,30,0
77525,3712,Salaried,766,351970,14,41,10.04,0.56,1,10,0
20906,2260,Salaried,664,425102,13,40,16.98,2.09,1,28,1
144185,57472,Salaried,783,709326,5,23,9.08,2.35,3,13,1
167611,34018,Salaried,679,2768355,7,42,16.92,1.24,2,23,0
67924,2212,Self-Employed,674,1943962,12,24,15.29,1.69,3,27,0
182831,14735,Salaried,671,4608422,3,48,8.85,2.98,3,21,0
66488,3323,Self-Employed,757,4420853,3,32,12.58,1.94,1,15,0
111726,3709,Salaried,659,1338040,6,58,15.67,1.38,1,19,0
24707,7995,Self-Employed,782,2874954,8,56,14.04,2.07,3,13,0
95748,14323,Salaried,677,304557,5,25,17.39,0.95,2,25,1
57115,22407,Self-Employed,708,3139346,11,33,16.74,1.0,1,10,0
183381,50666,Student,725,2661558,6,43,11.66,2.81,1,12,0
68709,8292,Salaried,632,1789520,12,50,9.3,1.1,1,16,0
87740,18899,Salaried,653,4158596,4,57,17.47,1.28,3,12,0
193285,36494,Student,696,735712,6,45,13.41,1.86,1,24,0
53894,13227,Salaried,671,2481176,11,47,9.21,2.75,2,15,0
127382,10836,Student,701,2393599,10,34,16.26,2.45,1,25,0
186992,12686,Salaried,686,923174,7,56,16.75,0.61,3,26,0
92096,7011,Salaried,707,3617577,7,59,14.57,2.23,3,11,0
191375,11703,Salaried,644,2679872,5,36,12.75,1.76,3,19,0
71862,25196,Salaried,660,3813328,12,42,14.79,1.69,3,20,1
100544,15379,Student,759,3571710,7,41,15.21,2.23,2,15,0
151912,53114,Self-Employed,708,1273137,14,41,16.98,0.99,3,27,0
35134,4184,Salaried,672,1562618,6,28,17.58,2.95,1,24,0
131740,28882,Salaried,676,1091597,12,36,13.39,2.11,2,25,1
110381,35340,Self-Employed,664,3197855,4,51,16.09,1.41,3,22,1
156005,60017,Salaried,655,2946103,9,30,17.66,2.0,3,25,0
161720,57548,Salaried,789,2579385,2,52,9.94,1.04,2,11,0
101967,21924,Student,656,4249641,2,54,8.67,2.08,1,29,0
103854,41190,Self-Employed,678,1317173,4,29,16.76,0.57,2,21,0
173328,10455,Salaried,715,1906630,13,37,10.36,1.35,1,23,1
36487,617,Salaried,741,2073306,3,31,8.9,2.37,1,17,0
117178,23014,Student,715,4980719,7,52,10.02,2.52,3,15,0
103635,37484,Student,735,830638,7,30,12.15,1.13,2,23,0
158618,24479,Salaried,614,3860745,6,42,10.58,1.85,2,24,1
32259,12261,Salaried,746,4068579,11,37,11.4,1.82,3,29,0
28170,5947,Self-Employed,694,3039283,12,24,17.77,1.55,3,12,0
197694,36195,Salaried,674,4300361,2,45,15.19,1.07,1,16,0
170926,18032,Student,704,4614102,9,41,15.27,2.26,3,25,1
65670,1838,Salaried,671,1307448,1,57,9.4,1.13,2,11,0
27191,6499,Salaried,685,724608,14,58,15.45,2.78,3,26,0
131665,30652,Salaried,681,2588401,13,21,15.52,1.82,3,20,1
64270,7999,Salaried,645,4623240,12,45,14.77,2.68,3,12,0
149891,24087,Salaried,692,4985016,11,56,10.67,1.23,3,17,0
23634,3014,Salaried,806,4917545,13,37,12.52,2.52,3,30,0
171627,41421,Salaried,793,2725238,8,44,16.54,0.78,1,28,1
192537,48081,Salaried,621,4429068,4,22,14.87,2.42,3,27,0
94741,26507,Salaried,683,1242139,3,35,15.46,1.47,3,16,0
49354,18793,Salaried,719,1016710,4,52,14.08,1.67,2,25,0
117891,27196,Student,654,4381517,5,59,12.77,0.92,3,23,0
89697,1071,Salaried,805,3068286,4,26,15.71,0.55,2,17,0
94544,19954,Salaried,651,248812,11,21,9.15,2.17,2,22,1
125122,40342,Salaried,756,1017453,11,43,14.9,1.97,2,12,0
175100,68300,Student,739,2780155,2,59,17.97,2.06,2,11,0
28617,3329,Salaried,776,2218272,6,37,15.91,1.14,1,22,0
159711,24685,Salaried,628,2388701,11,54,11.26,1.1,1,12,0
29684,2003,Salaried,690,2931154,8,49,11.14,2.58,2,30,0
123409,27757,Salaried,608,4566655,3,29,14.84,2.4,1,10,0
101170,30569,Student,638,4513074,8,33,17.01,1.34,1,11,0
193449,18058,Self-Employed,761,543441,6,26,13.99,2.09,3,19,1
19433,1827,Self-Employed,611,1971788,5,26,13.51,2.57,1,20,0
45084,16151,Salaried,775,1512406,10,40,10.02,2.72,2,12,0
23157,7675,Salaried,663,4267653,13,23,15.3,0.51,2,17,0
96362,9124,Salaried,706,4307500,3,37,15.17,2.53,2,24,0
28536,2700,Self-Employed,741,2031195,2,32,17.69,1.38,2,14,0
53100,12159,Salaried,713,4747615,13,21,11.35,2.3,3,17,0
128771,12924,Salaried,709,3810842,10,37,15.69,1.43,1,27,0
16144,4482,Salaried,623,3577288,3,23,12.62,2.02,2,27,0
133501,537,Self-Employed,614,347597,13,46,13.81,2.12,3,21,0
103966,28629,Salaried,782,91988,13,35,16.26,1.51,2,13,0
147758,19205,Salaried,691,2548464,1,56,10.61,1.78,1,17,0
138574,8545,Salaried,731,644399,12,52,11.76,2.32,3,11,0
91206,15637,Self-Employed,784,148941,12,52,15.85,1.69,1,29,0
68100,25265,Salaried,689,4059766,14,24,13.92,0.53,3,12,0
164239,25443,Salaried,651,1213731,1,38,9.38,0.53,2,17,0
77358,22289,Self-Employed,710,4551469,13,39,12.59,2.15,2,21,1
170358,33581,Self-Employed,721,3032160,3,55,14.07,2.62,1,11,0
98636,6276,Salaried,702,2835776,14,34,17.14,2.46,1,26,0
199517,70412,Salaried,655,3069984,9,53,10.29,1.28,3,23,0
72039,11696,Student,648,1511354,13,34,16.16,1.68,1,23,0
18372,6763,Student,691,3212925,1,54,9.74,1.09,1,15,0
147955,16651,Salaried,767,382857,6,24,10.8,2.97,2,17,0
132538,31229,Self-Employed,596,270075,10,44,10.81,1.15,2,19,0
155061,37235,Self-Employed,712,4645026,12,49,16.84,1.54,2,27,0
195023,7791,Salaried,727,122306,6,39,10.39,2.2,2,10,1
196829,61387,Self-Employed,623,677097,1,26,15.98,2.69,2,16,0
145184,11908,Salaried,640,1684580,1,53,12.89,0.63,2,16,0
186582,14227,Self-Employed,675,4982305,14,39,17.99,1.25,2,22,0
168259,52546,Self-Employed,784,2620373,5,21,16.47,1.92,3,25,1
189835,59574,Salaried,680,4421104,13,25,15.53,2.05,2,21,0
127569,8151,Self-Employed,720,783456,11,47,16.77,0.68,2,28,0
130737,6823,Salaried,630,4645576,6,36,14.52,2.16,2,15,1
198490,35513,Self-Employed,619,661144,13,26,16.51,1.82,2,16,1
133192,18808,Salaried,737,2395041,5,33,10.98,2.57,2,26,0
146469,14665,Salaried,627,463073,13,55,9.43,1.06,1,28,0
166382,18328,Salaried,680,4817590,13,39,14.35,0.99,1,14,0
165120,50217,Student,709,4433996,2,32,12.63,2.48,2,12,0
81139,21514,Self-Employed,726,4506494,4,36,12.55,2.26,2,27,0
147152,3146,Student,682,1114506,5,30,13.5,2.48,2,26,0
115521,2886,Salaried,773,3256256,5,45,11.93,2.45,3,30,0
160771,28434,Salaried,732,1214608,10,40,14.45,0.76,2,20,1
192996,13381,Self-Employed,667,2262610,5,51,8.79,1.2,3,18,1
79333,7012,Self-Employed,654,3462724,4,24,17.71,1.15,3,26,0
175120,58117,Salaried,729,4722707,3,43,17.28,2.84,2,28,0
160050,50738,Student,705,3545239,5,22,17.39,1.72,1,22,0
25248,7249,Salaried,684,3912473,9,42,11.97,0.78,2,15,0
26179,3575,Self-Employed,805,2686200,1,57,13.55,1.22,2,30,0
44403,2501,Salaried,649,526352,9,28,17.56,2.68,1,13,1
91759,24966,Salaried,810,2317708,2,27,17.07,2.62,1,27,1
164651,13014,Self-Employed,635,2325402,8,34,16.01,2.75,2,21,0
155406,10312,Salaried,621,2475808,7,23,12.37,1.47,2,13,0
150141,15604,Salaried,637,528078,13,36,13.86,2.1,3,14,0
149842,54804,Self-Employed,752,2650771,4,39,16.03,1.2,1,21,0
162906,9554,Salaried,666,2856309,8,38,11.09,0.95,3,27,0
74617,15162,Self-Employed,705,2098411,14,36,14.45,0.55,3,26,0
152715,13269,Salaried,737,2667694,7,28,16.37,1.06,3,19,0
50304,8298,Student,761,4813449,12,53,15.22,2.01,3,15,0
184814,69626,Salaried,735,1946118,12,32,13.06,2.76,1,26,1
30322,8793,Salaried,741,898057,13,31,14.05,0.83,1,17,0
72631,16471,Self-Employed,631,611306,12,25,17.89,2.8,1,11,0
154585,2738,Salaried,652,641392,3,47,14.22,1.36,2,21,0
192887,4720,Self-Employed,801,4923562,10,32,15.96,1.57,3,12,0
138374,29059,Self-Employed,767,987212,6,37,15.4,1.41,2,29,0
137767,24317,Salaried,712,2265308,9,26,15.16,1.52,1,30,0
158603,57564,Self-Employed,706,4805986,7,53,15.31,1.15,1,16,0
161631,12312,Self-Employed,768,4118225,5,25,12.82,2.25,2,10,0
28515,8997,Salaried,700,3198133,4,48,13.0,2.4,3,26,0
174074,60452,Salaried,819,4667703,11,34,12.94,2.56,1,17,1
152046,5150,Salaried,685,2845323,13,25,8.82,1.35,3,19,0
117300,22466,Self-Employed,641,4591739,5,53,10.79,2.41,3,26,0
135525,31863,Salaried,736,3043909,4,39,9.97,2.09,1,25,1
187443,58766,Salaried,634,1609191,8,42,16.92,2.89,2,19,0
24431,602,Student,710,3089257,13,25,11.11,1.56,3,24,0
93937,13472,Salaried,745,2104040,10,22,9.82,2.98,2,25,1
80059,20504,Salaried,663,795746,2,50,9.64,2.35,3,27,0
108220,35690,Self-Employed,620,2462461,8,59,15.15,2.44,3,13,0
57715,22674,Salaried,701,3483976,8,24,8.56,0.56,1,16,0
91639,29858,Salaried,637,2140982,8,53,12.98,1.74,2,21,0
182010,51798,Self-Employed,718,3035994,7,33,9.63,1.82,3,21,0
60820,450,Salaried,628,2652034,1,40,16.57,0.6,2,30,0
131445,16606,Salaried,712,1842892,5,27,17.61,1.28,3,10,1
82145,29297,Self-Employed,758,815825,1,35,17.61,2.89,2,30,0
73612,4937,Salaried,702,4319779,3,43,12.7,1.57,2,21,0
81273,20820,Self-Employed,679,2179719,6,34,14.62,0.97,1,16,1
16986,346,Student,724,4746784,14,43,14.2,1.78,3,24,0
113548,23442,Self-Employed,661,1813376,4,39,11.83,0.58,3,11,0
189292,41078,Self-Employed,745,4572878,2,49,12.72,1.79,3,10,0
195586,56316,Self-Employed,695,4823376,11,40,9.11,1.99,3,13,1
159446,61711,Salaried,638,109133,7,49,16.06,1.39,1,17,0
92338,36462,Student,749,4409054,11,44,10.79,2.41,1,26,0
164579,61686,Salaried,745,2006152,6,38,12.88,0.84,3,27,0
107874,9397,Self-Employed,673,4252318,10,30,13.07,2.7,2,14,0
189133,68752,Salaried,703,1772844,6,28,13.83,2.89,1,15,0
58702,18345,Salaried,739,2697917,3,46,16.27,0.5,2,21,0
35010,8981,Salaried,615,1982108,13,49,15.07,2.61,2,25,0
171150,65708,Salaried,610,1212558,5,30,14.8,1.77,2,18,1
20243,1499,Self-Employed,654,1981391,4,37,13.5,1.65,3,24,0
167382,17439,Salaried,811,2908574,12,22,9.41,1.1,1,17,0
160662,15638,Salaried,705,2893596,2,26,12.32,1.62,3,21,0
150816,24681,Salaried,757,801790,2,25,17.59,2.88,2,23,0
67147,13015,Salaried,759,4020623,6,48,17.96,1.03,3,26,0
38068,2019,Salaried,696,4283225,4,25,15.44,0.95,2,23,0
139798,37637,Salaried,737,4313495,12,38,10.66,1.1,3,29,0
74056,2492,Salaried,670,2516374,8,46,9.47,1.88,3,14,0
74924,8511,Self-Employed,779,575002,4,40,12.44,2.83,1,22,1
97328,7346,Salaried,731,288274,12,47,16.64,1.93,1,15,1
131867,1178,Salaried,708,1183303,5,32,15.36,1.11,2,23,1
83260,10140,Student,701,1344980,13,27,16.9,1.6,2,15,0
158736,48472,Salaried,641,91456,1,23,14.35,1.48,2,12,0
198606,66696,Salaried,741,4950367,13,30,9.74,0.62,3,25,1
137184,41078,Salaried,735,399001,3,54,9.59,1.78,2,21,0
188234,66991,Self-Employed,716,3749253,11,45,8.96,0.82,1,23,0
146439,13417,Salaried,747,2030285,5,55,13.89,2.61,2,11,0
62119,900,Salaried,840,4539473,6,36,10.81,1.87,2,27,0
123814,30920,Salaried,738,196083,12,22,15.48,2.61,3,16,0
132847,33165,Salaried,692,222236,8,44,15.02,2.89,1,14,1
111895,35809,Self-Employed,706,2103398,9,30,11.52,2.86,2,21,0
183246,45933,Salaried,732,416099,3,58,10.18,0.75,1,26,0
75109,4565,Self-Employed,707,3614074,13,42,9.47,2.86,2,21,0
34062,13108,Self-Employed,678,3494678,13,46,15.5,2.49,1,30,0
90191,14879,Salaried,715,4661022,6,59,12.78,2.44,2,20,0
196796,6240,Student,728,848352,9,47,11.57,0.73,2,10,0
44227,2205,Self-Employed,710,1010820,2,49,16.64,0.95,3,18,0
157377,31722,Salaried,687,1273901,5,58,14.14,2.94,3,17,0
42621,14220,Self-Employed,733,4349689,4,40,13.42,1.03,1,23,0
54150,12607,Self-Employed,699,3589961,6,47,15.56,0.92,1,13,1
156332,54946,Salaried,635,2333323,3,40,16.25,1.41,1,20,0
120695,35214,Salaried,688,291495,8,39,15.02,2.78,1,26,1
88400,6127,Salaried,651,4651354,10,40,12.68,1.69,3,17,0
52876,4266,Salaried,682,2216536,9,55,12.1,2.8,1,30,0
158103,20139,Salaried,753,209849,3,22,15.83,1.34,2,10,1
39613,12682,Student,646,1318026,13,50,13.42,1.07,2,27,0
145311,46689,Self-Employed,641,2208956,5,54,15.19,1.74,2,14,0
59001,19092,Salaried,760,4427278,12,42,16.96,2.04,3,17,0
28699,2804,Self-Employed,706,3376793,8,23,17.2,1.48,1,17,0
123985,47686,Salaried,706,3651596,1,26,11.14,1.37,2,18,0
183097,63492,Self-Employed,691,902719,6,35,10.28,1.05,2,27,0
85880,33973,Salaried,707,172207,12,47,10.98,1.19,3,16,0
137211,36133,Salaried,619,2577435,6,30,15.64,2.18,3,19,0
15860,844,Salaried,623,3021251,1,29,12.02,1.42,3,30,0
155417,61518,Self-Employed,705,274094,9,53,10.15,0.7,2,25,0
26598,8325,Salaried,669,2513722,4,52,9.43,0.85,3,12,0
88723,32624,Self-Employed,718,1880376,5,26,11.61,1.43,2,19,1
147915,54929,Salaried,665,4181048,12,56,9.79,2.81,1,17,0
19567,5635,Salaried,677,3451978,5,22,9.99,1.45,2,27,0
42560,14942,Salaried,601,2412228,3,49,15.0,0.65,1,13,0
142441,14407,Salaried,722,4752226,10,24,8.69,1.54,2,21,0
57666,16798,Self-Employed,694,1026546,11,21,9.62,2.17,1,30,0
134433,32044,Salaried,749,2663228,13,39,16.52,1.98,2,14,0
24695,5722,Salaried,720,4809575,9,46,16.53,1.2,2,13,0
51469,13908,Student,657,2978805,12,45,11.63,2.22,2,28,0
77372,2556,Salaried,758,4569553,10,30,9.34,2.08,2,28,0
125375,17665,Self-Employed,605,4794376,14,35,15.2,0.93,3,14,0
135451,42186,Salaried,787,4318929,11,42,11.92,0.91,2,24,1
168136,29398,Salaried,671,1797805,8,41,8.93,1.87,2,21,1
131700,50252,Salaried,656,210412,6,42,10.0,2.15,3,22,0
150574,59678,Student,767,1188119,12,56,9.8,2.9,3,15,0
196379,27361,Salaried,761,3743165,9,54,14.1,1.55,3,26,0
191559,25314,Salaried,732,742731,7,50,17.03,2.41,3,29,0
107214,25099,Self-Employed,706,4589083,3,45,16.03,0.79,3,19,0
45518,9180,Self-Employed,679,3420058,2,48,13.69,2.72,3,23,0
157953,19606,Self-Employed,749,635484,13,21,12.51,2.08,3,24,1
172454,31031,Student,700,1559052,10,24,14.38,2.07,3,19,0
167884,20437,Self-Employed,575,1539875,12,27,12.72,0.86,3,15,1
80500,900,Salaried,756,4787897,6,29,10.84,0.6,3,25,0
163261,7595,Salaried,716,1103858,14,56,14.95,2.25,3,11,0
163977,2698,Salaried,593,4816660,11,39,16.8,0.79,1,19,0
46604,16447,Salaried,682,1317653,5,21,12.04,0.82,2,14,0
146807,7214,Self-Employed,790,4824338,9,30,16.49,0.97,2,18,0
153313,17460,Student,713,2685872,1,56,12.6,0.74,3,28,0
130864,40041,Self-Employed,680,4789841,3,29,12.31,2.06,3,28,0
128346,47668,Self-Employed,691,1733950,9,52,8.77,1.56,1,18,0
124001,17527,Salaried,716,4984898,7,52,15.11,1.17,3,25,0
149191,50552,Salaried,682,3560004,6,26,16.17,1.6,1,28,1
112196,41860,Salaried,676,449993,2,58,14.8,2.61,2,29,1
149482,9236,Self-Employed,669,746345,12,37,9.94,2.82,2,13,0
60600,9453,Self-Employed,704,1427189,1,30,9.48,1.72,3,14,0
178249,55182,Salaried,710,1651432,1,47,13.94,1.92,1,27,0
188403,64379,Self-Employed,752,3049421,9,55,12.31,1.14,1,17,0
104412,39095,Student,686,1675464,7,41,12.58,1.78,2,22,0
140590,47049,Self-Employed,731,4336364,14,45,17.69,2.37,2,18,0
136485,18984,Salaried,695,3897882,11,48,15.38,1.73,1,19,1
163695,60277,Salaried,650,959102,14,35,12.41,1.26,1,13,0
83337,28831,Salaried,768,1963767,4,24,8.68,1.96,2,28,0
24382,7736,Self-Employed,714,4499120,1,49,8.82,2.87,1,13,0
83462,15735,Salaried,711,654275,7,29,15.01,2.72,2,22,1
37169,9974,Salaried,637,4755011,1,47,16.46,2.42,1,26,0
161834,15577,Self-Employed,713,4075367,14,46,15.22,1.19,3,20,0
84051,3330,Self-Employed,776,4954844,2,39,12.36,1.1,2,11,0
97475,15264,Salaried,717,3410930,4,48,8.8,2.6,1,14,0
116016,26983,Salaried,740,1399957,11,37,17.69,0.95,2,22,0
30797,4705,Salaried,851,2953060,4,40,17.87,2.01,1,12,0
63610,698,Self-Employed,664,615994,8,59,13.72,1.6,3,28,0
187992,19875,Salaried,754,2280115,9,43,9.17,1.67,3,28,0
79190,2039,Self-Employed,743,1334597,10,52,13.64,1.64,3,25,0
154258,434,Self-Employed,782,2389482,7,53,16.98,2.75,2,25,0
136563,20827,Salaried,724,2205429,7,25,14.96,0.72,3,12,0
45377,12188,Salaried,613,4801884,4,54,15.34,2.46,2,18,0
33123,10552,Salaried,675,3672540,1,31,9.31,2.59,3,28,0
118220,45091,Salaried,620,4958449,6,23,9.51,2.86,2,10,0
97386,35712,Salaried,726,4508039,3,53,9.71,1.63,3,23,0
149644,58537,Salaried,723,4044067,8,31,17.09,1.75,1,20,0
111571,26117,Salaried,772,4925147,1,36,13.5,2.9,1,27,0
18088,6281,Self-Employed,693,2671277,4,38,16.02,1.65,2,29,0
199658,44420,Salaried,733,1603175,14,50,9.6,1.76,3,16,0
80180,8640,Self-Employed,621,1936080,4,30,17.31,1.33,3,15,0
196498,31584,Self-Employed,705,4249287,10,38,16.3,0.58,1,21,1
186674,49411,Student,751,4872074,10,58,10.64,1.58,3,11,0
70610,23925,Self-Employed,753,900374,7,39,16.8,2.14,3,22,1
75424,24807,Salaried,651,3045773,14,56,11.0,2.22,2,29,0
39297,9302,Salaried,703,4974733,13,33,10.45,0.52,1,10,0
22223,5192,Salaried,620,2945606,7,23,11.01,2.5,3,24,0
189799,68919,Salaried,627,2748087,3,30,17.14,1.73,3,29,0
112435,23161,Self-Employed,655,1188417,8,58,17.2,1.8,2,17,0
132949,10985,Salaried,759,3961554,8,21,11.63,2.9,2,27,0
117447,6332,Salaried,706,986199,14,47,15.2,1.21,2,24,0
188419,1363,Salaried,687,2101904,13,28,14.92,2.4,2,17,1
35303,11204,Self-Employed,694,3116813,3,37,16.16,1.94,3,11,0
130212,27366,Salaried,659,4476050,5,29,11.32,2.25,3,20,1
91174,20816,Self-Employed,763,4800815,1,26,13.35,1.54,3,17,0
88923,8524,Salaried,734,3810831,1,45,14.84,1.2,2,22,0
98172,13277,Self-Employed,819,3353611,1,59,8.75,1.87,3,10,0
199505,46084,Self-Employed,796,4694336,13,48,12.08,1.44,1,27,0
129200,49408,Self-Employed,729,1813524,8,53,15.11,1.06,1,14,0
193282,44560,Salaried,687,4785326,9,57,10.9,2.6,3,10,0
138107,2063,Student,734,1349225,1,29,17.6,1.69,2,21,0
65737,9870,Salaried,713,4702069,11,38,8.79,2.62,1,14,0
59758,2534,Salaried,719,1352931,3,41,17.6,1.69,3,30,0
123538,5691,Student,740,644787,3,22,10.56,1.89,1,25,0
91981,20185,Salaried,646,2727071,10,58,8.96,2.99,1,27,0
199681,71096,Salaried,679,3088921,14,56,11.28,2.88,1,11,0
155510,49898,Self-Employed,727,2754366,2,57,15.97,1.18,1,24,0
78605,28898,Salaried,727,3001996,8,35,15.65,2.67,3,20,1
53009,15906,Self-Employed,670,2059016,8,48,10.48,1.48,1,19,1
141680,30919,Salaried,626,4263599,2,38,10.37,0.68,3,12,0
20838,773,Self-Employed,719,760909,3,54,14.6,1.94,1,22,0
55909,15323,Self-Employed,596,3536039,6,42,12.85,2.94,1,22,0
47291,11432,Self-Employed,648,2280783,9,31,16.03,2.94,1,12,0
36021,612,Self-Employed,652,1804972,9,33,8.73,0.82,3,19,0
164078,52434,Salaried,698,78800,3,24,14.3,2.43,1,13,1
26869,4176,Salaried,695,1486313,13,42,15.44,2.51,1,23,0
71813,790,Salaried,639,721969,14,27,17.94,1.42,2,26,0
89539,27068,Self-Employed,682,1188016,3,44,14.95,2.15,1,10,1
36407,4309,Salaried,705,1260058,9,24,10.7,1.72,2,24,0
153800,4238,Salaried,698,1948602,1,48,9.53,1.07,3,30,0
20919,4324,Salaried,757,1959585,7,35,14.59,2.4,1,11,0
127911,12021,Self-Employed,737,1737954,3,21,13.47,1.16,1,27,1
136448,33748,Self-Employed,679,1525926,11,23,17.04,1.35,2,16,1
75120,27824,Self-Employed,766,1632749,13,34,15.4,0.98,2,22,0
110964,29071,Student,681,4336594,10,58,13.34,2.3,1,12,0
98086,29249,Salaried,766,1224955,5,21,12.33,1.65,3,12,1
167195,33095,Salaried,753,759244,5,58,12.34,1.61,2,22,0
128844,3122,Salaried,796,517876,12,58,10.65,2.01,1,30,0
117377,10387,Student,710,4181198,3,41,8.66,0.89,2,13,0
157953,16917,Salaried,630,1101554,13,49,13.96,2.75,3,25,0
30089,7652,Student,685,1260325,14,25,10.52,1.66,2,17,0
135155,7053,Student,626,686854,4,30,10.48,1.42,1,17,0
68341,2533,Salaried,713,820532,9,48,9.69,0.82,2,25,1
24876,8923,Salaried,662,1970802,7,41,10.3,0.92,3,11,0
106251,31085,Self-Employed,734,2823436,9,27,8.8,2.8,1,18,0
81243,8624,Self-Employed,737,3752831,11,23,14.91,1.64,1,22,0
128694,16951,Salaried,735,1872352,10,40,12.31,2.31,1,21,1
37953,1050,Salaried,689,1274214,11,39,13.83,0.7,1,11,0
170655,9476,Salaried,690,4177983,12,55,14.55,2.11,3,18,0
51022,4453,Salaried,696,3937805,6,24,17.74,2.8,1,10,0
69029,4177,Salaried,692,704247,5,25,9.15,1.25,3,15,0
199405,17722,Salaried,688,3799114,13,21,12.47,1.95,3,11,0
26706,5931,Self-Employed,763,2698668,9,24,10.84,2.85,2,12,0
162340,5310,Salaried,666,126789,5,32,13.03,2.3,2,24,1
179134,7240,Self-Employed,657,2104812,5,47,17.24,0.66,1,16,1
177142,49104,Self-Employed,730,4771523,12,43,15.38,1.45,1,22,1
173393,61032,Salaried,682,1592267,10,45,14.79,0.71,3,25,0
85283,5238,Student,647,4552124,7,41,12.69,2.65,2,22,0
108715,22134,Salaried,671,3894774,5,44,14.88,2.05,1,21,0
122554,29420,Salaried,767,3403506,4,45,8.81,2.89,1,26,0
187142,60703,Salaried,696,1673333,13,52,14.07,0.55,3,30,0
150186,28154,Self-Employed,662,2271800,11,52,13.76,1.56,2,20,0
36245,3259,Salaried,716,2565511,3,25,11.79,0.76,1,16,0
22787,4065,Salaried,716,1172520,10,56,10.41,1.38,1,22,0
40169,14110,Salaried,672,513400,11,59,16.17,0.9,1,19,0
166042,3794,Self-Employed,711,3145536,11,36,9.01,1.32,1,19,0
20051,742,Salaried,688,1467309,13,53,9.16,2.55,1,22,0
73475,2516,Salaried,647,1296663,11,41,12.68,0.9,1,28,0
191150,50873,Self-Employed,773,3113631,12,29,10.9,1.68,2,26,1
81116,18545,Salaried,774,731467,9,26,15.58,2.8,3,29,1
108103,38665,Salaried,759,3933866,14,55,14.52,3.0,3,16,0
123889,17759,Salaried,709,2838542,3,59,15.84,1.13,3,13,0
155020,52647,Salaried,660,3608042,1,42,11.58,2.84,1,26,0
84676,26618,Salaried,679,2726057,8,25,15.53,1.15,3,13,0
21005,5870,Salaried,900,373111,2,43,16.69,1.53,2,27,0
75313,193,Salaried,658,731425,5,37,11.78,2.69,1,29,0
167029,62278,Self-Employed,706,4080684,12,32,11.73,2.47,2,17,0
81732,19093,Salaried,661,1702770,6,43,17.05,2.64,1,17,0
39564,10882,Self-Employed,715,1043800,5,36,8.97,2.5,1,30,0
105480,36314,Self-Employed,778,2540170,8,23,11.83,1.09,3,25,1
48264,17347,Self-Employed,796,4620741,9,50,9.63,1.9,2,24,0
47996,16190,Salaried,644,1647908,4,42,8.78,1.46,3,27,0
94247,11227,Self-Employed,608,3989719,6,29,9.57,1.65,1,28,0
50159,17602,Salaried,714,3274468,13,49,12.6,0.88,2,15,0
130463,37997,Salaried,645,827139,1,57,15.03,1.29,2,18,0
73719,11726,Salaried,727,1340596,13,43,11.25,2.64,1,25,1
147749,28242,Self-Employed,701,3836105,7,33,16.57,2.74,3,30,0
190103,50049,Self-Employed,698,4428241,12,52,12.66,2.03,1,18,0
90705,34566,Salaried,652,4975952,12,43,17.7,1.75,2,29,0
123159,10589,Salaried,808,378278,13,37,17.56,2.28,2,26,1
186843,10097,Salaried,662,4500117,1,41,15.85,2.02,2,13,0
86249,20404,Self-Employed,741,3658792,12,22,17.36,2.96,1,24,0
70331,23163,Salaried,684,3873257,8,57,15.22,0.98,2,20,0
197137,67487,Self-Employed,686,3532373,9,26,17.01,1.62,2,23,0
168969,45652,Salaried,700,4753776,9,38,10.75,2.8,3,26,0
83809,22627,Salaried,704,4783743,12,50,11.78,2.79,3,22,0
184202,70172,Salaried,611,1594304,5,42,15.65,1.74,2,18,0
16042,4871,Salaried,705,2596840,1,53,12.53,0.84,3,25,0
87838,21876,Self-Employed,679,2971845,11,50,16.45,2.54,1,17,0
56226,5092,Student,711,4481705,10,37,16.84,1.96,3,23,0
119755,30114,Salaried,743,3217463,12,52,11.35,2.43,3,24,0
153077,57564,Self-Employed,708,428803,7,34,16.32,1.66,3,16,0
60024,10176,Self-Employed,659,3450898,14,30,9.97,1.01,3,20,0
148507,43934,Salaried,754,1300624,9,56,11.67,0.56,1,12,0
87939,23242,Salaried,706,104012,3,54,13.42,1.9,3,16,1
17752,1189,Salaried,742,520795,6,29,10.65,0.9,2,14,1
181573,44770,Salaried,684,938046,9,48,14.0,0.97,3,18,0
195597,34029,Self-Employed,730,2578668,3,31,14.0,1.59,3,29,0
124113,20522,Self-Employed,643,2098490,10,34,10.47,1.61,2,28,0
146454,49956,Student,716,609273,6,59,16.06,1.19,1,22,0
191558,47883,Student,676,3135997,2,39,14.5,0.83,2,28,0
149078,52056,Salaried,712,681967,2,35,11.52,2.86,2,25,0
152675,24744,Salaried,775,581152,3,48,10.71,0.83,2,11,1
190729,1729,Student,735,4167513,9,44,16.85,1.38,2,10,0
44764,12973,Salaried,701,2656106,1,28,16.44,1.26,3,12,0
40282,15408,Self-Employed,680,1413704,9,29,10.68,2.67,3,21,0
44197,1066,Self-Employed,707,388406,11,53,8.84,1.53,3,15,0
168666,56511,Salaried,733,2476247,7,53,16.14,0.81,3,11,0
46914,17246,Self-Employed,749,2019220,2,39,14.35,0.53,1,25,0
139737,14057,Salaried,654,1810151,3,23,9.46,2.3,3,14,0
24802,5937,Self-Employed,706,865127,3,30,14.08,2.29,3,21,0
45185,13140,Salaried,724,4246382,10,21,12.8,1.54,1,13,0
158409,47829,Self-Employed,634,1972038,11,49,15.86,0.82,2,23,0
179869,15128,Self-Employed,718,813203,10,54,10.49,1.43,3,26,0
126550,26429,Self-Employed,730,2505173,10,33,12.8,1.97,3,21,0
36259,11998,Self-Employed,672,1645656,7,21,9.98,2.26,2,22,0
182090,21471,Salaried,619,4628873,8,54,17.6,0.7,3,26,0
76726,21431,Salaried,666,136467,10,49,15.9,1.89,2,29,0
121827,31631,Salaried,770,4370107,11,33,15.5,1.19,2,24,0
18809,810,Salaried,762,756406,1,49,15.06,2.04,2,18,0
199524,73324,Salaried,742,2331644,8,59,12.52,2.12,3,19,0
64565,24225,Salaried,733,4553760,6,44,17.27,2.78,2,15,0
166765,38559,Salaried,765,3669482,13,46,9.19,1.53,3,26,1
190259,28147,Salaried,716,530297,9,37,16.13,1.84,1,21,1
147432,2048,Salaried,660,1506977,4,27,10.54,1.17,2,18,0
33061,11479,Salaried,751,2789140,6,33,11.58,1.22,3,11,0
115175,24654,Salaried,595,3684213,13,25,13.43,0.62,2,25,1
115029,9306,Salaried,689,1990528,1,46,15.94,1.22,3,25,0
147805,45375,Self-Employed,656,3683917,10,23,16.47,0.66,3,10,0
36068,13531,Self-Employed,629,150694,10,27,14.05,2.91,1,30,1
113197,40068,Salaried,782,3790329,1,59,12.33,2.06,2,20,0
160343,61750,Self-Employed,710,2145533,4,21,17.49,0.93,3,30,1
35011,13811,Self-Employed,729,2227237,1,37,10.84,0.79,1,12,0
87532,18567,Salaried,667,1945027,5,45,16.13,1.43,3,11,0
198717,53124,Salaried,748,1127251,5,23,14.31,1.27,3,23,1
22589,212,Salaried,662,4386173,11,35,12.08,1.2,1,10,0
132379,34762,Salaried,676,1065044,9,49,8.51,1.67,2,15,0
43233,4823,Salaried,720,3156412,7,52,12.74,2.78,1,16,0
119602,19369,Salaried,612,4499106,9,46,11.13,1.92,2,11,0
189513,20688,Self-Employed,751,1658535,10,36,9.49,1.8,3,11,0
137652,43043,Salaried,664,2872722,7,45,9.21,2.52,3,24,0
122549,122,Self-Employed,684,362282,4,48,11.8,0.51,1,30,0
138781,26662,Salaried,730,2117964,3,29,14.34,0.99,1,14,0
99744,22479,Salaried,717,4930430,12,21,16.46,1.74,1,22,0
118854,31895,Student,724,4353886,3,49,10.24,2.26,3,28,0
114928,15968,Self-Employed,725,1960261,11,42,12.53,1.71,2,28,1
97373,8990,Salaried,666,1958695,7,36,12.22,0.91,1,24,0
156545,15303,Student,743,2494327,10,27,13.38,2.82,2,10,0
16821,1816,Self-Employed,715,1397167,1,34,16.19,1.32,1,12,0
172667,17757,Salaried,687,2373553,6,49,13.76,2.47,1,27,0
103760,29236,Salaried,694,472087,4,39,16.54,2.73,1,26,0
70508,1401,Self-Employed,673,216373,10,39,13.43,1.37,1,30,1
84621,2215,Salaried,747,3426379,13,22,14.24,2.61,3,17,0
149595,8707,Salaried,667,1525579,10,35,12.66,2.28,3,20,1
63390,2985,Self-Employed,583,4047351,9,23,16.32,2.76,1,29,0
83020,1745,Salaried,730,3424883,10,31,17.28,1.13,3,17,0
145860,22012,Self-Employed,784,2903752,2,50,14.57,2.83,3,30,0
66826,7504,Salaried,677,439893,13,38,16.3,0.66,3,15,0
47887,6169,Self-Employed,834,4030503,8,22,9.06,2.48,3,15,0
67088,5659,Self-Employed,703,520832,9,52,17.11,1.59,2,15,0
30718,9341,Self-Employed,649,4879137,11,28,10.29,0.94,2,11,0
146527,7643,Salaried,734,2942451,10,42,10.94,0.7,3,19,0
106007,5099,Salaried,771,498567,8,26,9.01,1.47,2,19,0
136696,1794,Salaried,637,1014947,12,32,17.67,1.47,1,18,1
77722,19805,Salaried,707,2913255,6,56,16.59,1.07,2,12,0
151509,24547,Salaried,717,910717,10,35,17.18,1.04,1,11,0
151987,28695,Self-Employed,679,1320767,2,48,16.55,1.5,2,13,0
61799,139,Self-Employed,621,3250288,14,38,13.06,1.53,2,17,0
120589,41988,Salaried,786,1569537,8,22,17.28,1.61,1,18,1
112687,21803,Salaried,660,4513996,6,33,17.71,2.67,1,11,0
101901,30707,Self-Employed,642,95738,2,35,13.27,2.03,3,25,0
72707,8062,Salaried,696,2446252,10,40,10.17,0.55,2,15,0
185020,13322,Salaried,666,4625263,7,49,14.76,1.8,1,17,0
53457,19404,Salaried,624,3739692,13,49,17.77,2.41,3,12,0
147636,49102,Salaried,742,3905382,5,23,16.79,0.64,1,20,0
50902,17971,Salaried,688,105818,12,39,16.69,1.56,3,29,1
108055,3343,Salaried,709,4366612,3,23,17.37,1.63,3,14,0
47332,7004,Salaried,775,4501876,6,34,16.99,2.89,1,21,0
168401,56060,Salaried,629,3762296,2,24,15.87,1.69,1,20,0
94290,5209,Self-Employed,683,57645,13,31,15.32,2.37,2,14,1
72822,2665,Self-Employed,666,1456328,6,51,11.02,1.26,2,29,0
128631,18962,Salaried,694,798785,13,52,14.4,2.45,3,29,0
109564,33452,Salaried,690,739653,3,47,13.45,1.31,1,30,0
152676,47821,Salaried,733,1792457,9,50,16.69,1.58,2,12,1
78076,5108,Salaried,732,1299452,1,22,13.17,1.7,3,18,0
163216,25903,Self-Employed,621,3681426,9,29,9.71,2.82,2,27,0
148461,6364,Self-Employed,691,4846455,13,48,8.55,0.63,3,21,0
149813,40053,Salaried,710,2428435,10,51,14.94,0.99,2,13,0
40036,5237,Salaried,599,736469,10,54,13.72,2.26,1,16,0
167455,64535,Student,612,4938998,1,35,11.64,1.94,3,29,0
101846,21452,Self-Employed,726,1902710,10,45,10.11,1.13,3,20,0
76071,16239,Self-Employed,698,1157032,6,56,12.93,1.22,2,11,0
119280,3911,Salaried,725,247311,13,28,9.45,1.42,2,21,1
21440,2024,Self-Employed,720,3841273,10,29,11.69,1.63,2,18,0
53402,17381,Salaried,738,184928,8,57,12.1,2.55,1,15,0
137626,41392,Salaried,760,732742,6,59,12.92,0.53,2,16,0
139052,14863,Salaried,691,940560,2,52,12.93,2.75,2,15,0
164911,37693,Student,697,1750130,6,37,10.94,1.53,1,27,1
185097,3165,Salaried,706,4931873,6,55,16.58,1.08,2,22,0
40976,9201,Salaried,634,3735531,3,57,11.88,1.77,1,18,0
68379,26320,Self-Employed,674,2206637,4,39,10.68,2.15,1,30,0
64316,12612,Self-Employed,660,4337403,12,49,10.17,0.61,2,28,0
137441,21682,Salaried,692,2809711,9,27,11.56,2.29,1,13,0
150552,30435,Salaried,685,52607,7,48,9.14,2.4,2,13,0
168098,17173,Self-Employed,689,4343428,5,29,8.81,0.92,1,22,0
143855,26055,Salaried,711,1512241,11,48,14.25,0.92,3,20,0
131151,51059,Self-Employed,685,4903629,5,26,14.38,1.01,2,30,0
173302,41920,Salaried,785,4896852,14,49,13.53,2.49,3,11,0
127958,33474,Salaried,728,4519341,10,37,15.74,1.18,3,15,0
68833,24428,Student,676,3892470,14,36,8.87,2.49,3,21,0
103069,10106,Self-Employed,737,251254,13,43,17.39,1.85,3,17,1
107170,26221,Salaried,700,3632696,9,51,9.4,2.42,2,14,0
99431,18474,Salaried,709,201519,6,23,14.9,1.88,1,29,0
192671,66494,Salaried,747,673354,1,41,9.77,1.34,2,18,0
192537,29840,Salaried,665,1555668,5,46,16.86,2.78,2,13,1
184730,6053,Salaried,608,3146711,13,56,13.35,2.29,1,18,0
148617,14447,Salaried,759,783951,10,57,9.28,1.71,3,21,0
93334,4808,Self-Employed,735,1760456,1,42,14.36,2.09,1,13,0
199823,36191,Salaried,839,3351666,10,32,8.59,2.04,3,26,0
24042,7105,Self-Employed,749,1171315,5,33,15.87,1.4,2,29,0
29546,741,Salaried,661,3075978,10,31,14.68,1.56,1,11,0
27654,7511,Self-Employed,650,1330522,5,36,10.52,1.3,1,22,0
162097,46117,Salaried,804,1033428,6,28,12.06,3.0,3,24,1
62736,14454,Salaried,709,2486681,9,22,8.57,1.95,1,17,0
168514,65243,Salaried,730,1547763,12,50,15.09,0.73,2,15,0
83657,9116,Salaried,673,176162,13,50,11.57,1.8,1,18,0
51122,4474,Self-Employed,607,98519,2,32,13.93,0.62,1,20,0
66769,5481,Salaried,648,794275,10,30,17.59,1.22,2,21,0
135742,23656,Self-Employed,648,1907865,7,31,11.34,1.61,3,30,0
184642,66080,Salaried,773,171015,3,35,17.91,1.84,1,11,0
51219,8729,Salaried,773,3690310,4,36,14.51,2.94,3,11,0
194503,4841,Student,654,3018231,6,37,10.8,2.96,1,20,0
67006,21584,Salaried,622,916452,9,46,12.65,0.75,2,17,0
188846,42701,Self-Employed,717,1651511,14,22,15.53,1.85,3,15,0
40557,230,Student,706,4011306,10,32,12.74,2.54,1,27,0
52638,1147,Salaried,638,2757210,13,46,9.15,1.09,3,20,1
186055,43820,Self-Employed,658,3409902,11,43,10.1,2.38,1,15,0
154555,32688,Student,785,1871432,5,38,16.02,2.7,2,18,0
33556,11578,Salaried,664,1970396,1,52,14.66,2.16,2,23,0
142540,4263,Salaried,630,2048829,4,58,13.91,1.32,1,28,0
85805,30968,Salaried,507,1060320,6,23,10.09,2.81,1,30,0
129559,2832,Self-Employed,753,2732479,5,58,16.46,2.71,3,15,0
148993,34201,Student,626,163823,14,23,17.63,2.29,1,29,0
158438,46923,Self-Employed,709,1093575,8,50,8.89,1.41,3,28,1
148714,40345,Student,710,3349322,7,21,9.24,2.48,1,19,0
132028,9419,Salaried,634,2775729,9,50,16.9,1.29,2,23,0
196937,7872,Salaried,728,1343009,14,52,16.25,1.13,3,14,0
198042,49620,Student,796,2328209,12,48,14.37,1.79,3,21,0
84642,20087,Salaried,701,1750812,12,41,17.48,2.99,2,28,0
43477,15341,Self-Employed,738,4150801,12,33,14.64,2.51,3,11,0
53548,11260,Self-Employed,792,3279174,9,47,10.55,2.32,2,24,0
27299,1500,Salaried,676,1333878,6,56,15.42,1.63,2,15,0
124958,46759,Salaried,759,1199474,9,27,14.63,1.28,2,17,1
131774,3155,Student,629,2075774,3,42,17.86,2.64,1,23,0
99967,35357,Salaried,650,2337707,8,30,10.53,1.92,2,12,0
148117,24180,Salaried,701,2944689,3,59,14.18,2.53,3,15,0
78565,14793,Self-Employed,653,465988,14,35,15.91,1.72,1,20,0
69523,10707,Student,635,4208582,7,35,11.72,2.38,2,18,0
68475,23010,Salaried,750,1787952,11,24,12.11,2.67,2,26,0
141580,38466,Salaried,740,616961,8,52,16.94,1.48,2,28,1
68907,17901,Self-Employed,698,1106648,14,43,12.34,0.53,3,11,0
36942,9927,Self-Employed,787,4229263,12,26,14.43,1.14,1,17,0
167791,49200,Salaried,650,1308073,2,44,16.95,2.79,1,19,0
161212,27736,Salaried,698,4817078,14,40,10.49,2.22,1,12,0
154738,28403,Salaried,743,3791436,9,57,17.83,2.34,3,19,0
149892,4322,Self-Employed,683,4085966,10,40,15.17,1.31,2,11,0
119753,24923,Salaried,733,4496719,11,32,13.21,2.25,1,16,1
124096,5905,Salaried,698,4707129,11,53,12.59,2.12,2,10,0
70011,24739,Salaried,751,2105320,13,48,17.57,0.95,3,21,0
79065,10850,Salaried,714,802376,10,28,10.45,2.92,1,14,1
139343,30301,Self-Employed,697,3429448,4,21,11.46,1.39,3,18,0
79194,17096,Self-Employed,683,193606,1,57,11.42,1.32,1,21,0
43660,9640,Self-Employed,714,3734486,10,42,11.25,1.42,1,20,0
35026,3655,Self-Employed,722,2586515,10,26,12.95,0.73,2,21,0
147158,24406,Student,696,3057371,8,41,17.9,2.06,3,12,0
76786,14248,Salaried,789,4378272,11,52,16.94,1.1,1,21,0
76022,17718,Salaried,729,3420879,12,55,11.62,2.51,1,10,0
26226,474,Salaried,649,3832509,5,35,12.52,1.49,3,15,0
198168,22016,Salaried,699,4523139,3,25,14.86,1.65,2,20,0
176243,29421,Salaried,685,1426559,7,26,8.66,2.12,3,11,1
155118,29741,Salaried,718,2123393,10,45,16.29,2.4,1,17,0
129166,32872,Self-Employed,691,883469,10,49,16.86,1.08,3,20,0
72868,8561,Salaried,735,3091878,8,27,16.64,2.92,2,21,0
29698,2028,Self-Employed,736,3248066,2,33,12.06,2.06,2,28,0
87777,30854,Self-Employed,685,390347,10,58,12.89,0.51,2,29,0
130468,4405,Self-Employed,650,1904688,2,38,8.62,1.54,2,18,0
115887,28283,Salaried,688,2163188,7,22,12.29,1.59,2,20,0
164346,10168,Self-Employed,665,2308791,12,28,12.87,2.52,2,27,0
119968,23691,Salaried,648,1704266,1,31,17.12,1.26,2,18,0
72518,15447,Self-Employed,655,792879,1,53,16.99,1.33,1,24,0
119730,34529,Self-Employed,665,2889343,8,58,17.68,0.68,3,27,0
197389,78572,Salaried,653,4277450,6,47,16.91,1.21,2,17,0
190765,20119,Self-Employed,734,3941211,10,40,8.58,2.29,3,13,1
67175,10111,Student,650,2272740,4,32,14.59,2.09,3,22,0
141956,55623,Self-Employed,668,2478851,1,51,9.15,0.7,1,24,0
63695,12715,Salaried,644,2195180,8,47,11.09,0.79,3,17,0
83916,23927,Salaried,647,2417352,7,52,13.99,1.44,3,25,0
147024,29532,Salaried,740,3264242,7,30,15.16,2.36,2,20,0
177347,43766,Salaried,787,2381436,10,23,14.72,2.58,2,22,1
146877,35868,Salaried,727,1566119,8,47,8.97,0.54,3,16,1
171259,62678,Student,693,2735429,5,55,9.48,1.32,2,27,0
124758,11974,Self-Employed,745,4686720,11,51,9.72,1.56,1,17,0
161087,60911,Self-Employed,673,2792594,14,35,9.37,2.78,3,11,0
164141,61485,Salaried,655,4069213,9,36,10.19,1.75,3,12,0
197974,62426,Self-Employed,724,2116375,5,33,15.04,1.17,1,19,0
64264,23567,Salaried,647,4282326,11,55,16.39,1.48,1,16,0
97753,7227,Self-Employed,712,1723686,4,31,12.38,1.59,1,16,0
25015,9296,Student,754,2269298,8,41,15.08,2.17,1,13,0
22118,2564,Salaried,625,4244661,13,31,10.4,0.6,3,30,0
137771,16802,Self-Employed,667,1100169,11,50,17.75,1.47,2,17,0
125903,30329,Student,707,1180745,6,55,11.82,2.12,2,28,0
86507,13957,Salaried,655,1845413,2,42,16.54,1.21,2,21,0
46785,16457,Salaried,793,70063,2,58,17.48,1.98,2,19,0
26850,984,Self-Employed,655,3792739,1,51,16.71,1.39,1,23,0
124149,38481,Student,744,3436242,6,34,9.14,2.4,2,21,1
45837,6533,Self-Employed,707,3163336,1,44,14.68,0.65,2,30,0
37084,4690,Self-Employed,781,3677626,11,52,9.64,2.79,3,29,0
182814,72195,Salaried,735,3582029,8,56,8.55,0.93,3,13,0
62501,23109,Salaried,693,4182154,12,52,8.99,0.9,2,28,0
105987,1054,Student,710,2264442,6,35,17.2,2.6,1,16,1
162434,33790,Self-Employed,737,3387295,13,55,17.13,2.67,2,30,0
171277,63739,Salaried,704,903144,1,23,10.65,0.73,1,10,1
116917,41712,Salaried,737,541841,11,36,13.7,2.77,3,17,1
174475,30226,Salaried,734,1565731,9,25,17.57,1.18,1,20,0
81883,3164,Self-Employed,686,770801,12,41,13.22,2.05,2,10,0
42224,3485,Salaried,631,4834083,1,30,12.24,0.67,3,10,0
108296,9834,Self-Employed,646,2888877,12,39,13.09,1.45,2,13,0
49712,1560,Salaried,693,4568522,3,45,16.01,1.63,2,13,0
61857,16976,Self-Employed,660,724165,8,24,13.03,2.0,1,20,1
136704,38319,Salaried,674,3409181,7,49,15.94,1.81,2,10,0
42281,11515,Student,730,2282921,3,39,12.6,1.65,2,19,0
46313,37,Salaried,639,4180789,1,22,10.89,2.9,3,13,0
154911,31005,Self-Employed,637,1302682,5,30,11.6,0.96,1,16,0
86171,33532,Self-Employed,728,1405760,5,45,9.24,0.89,1,11,0
25321,3964,Salaried,632,3139770,13,40,13.23,2.28,3,22,0
189619,2696,Self-Employed,661,1860480,2,39,9.91,0.69,3,28,0
198705,4641,Salaried,708,3585990,3,43,16.21,1.71,1,13,0
18474,2305,Salaried,688,1027722,7,44,12.5,1.71,3,15,0
191837,34118,Salaried,717,1030549,12,31,15.77,1.28,1,26,0
164722,16944,Salaried,744,3309585,8,54,17.57,2.83,3,18,0
46222,6147,Student,619,3622721,13,48,16.57,1.21,1,11,0
188739,29980,Salaried,782,4137040,11,25,17.54,1.22,1,29,0
163998,17621,Self-Employed,702,558186,12,25,13.9,1.09,3,15,0
132974,31101,Self-Employed,704,1516539,13,41,10.07,0.86,2,27,0
16882,6187,Salaried,776,2702783,8,32,17.39,1.41,2,24,0
149961,30410,Salaried,777,335160,12,24,16.75,2.2,3,25,1
38553,14186,Salaried,696,2402891,12,40,16.71,2.36,1,10,0
52358,19716,Salaried,724,649621,12,58,15.09,2.53,3,19,0
87447,32316,Salaried,718,2028125,11,45,14.44,0.99,2,19,0
164317,27339,Salaried,677,244891,10,34,8.64,0.59,1,30,1
127691,28031,Salaried,689,4765708,3,31,15.61,2.94,1,15,0
144306,26235,Salaried,681,928193,3,52,9.37,0.54,1,13,1
18682,2683,Self-Employed,717,1497205,1,31,10.97,2.9,2,23,0
17075,782,Salaried,738,4714965,13,38,13.74,2.57,2,26,0
65209,2054,Self-Employed,734,827331,1,47,12.79,2.78,1,12,0
96523,37185,Salaried,698,1079476,2,38,8.65,1.47,1,11,0
61415,16359,Self-Employed,658,707082,5,43,16.33,0.99,2,27,0
128951,2812,Salaried,648,1494070,10,31,16.85,2.02,2,26,0
64866,15987,Salaried,749,3412198,6,41,14.98,2.35,1,22,0
38410,8602,Salaried,682,2125770,14,25,13.64,0.83,3,28,0
68050,2613,Salaried,583,4874626,12,43,17.63,2.49,3,19,0
89522,33496,Salaried,735,595406,10,45,9.64,1.02,3,30,0
106601,13690,Salaried,680,1226550,12,30,15.51,1.73,2,13,1
58779,20495,Salaried,632,3379903,5,42,9.72,2.64,3,26,0
196440,55244,Salaried,734,3719750,5,39,12.13,0.98,3,25,1
182666,69875,Salaried,640,3080082,7,21,14.06,1.1,2,28,1
158291,3708,Salaried,751,3004708,5,27,15.5,0.66,3,23,0
52659,12760,Salaried,748,2625805,10,24,8.54,0.87,1,29,0
103853,31501,Salaried,717,4403810,10,21,10.98,0.87,2,24,0
147582,28546,Salaried,737,2096350,6,35,13.61,1.01,1,28,1
157029,36706,Salaried,689,1663839,5,32,13.56,1.22,3,12,0
52939,8298,Self-Employed,738,4206312,3,42,14.56,2.54,1,29,0
19349,1428,Self-Employed,604,309360,7,42,11.39,2.79,2,29,0
157900,44431,Salaried,755,1089492,6,37,13.64,1.52,3,25,1
27637,878,Self-Employed,679,4793862,14,49,10.3,0.82,2,16,0
135324,37988,Self-Employed,738,2985763,5,34,10.28,1.06,3,27,1
121490,5099,Self-Employed,669,362147,12,40,13.98,2.34,2,17,0
26739,4918,Salaried,636,1756056,2,53,15.01,2.19,2,23,0
79681,29665,Salaried,777,85673,3,35,9.64,2.92,1,27,1
31627,4037,Salaried,660,1685768,2,32,9.67,0.54,2,10,0
173701,44186,Salaried,692,3401914,1,40,13.87,2.38,2,29,0
71373,28496,Salaried,709,1944089,6,50,11.07,1.76,1,15,1
100721,21746,Salaried,744,1117043,6,58,12.23,2.76,3,22,0
134851,26943,Self-Employed,676,2932007,13,23,12.31,1.94,3,10,0
59188,15211,Self-Employed,847,3037288,9,48,10.2,1.62,2,28,0
182099,36251,Salaried,649,3373740,13,46,8.51,2.16,1,16,0
49202,8729,Salaried,669,664874,14,50,16.6,2.58,3,25,0
188845,35205,Salaried,677,4360346,6,33,15.29,1.21,1,23,0
104116,36522,Salaried,716,1760795,4,33,15.06,0.77,2,11,1
77570,12854,Salaried,726,1861320,4,22,13.69,1.58,1,16,1
88728,2184,Self-Employed,713,4505441,1,57,15.16,1.04,2,29,0
31077,8889,Salaried,609,4913182,5,58,17.39,1.57,3,29,0
26981,685,Self-Employed,654,2283870,14,22,14.82,2.98,3,24,0
158063,18978,Self-Employed,717,730147,14,56,11.02,1.94,3,23,0
59791,9635,Salaried,701,1560933,6,46,13.92,2.23,3,10,1
24152,130,Salaried,689,3044159,6,31,12.7,2.19,1,26,0
177920,43394,Salaried,675,548559,10,28,13.79,2.55,1,25,1
198307,32037,Salaried,746,4820356,13,42,13.42,2.86,1,14,1
198371,34961,Self-Employed,724,1724742,12,40,16.66,2.15,2,30,0
195050,58415,Salaried,749,361806,3,28,14.69,1.69,3,12,1
64496,5179,Salaried,725,2834588,12,49,10.29,1.29,3,29,0
37203,11598,Salaried,776,3448388,10,46,9.1,1.4,3,28,0
92237,15372,Salaried,703,918029,11,50,12.53,1.34,1,11,0
129128,7948,Student,692,4383978,4,37,8.65,1.31,1,23,1
130606,47950,Salaried,599,4562473,1,40,11.52,2.24,3,30,0
181455,71605,Salaried,642,1463008,11,36,12.0,1.97,2,28,1
46915,10874,Student,687,4486334,13,27,12.07,1.0,1,22,0
76045,27058,Salaried,664,4449411,4,36,17.8,2.92,3,22,0
105520,825,Salaried,756,3360775,1,47,11.39,1.57,3,15,0
19943,4765,Student,684,2239444,5,43,11.02,1.92,3,18,0
43694,15465,Salaried,681,2332144,13,44,9.73,2.26,2,29,0
70450,16134,Self-Employed,703,156889,9,29,13.35,2.03,3,10,1
167834,3228,Self-Employed,670,3247147,8,55,9.96,1.28,1,19,0
135262,5773,Salaried,770,2090795,2,40,14.35,2.49,2,12,0
149979,13841,Self-Employed,626,3250229,8,57,9.97,0.78,2,15,0
165931,49693,Salaried,747,1574696,6,37,13.98,1.92,3,25,0
170716,5639,Student,606,2585741,7,51,16.35,1.18,1,29,0
25701,4438,Salaried,674,4267407,8,28,8.9,2.04,1,15,0
75787,21443,Salaried,731,993818,13,35,12.49,1.04,3,21,1
91773,28448,Salaried,607,1284543,10,51,12.88,2.43,3,12,0
86892,20069,Salaried,715,642109,1,50,16.02,1.07,1,27,0
179718,28922,Salaried,727,142099,2,40,12.95,2.73,2,30,1
75092,7578,Salaried,660,2034197,11,59,13.89,2.65,2,12,0
74097,23095,Salaried,682,650727,10,32,16.02,1.41,3,14,1
86635,26076,Student,672,3839487,7,37,13.82,1.46,3,28,0
179435,65777,Salaried,719,1527186,5,50,11.9,2.25,1,27,0
177165,7179,Salaried,667,3312059,1,49,9.32,0.73,1,17,0
34748,6768,Self-Employed,680,3199139,3,39,15.43,0.7,1,19,0
44698,11112,Salaried,680,2324886,6,31,16.78,0.84,1,28,0
185266,12525,Salaried,685,1292430,11,54,17.72,1.91,3,19,0
121097,1637,Salaried,687,722326,6,27,17.3,0.87,3,30,0
89011,27473,Salaried,680,3426342,11,54,16.08,1.19,1,11,0
151435,35934,Salaried,700,659897,8,40,14.61,2.12,3,19,0
104292,19774,Salaried,706,3699310,5,58,15.92,0.54,3,27,0
33564,12402,Salaried,666,259815,7,44,12.6,0.95,1,13,0
144829,54637,Self-Employed,687,2813902,4,30,14.15,2.82,2,12,0
177022,62963,Salaried,774,4143934,11,52,11.81,2.16,2,26,0
160500,5755,Salaried,731,4031196,10,35,11.6,1.26,1,26,1
77968,20857,Salaried,714,4416908,4,57,15.69,0.61,2,21,0
73928,5018,Student,725,3420204,6,40,12.81,1.97,3,26,0
57774,4041,Salaried,726,4397295,1,23,10.52,1.06,2,22,0
49398,17375,Self-Employed,738,4207312,7,57,10.42,2.9,1,18,0
192185,41522,Self-Employed,723,1676747,10,28,16.66,2.22,1,10,1
84131,2256,Salaried,675,627543,1,43,14.94,2.94,2,24,0
183016,15416,Self-Employed,719,346644,4,31,13.69,2.62,2,28,0
109821,39803,Self-Employed,774,3673089,9,28,12.31,1.71,3,18,0
112491,21557,Self-Employed,677,1673470,7,49,12.59,2.17,2,26,0
24250,9304,Salaried,705,1397518,8,50,9.05,2.53,2,24,0
147208,31915,Self-Employed,812,3006327,7,30,12.82,1.95,2,11,1
152028,14625,Salaried,677,4050310,10,59,16.06,0.65,3,13,0
24029,7384,Salaried,714,1179683,11,48,12.19,1.68,2,16,0
148270,57555,Salaried,613,3933762,2,56,12.14,0.83,3,17,0
90947,33138,Student,664,3756121,13,33,8.65,2.29,3,10,0
183897,58879,Salaried,727,2318985,9,52,12.85,2.2,1,10,0
118197,21480,Salaried,679,1704863,1,56,8.74,2.98,1,14,0
164318,33386,Self-Employed,633,4161492,3,57,13.92,2.07,3,17,1
158260,10669,Salaried,673,1279961,2,46,13.31,2.5,3,10,0
128971,11593,Self-Employed,682,4823393,12,42,16.48,1.17,3,12,0
139568,4132,Self-Employed,615,4766763,12,24,14.03,1.35,1,26,0
19776,3657,Salaried,739,719460,4,51,11.57,2.79,3,12,1
114420,40518,Salaried,753,3303372,9,38,13.4,2.39,1,10,0
109365,29579,Salaried,617,921697,10,58,15.15,2.14,1,13,0
132621,24125,Salaried,752,2181123,8,44,9.39,1.14,3,18,0
32228,2971,Salaried,714,3290573,9,43,14.4,2.25,3,22,0
123125,3530,Self-Employed,760,4309859,7,42,17.21,2.72,3,14,0
75475,12962,Salaried,725,3530704,14,22,11.34,1.08,1,23,0
34367,11755,Self-Employed,740,3569207,5,51,14.45,2.27,2,28,0
99389,18014,Salaried,727,1641286,9,31,16.3,1.48,3,23,0
21470,7077,Salaried,671,1023657,12,48,13.36,0.8,2,13,0
36996,7210,Self-Employed,603,3140105,11,52,15.32,2.41,2,13,0
46748,11612,Salaried,705,582274,11,25,11.45,0.92,2,18,1
198705,18501,Self-Employed,691,4547704,9,58,11.41,1.13,2,11,0
20694,6062,Self-Employed,708,3636202,14,30,14.84,2.46,2,19,0
31982,823,Salaried,594,2578353,3,44,15.2,2.36,1,27,0
87207,23084,Self-Employed,734,1015618,9,55,17.4,1.14,1,16,0
125079,43,Salaried,777,2698940,14,43,10.64,2.85,1,30,0
34841,11141,Self-Employed,682,2641667,7,37,12.95,1.04,2,23,0
190399,43302,Salaried,768,1521628,8,21,10.88,2.98,1,30,0
54222,10048,Salaried,705,1508988,8,51,9.26,2.34,3,24,0
73175,3424,Salaried,694,3946340,11,51,12.33,1.48,2,19,0
43008,13867,Self-Employed,686,945188,2,54,12.05,0.83,3,14,0
159298,43877,Self-Employed,667,3190244,13,29,11.07,1.3,2,17,0
24414,5221,Salaried,639,1267028,1,42,11.32,0.98,2,30,0
110748,27492,Self-Employed,739,1634311,5,33,11.92,2.05,2,14,1
170943,27076,Salaried,658,4732375,3,45,17.89,1.39,2,14,0
124273,11889,Salaried,663,3687761,1,38,15.94,1.24,3,23,0
166259,61031,Student,787,4177537,5,32,9.18,2.39,2,10,0
82928,15729,Self-Employed,698,2242397,5,37,16.79,1.08,2,14,0
83945,12744,Self-Employed,658,975855,12,35,14.52,1.97,1,28,0
189031,22949,Student,561,2072188,7,35,16.96,0.99,2,21,0
95704,37096,Self-Employed,622,1949408,9,35,11.75,2.29,2,24,0
19430,2451,Self-Employed,645,1226641,12,59,12.91,2.06,2,12,0
155035,21425,Self-Employed,680,801149,2,33,17.01,2.5,2,10,0
26020,2373,Self-Employed,754,4652864,6,37,11.09,0.67,2,21,0
118027,19202,Student,711,1124930,2,52,17.2,1.03,2,22,0
159790,22471,Salaried,650,4904745,7,29,16.37,0.89,3,23,0
131246,26718,Student,688,4761264,9,40,17.82,0.98,3,19,0
19302,1809,Self-Employed,660,449046,14,46,11.58,0.76,2,29,1
63637,19315,Self-Employed,739,1277381,4,47,10.74,1.91,3,23,1
184042,11882,Salaried,697,795461,12,41,11.64,1.98,1,23,0
68857,10136,Salaried,651,3818128,10,38,17.57,2.61,1,22,0
95615,27154,Self-Employed,729,2094471,5,33,11.66,1.54,2,30,0
45285,9734,Salaried,712,3104621,12,36,13.87,1.83,2,12,0
118833,39984,Salaried,718,2392661,5,29,12.33,2.98,3,28,0
62227,16649,Self-Employed,675,604018,4,32,12.26,1.83,1,29,0
103115,22643,Self-Employed,685,1926068,7,58,10.34,1.93,2,19,0
120506,19432,Salaried,697,2647298,3,39,13.6,2.99,1,21,0
156877,9107,Salaried,623,4459591,8,27,16.57,2.99,3,11,0
115665,23925,Self-Employed,658,4126637,6,55,8.97,1.56,2,10,0
192499,27338,Self-Employed,695,4747215,9,38,16.95,2.09,2,13,0
34882,10404,Self-Employed,753,2042835,8,36,14.82,1.7,2,17,0
105633,22901,Salaried,716,4434422,2,59,14.36,2.3,1,26,0
164175,8061,Salaried,678,2520530,1,24,14.45,2.85,3,23,0
164065,58219,Self-Employed,673,4915684,7,45,11.31,1.27,1,23,0
192072,32851,Self-Employed,737,508407,2,52,12.44,2.55,1,28,1
71779,2894,Salaried,673,521426,6,33,16.09,2.14,2,13,0
93186,34883,Salaried,725,2080886,8,37,11.41,1.2,3,29,0
195063,47136,Salaried,716,1889658,4,57,12.97,2.49,3,25,0
199415,64008,Self-Employed,686,439952,13,26,8.69,1.57,2,28,0
143275,232,Self-Employed,705,4640231,4,39,15.47,0.8,3,28,0
27191,10797,Salaried,683,960192,9,33,12.47,2.98,2,22,0
22317,7744,Self-Employed,770,1118038,6,46,13.49,1.56,2,16,0
41125,12765,Salaried,662,2312952,9,34,9.59,1.85,3,23,0
94569,36612,Self-Employed,731,2902235,14,51,17.92,2.52,3,19,0
158692,61794,Self-Employed,758,4124503,7,24,11.37,2.9,3,23,0
138293,25257,Salaried,706,3794412,6,59,14.53,2.68,3,29,0
147040,5800,Salaried,633,3661950,6,28,14.02,1.81,1,20,0
71784,3235,Self-Employed,782,4183068,8,45,15.96,1.86,2,20,0
150070,41750,Self-Employed,768,2471129,13,33,11.29,1.2,2,24,0
170597,5378,Self-Employed,709,804899,3,52,15.68,1.66,2,17,0
92383,21752,Student,686,3964988,10,58,12.13,2.87,2,26,0
188671,37985,Salaried,774,452243,9,58,12.41,2.32,1,30,0
85423,24106,Self-Employed,775,331752,3,48,14.89,0.53,3,15,1
86640,33910,Self-Employed,701,3994886,3,50,15.95,0.79,3,23,0
191756,44874,Student,693,2574772,7,23,14.84,2.81,3,18,0
32628,11929,Salaried,726,3029340,1,48,17.05,2.62,2,12,0
170906,48308,Salaried,687,2197572,12,23,11.21,1.72,1,21,0
39771,12349,Salaried,757,1115521,10,54,17.06,2.04,1,13,0
189923,24615,Salaried,800,1024532,4,36,9.74,1.22,3,24,1
188161,45832,Self-Employed,741,1749765,2,42,14.77,2.48,2,22,1
103106,19944,Self-Employed,771,2331578,2,52,13.7,2.01,3,27,0
89371,29028,Salaried,725,2660459,4,58,13.2,2.24,2,23,0
127745,15653,Salaried,682,4407990,9,28,11.45,1.44,3,22,0
134630,17191,Salaried,634,816582,6,28,13.29,1.58,3,18,0
60252,12093,Student,729,2618478,1,26,10.04,1.02,1,14,0
57690,22821,Salaried,840,1782030,8,34,12.01,2.87,2,28,0
53677,3167,Student,729,3262778,4,52,9.44,2.87,1,17,0
150239,17406,Salaried,711,2592278,1,55,13.93,2.54,1,22,0
74289,4808,Self-Employed,646,905193,7,30,9.41,2.84,3,18,0
197900,58884,Self-Employed,768,3696223,2,23,10.02,2.16,2,26,0
19942,5337,Self-Employed,725,1806870,2,32,9.31,1.09,2,14,0
173007,46721,Salaried,723,3207279,13,51,12.12,2.4,3,18,0
69488,15829,Salaried,562,4987027,7,49,16.5,1.31,3,20,0
40688,9260,Salaried,747,1095391,2,25,17.12,1.6,3,11,0
149979,36499,Salaried,692,4913142,13,45,9.18,1.19,2,22,0
135557,46389,Self-Employed,755,885677,11,51,14.53,1.56,3,10,0
54708,18792,Self-Employed,717,214010,7,41,15.0,2.2,3,17,1
114819,29729,Salaried,654,1654211,12,40,13.57,0.78,1,24,1
57779,18922,Self-Employed,710,2337256,5,59,14.84,0.76,3,11,0
170176,42125,Salaried,753,1069649,8,42,10.72,2.21,3,12,1
113226,25099,Salaried,682,2272792,7,24,13.15,2.45,2,30,1
134280,26095,Self-Employed,721,2121963,3,33,12.21,1.88,3,26,0
185296,25394,Salaried,727,2943603,7,40,9.35,0.95,2,27,1
145752,27191,Self-Employed,665,685091,14,33,14.44,1.58,1,26,0
88905,9122,Salaried,665,228884,1,37,13.2,2.4,1,23,0
145218,42875,Salaried,709,2554259,7,56,11.11,2.21,2,20,0
172224,49457,Self-Employed,650,4900647,6,53,13.0,0.77,3,23,0
124267,10354,Self-Employed,679,2564228,1,21,15.87,2.92,2,14,0
57769,20771,Self-Employed,782,4425956,4,35,16.12,1.06,3,15,0
23572,309,Self-Employed,737,1435946,8,33,14.67,1.05,3,28,0
61221,8852,Self-Employed,662,510894,12,37,12.94,1.65,3,20,0
167195,26007,Self-Employed,714,2187500,5,44,13.97,1.32,2,11,0
158207,54602,Self-Employed,687,506226,12,28,12.16,2.96,1,19,0
68046,8516,Student,597,4592757,13,47,9.7,0.69,2,22,0
153888,27473,Student,712,4774580,5,43,12.16,1.27,3,11,0
153165,37372,Self-Employed,719,2962780,8,28,13.54,1.46,2,23,1
49607,7675,Self-Employed,688,2496356,11,28,14.19,1.73,1,26,0
142325,50112,Self-Employed,753,771351,10,46,17.39,0.54,2,18,1
80498,30147,Salaried,691,3231117,7,33,15.88,0.71,1,17,0
155184,22103,Salaried,689,2906026,13,59,9.94,1.14,1,17,0
39269,260,Student,729,1973803,13,57,10.15,1.89,3,16,0
48102,7669,Salaried,712,1515504,6,48,9.45,2.42,1,25,0
159331,37958,Self-Employed,738,4466884,14,45,15.51,2.22,2,28,0
91216,28242,Salaried,668,3810091,14,36,15.21,1.92,2,26,0
164988,38105,Salaried,789,3656537,6,22,17.87,1.49,3,10,0
39860,10392,Self-Employed,696,2372802,13,38,13.46,2.68,2,22,0
119593,9802,Salaried,697,2535335,11,37,16.35,1.65,3,25,0
192257,34146,Self-Employed,677,2283564,5,50,13.98,1.25,2,15,0
113756,41301,Self-Employed,725,2309754,13,59,16.8,2.07,2,24,0
144057,41214,Salaried,729,290671,7,33,15.35,2.23,1,21,1
82041,9448,Salaried,748,4213082,11,52,14.61,1.5,1,17,0
133254,12231,Student,708,233219,3,49,13.87,0.57,1,10,0
162247,14133,Salaried,683,2041321,6,50,15.37,0.74,2,20,0
147546,48554,Self-Employed,758,817423,2,38,12.49,2.61,3,24,0
144701,33855,Salaried,674,2364117,6,33,9.42,0.64,3,10,0
87100,1336,Salaried,736,4540883,2,41,8.88,1.98,3,25,0
81748,2768,Self-Employed,724,1566917,14,50,13.05,0.96,1,16,0
141486,18211,Self-Employed,742,4464067,1,41,14.19,1.07,2,10,0
103690,28765,Salaried,668,4992713,5,37,9.25,1.18,1,11,0
48501,1496,Salaried,688,2729915,11,39,11.23,0.6,2,17,0
61791,22911,Salaried,598,1458972,7,35,11.56,0.94,2,20,0
94036,34209,Self-Employed,808,3083196,1,29,13.85,2.13,2,22,0
134488,52294,Salaried,703,4191547,3,30,11.15,1.75,1,14,0
126036,37861,Self-Employed,660,2635370,8,51,9.41,2.49,2,27,0
106266,27061,Salaried,624,1285498,13,43,10.07,0.65,1,28,0
135574,15529,Self-Employed,784,1961634,5,50,10.15,2.72,1,30,1
27876,7528,Salaried,778,4907964,13,53,16.51,2.99,2,12,0
149410,59484,Salaried,731,3773691,14,29,11.2,0.54,2,10,0
27392,10448,Self-Employed,643,1839001,11,21,15.29,2.92,2,14,0
27177,7710,Self-Employed,692,1309366,1,55,13.89,1.09,1,28,0
26963,8544,Self-Employed,795,839870,8,31,17.78,2.23,2,18,0
197375,30360,Student,669,359589,6,54,11.09,1.23,2,16,0
49207,7424,Self-Employed,734,4583157,6,36,10.0,1.8,3,21,0
62350,10937,Salaried,755,2102150,6,29,8.99,1.78,3,23,0
171057,19391,Salaried,647,3500511,9,52,10.79,1.4,3,25,0
78820,17581,Self-Employed,693,3302118,1,35,15.0,2.29,2,22,0
55986,5220,Self-Employed,600,3015770,8,32,9.31,2.0,1,27,0
121991,16863,Student,715,4551504,9,53,10.82,1.77,3,19,0
82963,25419,Salaried,677,4130909,7,34,16.63,2.96,1,30,0
77635,8595,Salaried,659,3248912,11,28,14.04,2.85,3,30,0
106964,36974,Salaried,721,2563686,4,28,9.16,2.89,3,15,0
29444,7105,Self-Employed,706,4219025,1,47,8.95,2.7,1,12,0
82626,32368,Self-Employed,637,428945,4,32,9.08,1.14,3,13,1
193796,52837,Salaried,754,1207049,3,21,17.45,1.37,1,10,0
188044,68642,Student,703,1688045,13,31,16.57,1.08,2,20,0
28097,5148,Self-Employed,661,4164316,9,59,16.53,2.97,2,26,0
141901,24717,Salaried,633,4032077,12,51,17.28,0.88,1,14,0
36399,9130,Student,712,2776137,11,37,13.3,1.42,1,21,0
91407,13390,Student,605,1900487,5,53,10.85,1.0,2,29,0
162245,10872,Self-Employed,635,3878512,4,52,12.31,1.06,1,16,0
118090,3681,Student,710,2363252,5,49,15.33,1.12,2,13,0
139781,33675,Self-Employed,787,850005,4,41,16.82,2.1,2,25,1
76494,18318,Self-Employed,690,4263310,9,41,12.63,0.69,1,24,0
32909,1416,Self-Employed,665,248402,10,43,13.59,1.93,3,23,0
109316,39563,Salaried,708,4106817,1,26,17.35,2.55,1,11,0
40692,2320,Self-Employed,666,3729425,10,42,9.52,2.42,2,19,0
167807,44036,Salaried,829,2683461,3,58,16.69,0.88,3,29,0
24740,1488,Salaried,752,4388695,4,57,10.01,2.79,3,11,0
61169,24007,Self-Employed,746,3310209,4,28,13.1,2.43,2,14,0
93734,698,Salaried,641,1901003,5,55,10.58,0.51,3,22,0
70160,22759,Self-Employed,687,112745,6,31,14.23,2.34,3,19,1
120891,25919,Salaried,602,4455210,2,44,13.81,2.34,1,22,0
81883,5008,Student,669,2523443,5,41,12.11,1.74,2,23,0
177631,5760,Salaried,747,2916601,6,22,16.7,0.61,3,27,1
179916,14088,Self-Employed,707,2180995,1,39,14.77,1.95,2,29,0
173880,36245,Self-Employed,728,2602590,1,59,15.35,2.41,1,17,1
136074,14702,Self-Employed,686,1697086,3,48,9.93,1.18,1,14,1
106265,32671,Self-Employed,671,4722828,11,37,16.89,2.17,1,30,0
15207,2654,Salaried,729,1987668,3,26,10.09,1.38,3,29,0
176464,44531,Self-Employed,711,3257314,13,39,10.62,1.93,1,21,0
74727,25021,Salaried,711,4474246,3,58,9.72,1.46,2,25,0
55694,9844,Salaried,771,4953206,13,48,12.68,1.26,1,29,0
52549,2686,Student,611,4439974,6,22,16.93,2.64,3,28,0
126882,22097,Self-Employed,648,2560831,7,58,10.9,2.38,1,16,0
23354,1528,Salaried,650,4792543,13,57,12.05,1.36,3,13,0
163503,18326,Self-Employed,701,345151,7,24,16.54,1.59,2,28,1
66771,24303,Self-Employed,615,2840404,5,42,14.37,2.23,1,19,0
43831,12151,Student,619,341349,4,46,15.64,2.53,1,17,0
189540,61725,Salaried,707,1505186,6,56,10.53,2.21,2,25,0
133117,47753,Salaried,682,3681062,14,33,15.31,1.85,2,13,0
103376,12886,Salaried,737,3981684,6,52,10.66,2.89,3,19,0
196565,25824,Self-Employed,601,360605,8,37,17.88,2.44,1,28,0
59329,3045,Salaried,710,4643872,7,56,13.82,0.79,1,25,0
113582,1405,Salaried,787,2963207,5,39,15.11,1.9,1,21,0
34531,10537,Salaried,675,2060889,8,55,9.62,1.52,1,29,0
20307,4216,Salaried,737,2602111,8,48,10.88,2.49,2,11,0
181608,495,Salaried,809,2489499,9,21,9.83,0.61,1,20,1
62941,2367,Salaried,701,4911083,13,38,12.21,1.53,1,29,1
52365,13465,Self-Employed,794,2185208,6,53,11.2,1.3,1,22,0
79237,11195,Salaried,711,2042306,14,32,15.46,0.85,3,12,0
91202,20379,Salaried,602,1474010,14,28,9.53,1.45,3,26,0
181942,58529,Self-Employed,710,1550315,3,44,15.64,2.18,3,19,0
44871,1961,Self-Employed,707,4159107,11,36,8.93,1.4,2,17,0
80116,26942,Salaried,709,172793,9,24,10.42,1.95,2,15,0
57203,4582,Salaried,717,1508799,8,58,16.02,1.98,2,23,0
110363,38208,Salaried,669,2867742,14,47,15.56,1.97,1,28,0
162998,33683,Salaried,786,3435551,8,29,13.03,1.82,1,10,0
195555,39913,Salaried,709,4506035,1,36,8.97,0.79,2,20,0
138060,25892,Salaried,666,757102,1,32,14.29,1.05,3,23,0
67572,21592,Salaried,628,3041477,1,51,12.36,2.5,1,22,0
63657,9529,Salaried,675,4904247,11,44,11.51,1.76,3,21,0
102174,16238,Salaried,747,4562683,3,34,14.58,2.27,1,15,0
143596,5652,Salaried,626,862071,9,45,12.65,1.92,1,13,0
47657,5449,Self-Employed,672,1116476,11,54,9.38,0.6,3,18,0
193673,64930,Salaried,623,1416449,5,23,17.2,2.49,2,16,0
93385,4608,Self-Employed,644,433472,10,44,15.9,0.66,3,16,1
183602,30222,Salaried,740,965388,12,29,9.04,2.86,2,22,0
190126,53568,Salaried,728,1156888,2,46,13.49,1.04,2,11,0
178480,64225,Salaried,694,2358802,7,40,9.29,1.78,1,11,0
15229,2486,Self-Employed,790,3928344,2,30,16.45,0.66,1,24,0
111654,4717,Self-Employed,703,4731023,13,39,14.32,2.74,1,25,0
183654,19906,Salaried,648,114761,12,23,10.14,2.95,2,11,0
118793,38853,Self-Employed,653,1225304,6,44,8.7,0.87,2,29,1
184016,33761,Salaried,662,1328141,12,25,8.8,1.24,3,14,0
165354,55008,Self-Employed,711,2746214,14,23,13.32,0.54,1,11,0
124422,48179,Salaried,687,4646776,4,47,15.48,2.47,1,29,0
102138,14676,Salaried,811,357672,13,36,9.65,1.28,2,16,1
171673,48139,Self-Employed,693,4470429,7,35,10.6,1.97,1,14,0
124724,45229,Self-Employed,561,4774892,11,55,11.61,0.6,2,20,0
80873,3294,Salaried,731,2029525,12,32,10.57,2.29,3,17,0
150714,36654,Salaried,775,1468723,6,46,12.22,1.82,3,26,0
106487,2281,Self-Employed,732,3631772,2,54,13.82,2.31,1,23,0
147371,58054,Self-Employed,716,985934,10,43,15.01,2.47,3,14,0
131505,18582,Salaried,714,3657657,11,51,17.66,0.72,1,13,0
78455,30603,Self-Employed,701,1965076,5,40,17.34,1.95,1,12,0
170780,15956,Self-Employed,733,1948764,3,32,13.92,2.12,2,16,0
77809,22428,Salaried,678,3445908,1,43,15.47,1.79,2,20,0
70714,2258,Self-Employed,745,4212119,1,24,17.53,0.96,1,10,0
25768,10063,Salaried,710,4949909,4,43,9.29,2.49,3,27,0
20117,7938,Salaried,715,2948506,11,21,8.55,2.99,3,10,0
171389,2477,Salaried,646,3335395,6,45,8.78,2.92,1,25,0
120153,6686,Self-Employed,681,3902890,10,22,13.85,2.44,1,22,1
65029,1886,Salaried,725,1387194,7,50,15.75,1.55,3,15,0
136483,44220,Salaried,766,604829,7,23,11.99,1.34,3,15,0
92340,25556,Student,676,4667462,6,41,13.68,0.67,2,30,0
110971,4616,Salaried,567,4652334,5,45,13.41,1.54,2,23,0
105685,34151,Salaried,710,3725007,3,40,9.4,0.89,3,14,0
44695,3622,Student,638,2000160,13,42,11.56,1.14,2,17,0
141092,16988,Self-Employed,677,1416345,9,41,8.68,2.73,2,27,0
121464,15398,Salaried,646,4959925,10,53,9.55,2.92,1,15,0
181555,8070,Salaried,642,1918845,2,58,16.21,2.87,2,14,0
116123,13582,Salaried,774,4713283,7,35,16.38,0.98,2,19,0
92468,10985,Salaried,776,2915971,6,35,16.12,2.75,1,27,1
44925,15029,Salaried,720,4706978,1,45,15.4,0.85,3,22,0
107601,22694,Student,608,1004637,11,41,16.04,1.77,2,29,0
182569,55036,Self-Employed,637,1850071,5,44,14.87,2.11,2,15,0
38376,7756,Self-Employed,729,2173517,12,25,14.86,1.66,3,30,0
111100,18865,Student,647,3736604,1,26,14.84,2.88,2,13,0
145804,30759,Self-Employed,596,1244701,9,43,13.38,1.33,3,22,0
78386,19765,Student,693,2255854,2,24,11.95,1.82,1,27,0
27573,864,Self-Employed,700,2029168,4,47,15.44,0.69,3,22,0
18819,5710,Student,714,4621743,4,38,11.34,2.63,3,22,0
178941,36603,Student,728,843941,13,41,13.66,1.53,3,16,1
55975,8752,Self-Employed,675,4188373,10,48,12.62,2.25,1,14,0
174710,68649,Salaried,784,85022,7,55,11.13,2.21,3,12,0
43708,5631,Self-Employed,631,3582292,2,42,17.76,2.19,3,15,0
133431,18155,Salaried,733,4497314,10,43,10.96,1.77,1,17,0
118217,45849,Salaried,671,1379780,1,23,11.44,1.19,2,21,0
110932,11058,Self-Employed,635,466893,6,30,10.04,2.06,2,11,0
189446,46908,Salaried,672,415612,13,45,16.32,2.9,3,20,1
158358,29235,Self-Employed,700,240000,6,28,14.07,2.58,1,29,0
158915,32035,Self-Employed,715,4604667,11,31,14.32,0.77,1,12,0
154023,26071,Salaried,695,1005354,9,25,16.3,0.56,3,19,1
140085,19369,Salaried,777,4465313,7,57,11.76,1.75,3,17,0
166711,64305,Self-Employed,780,2078846,14,58,10.34,2.44,2,17,0
34789,308,Salaried,665,1565035,3,49,10.38,1.28,2,23,0
111060,43959,Salaried,697,1642707,11,25,15.46,2.25,3,13,0
141000,33339,Salaried,774,4102766,3,29,14.33,2.83,1,24,1
36457,1070,Salaried,710,1966576,11,22,10.46,1.65,3,19,0
120525,8957,Salaried,800,3338820,6,21,9.88,1.11,1,27,1
53741,17288,Student,669,2241651,2,50,9.65,2.79,2,24,0
73095,9426,Self-Employed,687,538843,12,31,14.46,1.68,3,28,1
52772,20603,Salaried,723,888152,10,48,8.5,1.52,1,12,0
69080,10863,Self-Employed,745,1091737,6,32,8.67,1.38,2,11,0
195666,33368,Student,683,70966,6,59,12.2,1.56,3,22,0
30231,11840,Salaried,702,3395778,11,46,15.07,2.18,3,22,0
90306,13499,Self-Employed,661,1432015,12,33,15.1,1.58,2,18,0
179969,45064,Student,771,1923417,1,28,12.59,1.31,3,12,0
61669,14371,Salaried,724,2225205,6,48,15.07,2.36,2,11,1
57044,20298,Salaried,738,1289906,5,50,13.45,1.01,1,23,0
74389,15784,Self-Employed,638,395277,4,29,17.78,1.0,3,25,1
67832,14045,Salaried,682,1129617,12,59,10.04,2.24,2,23,0
178328,14905,Salaried,734,2055746,3,51,14.21,2.67,2,13,0
105230,7214,Self-Employed,656,3285319,11,41,13.17,1.1,1,11,0
177989,54666,Salaried,668,463851,1,54,10.35,0.98,3,25,0
66955,17272,Self-Employed,743,2577676,11,51,15.62,2.18,2,17,0
25423,10035,Student,752,1086070,10,45,11.12,2.05,2,10,0
47219,16913,Salaried,650,1964609,5,32,12.13,1.62,2,27,1
187738,24869,Salaried,686,2297786,14,21,12.06,0.74,3,18,0
70553,24511,Salaried,682,4779362,6,42,10.82,0.73,3,21,0
41627,6146,Salaried,606,2825763,4,57,12.59,2.44,1,14,0
199783,13322,Self-Employed,708,1355208,13,21,13.0,1.63,1,30,0
73697,3135,Salaried,697,3701988,3,21,15.57,2.64,1,12,0
65578,8067,Self-Employed,699,2223113,6,41,15.77,1.94,3,17,1
29480,7808,Self-Employed,773,2968645,10,35,10.01,2.05,2,25,0
113875,40167,Salaried,786,600575,7,37,14.13,2.84,3,27,0
32467,1949,Salaried,714,169618,4,42,17.01,0.91,3,21,1
130461,44016,Salaried,680,4214133,12,58,9.53,1.86,3,21,0
72133,13360,Salaried,717,3538190,10,55,12.99,0.65,1,30,0
104059,33637,Salaried,716,2287499,5,36,15.63,1.4,2,13,0
179813,31613,Salaried,651,67572,12,28,14.31,0.87,3,19,0
109521,5684,Self-Employed,709,3967799,5,37,9.46,0.97,1,18,1
142611,13518,Salaried,675,4411481,7,37,12.27,2.84,3,13,0
43753,12406,Self-Employed,738,2732070,12,46,13.32,2.03,2,10,0
117897,31256,Salaried,669,4891584,6,33,17.96,2.73,1,14,0
76012,6283,Self-Employed,640,2027440,9,37,10.2,1.61,3,12,0
79357,15859,Salaried,720,1438380,7,58,17.83,1.99,1,20,0
128020,39633,Self-Employed,786,3344880,5,37,12.07,0.58,2,22,0
52433,4220,Self-Employed,663,1202314,13,34,10.4,1.67,2,20,0
65748,121,Salaried,620,1891942,4,26,12.43,1.91,1,15,0
158927,52390,Self-Employed,744,1053232,5,55,14.33,0.54,3,13,0
98417,29501,Self-Employed,745,4937498,10,34,10.53,2.47,2,16,0
124792,11883,Salaried,700,762289,12,28,11.27,1.24,2,12,1
138105,6286,Self-Employed,752,2282373,4,35,16.62,1.63,3,19,0
82881,21933,Self-Employed,782,4293734,13,47,17.99,1.84,1,14,0
50086,4536,Student,681,1809718,4,33,11.52,2.98,1,28,0
171633,36738,Student,678,2064755,3,51,9.91,0.75,3,27,0
190205,35915,Salaried,680,299811,4,55,16.04,1.89,2,26,1
153973,17558,Salaried,663,1983546,11,26,14.2,1.83,2,10,0
146018,37896,Student,698,300616,10,25,9.45,0.67,3,14,0
178402,43570,Student,661,215177,13,42,17.49,2.08,3,30,0
115117,9779,Salaried,598,3656006,6,43,9.24,1.22,1,26,0
148221,19685,Salaried,708,103303,3,45,14.44,0.76,1,30,1
177363,46207,Salaried,701,2834763,8,54,12.53,0.95,3,18,0
121809,35048,Salaried,711,1024771,2,46,13.79,2.56,2,20,0
58147,10543,Salaried,692,1182233,13,25,10.53,0.76,1,16,1
188402,59321,Self-Employed,593,2745672,8,46,15.04,1.67,3,16,0
90495,15383,Salaried,695,4626249,2,40,17.62,0.99,2,11,0
60081,10,Self-Employed,582,4544380,10,26,12.86,0.91,1,23,0
80820,6543,Student,642,3280083,4,26,13.47,1.01,3,25,0
114333,32297,Salaried,661,2482587,10,38,10.78,1.73,3,14,0
94739,23519,Self-Employed,771,396553,3,24,16.97,1.09,2,27,1
154733,36055,Salaried,656,2982303,2,37,17.73,0.74,2,13,0
122915,25456,Salaried,610,3879033,3,34,15.97,2.5,3,21,0
93439,19887,Salaried,718,3751885,6,34,13.66,1.85,2,28,0
60301,14723,Salaried,721,2194521,9,33,17.59,0.89,3,22,0
62331,11934,Salaried,675,1920472,11,27,9.96,1.68,2,15,1
48576,10343,Student,771,2952387,1,35,13.05,0.67,2,20,0
40772,4567,Student,721,3529645,5,39,13.61,1.95,1,24,1
184159,18251,Self-Employed,740,418578,10,55,13.17,1.35,1,30,0
28850,3316,Salaried,688,3618677,3,37,16.12,0.76,2,26,0
146717,5884,Student,685,4160703,1,55,14.87,0.96,3,11,0
74710,25399,Salaried,606,1632299,8,39,9.7,1.36,2,22,0
119395,35401,Salaried,699,3776414,6,40,11.79,2.52,1,10,0
182891,51382,Self-Employed,694,314427,9,56,11.72,0.93,3,13,0
112259,39605,Self-Employed,671,189787,11,55,13.87,0.77,2,24,0
168942,32341,Salaried,728,589725,7,52,11.27,1.79,2,25,0
63198,7235,Salaried,651,3124980,14,44,9.61,1.9,2,20,0
81820,28094,Salaried,684,4352689,14,37,14.71,0.73,2,12,0
144076,42827,Salaried,685,4015340,14,27,16.58,1.21,1,21,0
66567,18970,Student,731,236504,1,21,17.35,1.16,1,21,0
83418,12805,Self-Employed,802,463725,12,55,17.74,0.97,1,20,0
91094,16175,Self-Employed,684,1763910,13,52,15.92,1.29,1,25,0
118985,6997,Self-Employed,759,4506986,8,56,9.83,0.59,3,30,0
73384,17775,Salaried,748,3532099,11,33,16.6,2.13,3,30,0
104268,23940,Self-Employed,675,3491850,4,26,12.3,2.97,3,22,0
90714,24175,Self-Employed,686,3480716,9,34,15.43,2.09,2,21,0
60986,19318,Salaried,665,2443881,6,57,13.55,1.4,3,19,0
153303,11214,Salaried,726,1343893,14,35,16.37,2.17,1,20,0
134283,9737,Salaried,685,353046,7,24,12.54,1.93,1,27,0
141001,44686,Self-Employed,683,4571710,14,36,9.09,2.62,2,14,1
63844,4661,Self-Employed,765,4629483,8,48,13.79,2.05,3,29,0
53729,21152,Salaried,764,2191000,12,36,10.13,2.09,2,22,0
92564,1008,Self-Employed,763,4231606,1,24,17.67,1.05,2,26,0
182279,70231,Salaried,778,832638,12,46,13.51,1.54,3,21,0
117799,12441,Salaried,709,4244485,13,48,13.76,1.36,2,26,0
55218,2945,Salaried,744,407678,1,52,17.12,0.53,3,10,0
198472,31619,Student,714,2307776,2,22,14.43,1.28,3,17,0
139412,46075,Salaried,767,3976996,14,51,11.38,1.72,2,25,0
182949,47131,Salaried,648,4960699,2,23,11.31,2.0,1,24,0
188239,4412,Self-Employed,699,3129235,7,28,13.26,2.84,3,28,0
118371,10286,Salaried,639,967397,8,44,16.73,1.1,1,19,0
174163,55698,Self-Employed,715,596030,11,35,16.05,0.88,1,11,0
17733,4067,Salaried,688,2814522,7,51,17.65,2.67,3,13,0
39373,7210,Self-Employed,693,770603,9,29,9.18,2.85,1,13,0
174553,3410,Self-Employed,723,1732964,2,59,11.05,1.72,2,29,0
162993,28587,Self-Employed,702,755862,1,22,9.26,0.79,2,21,0
94752,26399,Salaried,695,4632815,4,28,15.64,1.71,1,26,0
34309,13274,Salaried,708,4951544,6,27,9.84,0.77,2,30,0
94030,11286,Salaried,661,4641694,2,59,9.45,2.71,3,13,0
130306,22726,Salaried,707,1059484,11,36,13.84,2.27,3,17,0
42732,7375,Student,650,94777,2,55,12.41,1.1,1,25,0
154767,230,Salaried,653,725714,3,50,15.29,2.72,2,24,1
26355,760,Self-Employed,638,1672958,8,30,13.13,2.09,1,23,0
136562,26215,Self-Employed,713,3320767,5,58,12.54,2.88,2,28,0
42577,13494,Self-Employed,716,3361562,14,38,12.54,2.95,3,20,0
147083,23287,Salaried,649,2926634,8,25,16.78,0.51,2,22,0
162020,23639,Self-Employed,797,638877,9,49,12.25,0.8,2,17,1
118427,29621,Self-Employed,605,4035941,1,59,11.67,1.87,1,18,0
150618,15361,Salaried,649,4321974,1,54,11.72,2.89,3,11,0
125805,36782,Student,759,3327782,13,43,10.37,2.99,2,29,0
189245,40508,Salaried,681,2115708,5,25,16.68,1.92,3,11,0
42238,13318,Student,737,263268,13,50,9.89,0.93,2,17,0
123748,11243,Salaried,795,3805138,7,26,17.13,0.91,3,27,0
152735,47981,Salaried,728,654398,6,24,11.19,2.41,2,16,1
20167,2783,Salaried,717,3049668,7,49,17.04,1.98,3,20,0
198933,67403,Salaried,645,3097880,2,43,16.01,1.87,2,29,1
50878,19913,Self-Employed,616,1824440,14,26,14.03,1.66,3,10,0
167003,16492,Salaried,750,1940881,5,52,14.86,2.31,2,25,0
172800,54758,Salaried,720,2712364,8,38,11.6,2.65,2,25,0
33839,3446,Salaried,785,642747,10,35,13.96,1.26,3,19,0
77406,5963,Salaried,742,3740630,8,52,11.28,1.05,1,26,1
190363,32891,Salaried,731,4456380,9,29,12.32,2.18,2,19,1
83474,13875,Self-Employed,682,4869323,5,57,15.76,2.79,2,15,0
195193,23291,Salaried,719,315425,8,30,10.82,1.37,1,23,0
197936,47659,Salaried,741,3146215,7,40,16.47,1.18,2,24,0
174540,28379,Salaried,653,2294888,2,26,12.07,1.07,3,13,0
31205,3550,Salaried,652,120719,12,23,13.56,1.14,1,11,0
146060,37776,Student,589,3260465,14,31,17.45,0.84,2,28,0
36566,12238,Salaried,699,2510245,2,37,14.97,1.99,3,22,0
112005,4627,Salaried,733,1515487,4,52,14.63,1.2,3,21,1
97169,2272,Salaried,568,248823,14,24,15.26,2.04,1,30,0
15296,1927,Salaried,702,3854634,4,24,17.22,0.71,1,22,0
140188,3664,Self-Employed,693,3694902,13,37,10.86,0.79,1,24,1
21140,1739,Self-Employed,700,1881837,13,39,14.33,1.84,3,11,0
78747,17214,Self-Employed,698,4309502,12,25,12.3,1.78,2,17,0
60618,6516,Salaried,765,3424671,6,52,8.61,1.18,3,12,0
114057,12501,Student,790,490459,2,42,9.69,2.57,3,10,0
81332,14348,Self-Employed,683,415384,7,26,11.59,0.97,1,20,1
91969,1369,Salaried,623,320260,8,55,13.87,1.4,2,18,0
177309,5364,Salaried,714,1515794,11,42,16.87,1.89,3,26,0
91963,10896,Salaried,696,1987387,8,21,16.02,2.67,1,16,0
141818,47565,Self-Employed,695,4951156,1,40,13.76,1.55,1,13,0
93391,23488,Self-Employed,661,1427912,12,42,9.2,1.5,2,22,0
119594,5913,Self-Employed,654,3271943,10,31,11.22,1.95,2,14,0
122864,18008,Salaried,747,96343,4,33,11.98,1.29,1,21,1
52817,19031,Salaried,747,260868,3,23,14.41,2.27,2,29,0
158644,40248,Self-Employed,810,3527625,1,29,9.12,1.12,2,14,0
46953,10750,Self-Employed,669,1963292,12,32,13.54,2.56,3,20,0
173647,52705,Self-Employed,706,1786305,10,43,17.06,1.18,2,11,0
30317,6957,Salaried,673,4524530,9,34,15.2,2.98,1,13,0
182419,72731,Salaried,656,3345540,10,53,16.07,1.29,2,19,0
188963,52566,Salaried,726,4756403,11,38,14.98,2.7,3,16,0
158854,20073,Salaried,690,997714,14,29,10.46,1.49,2,21,1
16806,5093,Self-Employed,692,3229520,11,43,9.55,1.12,3,17,0
51322,9971,Salaried,649,826264,12,30,16.38,1.07,2,25,1
85102,31019,Salaried,676,3759866,4,39,15.11,2.63,2,11,0
100288,35397,Student,653,2636842,7,25,13.96,1.27,1,12,0
172119,39043,Self-Employed,697,3264751,5,43,10.3,1.35,1,26,1
26416,6475,Salaried,631,3946845,4,50,14.23,0.99,2,24,0
161570,4262,Salaried,761,530150,8,45,8.8,2.9,2,27,1
78113,318,Salaried,625,3294286,9,48,9.63,1.11,3,19,0
183233,1044,Salaried,730,4746855,10,54,11.46,1.12,3,11,0
53433,4541,Student,692,2049926,3,45,12.72,2.86,1,26,0
73802,16272,Salaried,675,957495,8,30,9.65,2.75,2,25,0
49526,1831,Self-Employed,727,3776754,3,34,9.64,1.12,2,16,0
135360,44213,Self-Employed,633,4364077,11,50,15.4,2.66,3,28,0
39587,979,Salaried,659,994077,9,45,13.91,1.12,2,25,1
147760,48088,Salaried,736,1300313,3,34,13.57,0.71,2,10,1
88984,27139,Salaried,782,2961577,1,55,12.8,2.55,2,13,0
98096,22567,Salaried,660,3775312,4,54,17.78,2.43,3,22,0
66700,13786,Salaried,663,1323818,4,30,8.97,1.24,3,19,0
79763,9729,Self-Employed,701,2263734,13,55,10.22,0.73,3,20,0
115344,17949,Salaried,668,3134460,8,31,14.65,1.02,2,28,0
128362,40944,Salaried,671,955751,9,31,9.8,2.43,3,24,1
96453,7238,Salaried,647,1529056,13,41,14.1,2.91,1,20,0
32807,9328,Self-Employed,695,1760178,9,41,13.89,1.15,1,12,1
74328,14285,Salaried,689,4554300,9,42,17.72,2.55,3,11,0
175466,49957,Salaried,700,3912704,11,27,16.89,1.07,3,20,0
135003,36088,Student,567,1925661,9,37,17.48,2.2,2,19,0
178227,6349,Salaried,678,1039950,4,22,9.58,0.71,3,12,1
131228,25025,Self-Employed,677,3144648,14,32,16.75,1.96,3,14,0
131707,41840,Self-Employed,653,2133761,1,38,9.73,1.17,1,24,0
43371,2343,Self-Employed,736,3159288,13,31,14.51,2.81,1,13,0
37044,10620,Salaried,678,205582,4,36,15.34,1.22,1,26,1
84937,32122,Self-Employed,578,1797272,1,38,10.03,1.5,1,10,0
87403,22381,Salaried,694,4016990,9,55,14.51,2.6,3,10,0
133159,45910,Salaried,657,4925118,4,46,9.0,1.6,1,21,0
178301,21341,Self-Employed,693,2259738,2,36,11.29,1.1,2,19,0
120946,40720,Salaried,698,2610386,14,26,17.25,1.87,2,18,1
44984,9984,Salaried,809,1832713,12,32,10.13,2.6,3,18,1
34699,11481,Salaried,705,2833846,5,33,9.12,1.58,2,29,0
154405,14460,Self-Employed,656,3051978,4,24,12.71,0.83,1,29,0
50992,4856,Salaried,654,3710485,3,59,16.58,1.46,1,23,0
39449,7699,Self-Employed,624,1166475,5,22,9.23,2.89,2,28,0
131189,1451,Self-Employed,660,821883,13,46,11.88,0.68,3,19,0
142151,55003,Self-Employed,752,3769671,6,47,17.05,1.52,1,12,0
116401,46356,Self-Employed,783,166585,14,47,9.62,2.12,1,29,0
193671,30558,Student,703,2351818,13,35,11.45,0.7,2,26,0
113235,11463,Salaried,763,1191839,5,28,15.89,1.36,3,12,0
98064,17,Salaried,736,3885143,12,27,13.66,2.85,3,21,1
181337,39208,Student,631,1413080,14,32,16.41,0.58,2,24,1
194596,47515,Salaried,809,2152038,12,33,9.56,2.38,1,14,0
135711,38672,Self-Employed,773,654918,9,37,17.25,2.6,2,24,1
59765,13578,Salaried,753,2801970,12,37,17.38,1.19,2,29,0
192010,21265,Salaried,666,1563058,13,56,9.98,1.04,2,25,0
106241,41463,Salaried,682,4893866,12,41,8.82,2.79,1,18,0
188217,27855,Salaried,613,1953391,11,28,17.9,2.41,1,17,0
179572,54215,Self-Employed,672,4501876,1,25,13.08,0.78,2,20,0
170267,44254,Salaried,724,3593563,2,46,13.93,1.03,3,18,0
73928,19390,Salaried,660,714257,7,36,14.35,2.05,2,25,0
199718,34575,Salaried,715,3442783,5,56,16.0,1.55,1,23,0
17595,5137,Self-Employed,677,660150,12,48,16.21,1.76,3,24,0
116996,25094,Self-Employed,698,658980,14,49,10.34,2.88,3,23,0
28377,3102,Salaried,778,1361689,8,32,10.75,1.55,1,19,0
51087,4705,Salaried,656,3079915,4,57,16.83,2.7,1,22,0
60814,22341,Self-Employed,767,1467601,6,50,16.29,2.15,2,10,0
157279,15073,Salaried,698,567587,7,43,14.37,0.8,1,18,0
67470,3038,Salaried,715,3184606,5,36,17.95,2.36,3,26,0
114693,39507,Salaried,751,3140965,8,34,15.48,1.8,2,26,0
123165,15258,Self-Employed,635,4337285,1,30,10.55,1.06,2,19,0
47383,10418,Salaried,703,4407027,8,27,16.54,1.22,3,22,0
185828,13755,Salaried,776,4548942,5,57,12.44,1.89,1,27,0
165130,29502,Salaried,722,2345312,3,49,8.84,2.0,2,22,0
41455,16243,Salaried,752,4216196,13,23,11.55,2.92,3,30,0
79202,16855,Salaried,700,3670400,10,35,15.75,2.64,3,22,0
118180,19179,Self-Employed,726,1457762,8,56,17.62,1.01,3,19,0
150214,51120,Salaried,731,1295088,12,39,11.12,2.43,1,29,0
95836,30549,Self-Employed,642,4219862,7,33,10.84,0.52,1,16,0
124530,22955,Student,707,1715222,3,41,13.85,0.82,1,16,0
53512,12092,Salaried,660,1658987,1,57,16.21,1.0,1,18,0
16158,2129,Salaried,648,1818656,7,47,15.59,1.99,3,25,0
199062,75963,Student,688,2555128,7,49,13.82,0.99,2,24,0
178502,38419,Student,659,3517443,7,40,14.5,1.41,3,12,0
49232,6282,Salaried,770,2435828,14,45,10.8,1.11,2,22,1
123532,3579,Student,614,4265216,2,26,12.61,1.34,2,20,0
37104,9555,Salaried,656,4037393,10,56,10.93,2.86,2,17,0
73498,16413,Self-Employed,682,4483042,10,22,16.9,2.99,1,30,0
131052,42501,Salaried,764,2499937,9,42,9.57,2.21,3,30,0
168315,45915,Self-Employed,736,533639,4,52,14.96,1.93,2,15,1
104416,10715,Self-Employed,638,1254244,13,36,10.97,2.27,3,19,0
20116,3133,Self-Employed,675,2581958,3,38,13.02,2.43,1,26,0
156653,20919,Self-Employed,682,4083932,5,25,11.34,2.35,2,29,0
174662,15526,Salaried,758,3247174,2,56,11.57,0.7,1,18,1
73687,5673,Salaried,677,2754303,13,50,10.97,1.28,1,30,0
94056,16549,Student,731,1042555,13,39,15.65,1.36,3,23,1
182149,5661,Self-Employed,662,4705045,10,43,11.97,1.42,2,29,0
104806,33884,Salaried,700,2907778,14,54,15.4,1.36,1,22,0
173152,11797,Student,707,2631727,8,33,12.83,2.47,3,10,0
53398,9522,Salaried,614,984257,5,49,13.7,2.37,2,28,0
102620,14557,Self-Employed,701,3092522,8,56,13.66,0.51,2,18,0
40386,4922,Salaried,628,3202613,10,42,17.77,1.24,1,26,0
160117,25674,Self-Employed,701,2980768,10,56,11.99,2.06,1,24,0
143446,43184,Salaried,744,2827226,6,29,10.47,0.8,1,29,1
101557,23013,Salaried,687,1154309,9,59,17.16,0.68,1,14,0
137007,49114,Salaried,708,961118,14,39,10.16,2.57,2,13,0
156540,18461,Self-Employed,743,2882792,9,58,16.43,1.63,1,13,0
199396,932,Salaried,699,3213302,9,26,9.93,2.64,1,24,0
125498,30888,Self-Employed,669,1949625,14,35,14.76,2.56,1,14,0
40491,3169,Salaried,704,4392206,7,40,9.93,2.73,2,26,0
148322,56263,Self-Employed,655,875961,6,29,17.27,0.62,3,16,0
36747,13555,Self-Employed,681,2349744,6,52,13.87,0.97,3,15,0
119893,43394,Salaried,669,4469115,8,24,11.63,1.24,2,24,0
70195,12868,Self-Employed,696,942184,12,38,9.83,0.84,3,29,1
125956,20748,Self-Employed,696,2244456,7,25,12.03,1.71,2,23,0
66557,7887,Salaried,734,2535341,4,40,15.2,2.5,1,19,0
128827,9094,Salaried,727,489169,6,43,12.16,2.88,3,15,0
26264,677,Self-Employed,754,512221,8,31,10.84,2.72,2,19,1
157664,56238,Salaried,699,3661076,9,57,13.99,1.64,2,29,0
198725,57344,Salaried,622,4429295,4,42,12.47,2.09,1,18,0
84258,11709,Self-Employed,747,4684409,10,24,10.08,1.08,2,22,0
187839,55891,Self-Employed,696,454598,11,49,9.96,1.51,3,23,1
88907,9072,Self-Employed,743,1279022,5,54,15.22,2.68,1,10,0
66730,1778,Salaried,678,2290729,11,33,17.76,0.57,2,10,0
52031,11019,Self-Employed,656,1682710,7,29,10.71,1.83,1,28,0
152816,41052,Salaried,675,3825822,12,51,15.84,2.68,2,18,0
95863,27340,Salaried,665,72355,8,27,9.33,0.81,3,14,1
143211,11426,Student,618,243428,9,24,12.12,2.96,3,26,0
62786,17925,Salaried,727,467342,12,39,13.31,0.53,1,25,0
183889,5557,Salaried,546,1521781,12,50,11.05,2.72,2,21,0
79167,19398,Salaried,653,1924810,11,51,13.53,1.38,1,14,0
90706,7397,Salaried,687,2832595,5,55,16.88,0.83,1,15,0
74853,16832,Salaried,688,1686591,14,41,17.47,0.89,3,29,0
80701,12872,Salaried,697,3749285,1,51,9.46,2.25,1,20,0
74043,25989,Salaried,802,4631015,3,39,11.08,2.68,2,28,0
189749,19641,Self-Employed,656,204307,7,51,17.8,2.1,3,30,1
120044,23098,Salaried,656,506972,7,52,11.07,2.82,2,15,1
146477,54012,Salaried,673,1194724,2,22,15.08,2.61,1,19,0
42013,6690,Salaried,659,3071837,10,30,10.91,0.52,3,24,0
120678,28714,Salaried,697,4610386,13,22,11.89,2.17,2,27,0
62341,22182,Salaried,716,4198597,4,22,10.32,1.26,2,30,0
195376,18862,Self-Employed,644,918250,12,44,16.63,1.64,1,16,1
147064,5647,Salaried,670,697908,1,37,16.89,0.74,2,12,0
92565,12846,Student,690,2638956,5,52,11.32,1.21,1,25,0
34015,1757,Self-Employed,680,2036599,6,36,16.32,2.08,1,22,0
149213,11068,Salaried,638,3390521,5,36,11.9,1.05,1,26,0
30868,6679,Salaried,690,4199277,11,59,9.44,2.12,1,13,0
137850,46200,Student,677,3105962,13,51,15.7,2.81,3,28,0
35999,9430,Self-Employed,636,464437,14,44,14.17,0.51,2,13,0
123573,42656,Student,752,1411325,7,21,11.11,2.46,2,21,0
198214,43261,Salaried,733,1801920,11,31,10.9,2.1,3,13,1
100869,17663,Salaried,633,1239183,8,41,17.77,0.62,1,26,1
129691,2560,Salaried,756,3680354,5,24,16.69,2.48,1,27,0
139080,26555,Student,719,1248322,7,27,16.19,1.06,1,15,0
69654,27346,Student,668,1031196,13,46,9.72,1.16,1,28,0
78140,10284,Self-Employed,807,3146802,11,32,15.67,0.73,3,14,0
178096,14030,Self-Employed,658,2096366,6,51,10.54,1.84,2,11,0
78832,3098,Self-Employed,771,1417839,9,37,17.79,1.75,1,20,0
58887,13185,Self-Employed,625,216544,3,53,8.99,1.37,1,22,1
116298,37301,Salaried,693,966049,9,31,11.85,0.92,1,14,0
189262,63722,Student,715,1979021,13,48,12.57,2.59,2,17,0
32668,1378,Salaried,739,3608889,8,52,16.33,2.69,2,20,0
156151,53164,Salaried,755,2650025,3,21,15.78,1.85,3,13,0
29156,10271,Salaried,627,1935113,4,48,12.06,1.11,2,27,0
20917,8261,Self-Employed,664,264943,6,27,13.87,0.74,2,24,0
33891,12099,Salaried,704,2422094,7,22,16.44,2.67,1,14,0
47104,7603,Salaried,753,2826081,4,44,8.67,0.74,2,21,0
173326,27160,Self-Employed,679,1886541,13,24,16.12,0.53,1,13,1
21358,5502,Salaried,718,463353,2,39,17.5,1.67,3,13,0
53941,9289,Self-Employed,672,123588,11,46,8.8,2.33,1,29,0
86240,29985,Salaried,717,405641,5,31,8.93,1.64,3,18,1
182667,59655,Self-Employed,742,1986791,10,31,11.77,0.63,2,18,0
24018,349,Salaried,671,1667808,11,23,9.33,2.23,3,23,0
15220,4240,Self-Employed,712,2470478,8,32,13.05,2.11,1,17,0
53759,559,Self-Employed,662,4234677,5,23,15.42,2.2,2,10,0
81196,19800,Self-Employed,752,3600418,2,47,13.89,1.03,2,20,0
183014,2199,Salaried,677,489222,5,22,10.37,2.49,1,13,0
136000,8168,Self-Employed,646,2931369,1,36,14.72,1.7,2,26,0
63921,7135,Salaried,681,4522963,2,22,15.01,1.84,1,26,0
158999,34289,Salaried,666,1483840,2,50,17.36,1.86,3,28,0
100641,39543,Salaried,728,3360312,11,40,9.89,1.22,3,22,0
26213,7745,Self-Employed,648,1945614,13,58,15.08,1.13,2,28,0
195899,36273,Salaried,753,733758,14,48,17.16,0.51,1,26,0
98650,11620,Salaried,639,155332,7,45,13.26,1.49,1,29,1
180646,61702,Salaried,728,1761723,10,52,11.94,1.71,3,21,0
143308,8421,Self-Employed,766,2070084,12,30,10.12,2.36,1,29,1
27365,2781,Self-Employed,743,3950444,11,53,16.73,0.67,2,23,0
81448,4445,Self-Employed,692,1655923,13,33,12.25,2.81,2,18,1
30223,467,Salaried,664,3284240,6,57,17.29,1.16,3,21,0
26655,9885,Salaried,620,199850,10,36,16.55,1.42,1,26,0
132608,46418,Self-Employed,701,4172097,5,42,12.08,0.62,2,25,0
197201,42434,Self-Employed,680,338121,8,40,13.95,2.13,2,21,0
94702,18134,Salaried,688,2761092,6,47,8.76,2.27,2,19,0
82579,1702,Salaried,692,455978,12,36,11.0,2.82,1,11,0
107192,29852,Salaried,684,2586986,3,54,15.25,1.34,3,12,0
49804,6119,Salaried,729,931866,13,52,14.94,1.14,3,14,0
167560,44209,Salaried,658,1115121,9,46,11.86,2.32,2,25,1
148706,5101,Student,795,3213621,3,45,16.18,2.27,3,30,0
125750,36767,Salaried,714,1847639,4,22,10.74,2.84,2,22,0
154023,55983,Salaried,697,1084608,7,32,12.88,1.01,2,27,0
15740,3883,Salaried,742,3916992,6,29,12.99,2.26,1,11,0
118523,42058,Salaried,676,4742030,6,32,11.74,0.67,2,10,0
34208,11488,Salaried,737,3663944,12,46,17.57,1.7,2,18,0
41763,6022,Salaried,676,4450680,8,29,15.12,0.8,1,27,0
139349,17639,Salaried,760,2537673,6,30,13.62,2.13,1,14,0
40437,4589,Student,724,3127301,14,52,13.35,2.0,3,12,0
78845,7398,Self-Employed,771,4745111,12,54,10.01,0.62,1,14,0
95801,36759,Salaried,679,4514760,14,40,12.04,1.3,2,21,1
179957,57848,Salaried,801,511185,3,59,14.89,1.49,1,17,0
117677,40914,Self-Employed,659,4536064,4,22,17.28,1.12,1,17,0
69026,24307,Salaried,661,3726704,6,21,16.26,0.6,3,16,0
104369,12685,Salaried,754,2797823,1,56,11.35,1.3,1,11,1
89220,27574,Salaried,712,4868381,12,44,12.62,2.48,2,10,0
199767,5221,Self-Employed,699,2884175,9,47,9.29,1.4,2,10,0
167779,30620,Self-Employed,730,4697059,13,22,9.47,1.31,2,17,0
125549,48148,Salaried,664,1157913,1,51,12.97,2.85,1,26,0
191684,52659,Salaried,642,1986991,13,34,13.54,0.6,1,14,1
80661,4908,Salaried,678,4689930,14,22,11.01,2.42,2,23,0
105061,41700,Student,747,4691316,8,49,14.61,1.71,1,17,0
112272,14754,Self-Employed,767,3903207,10,35,15.18,2.86,3,29,0
103790,17928,Salaried,718,863158,3,32,11.34,1.48,3,27,1
199657,72570,Self-Employed,760,289013,13,57,15.71,2.27,3,16,0
147276,42880,Self-Employed,757,4057856,12,48,10.45,0.67,3,23,0
116872,27501,Salaried,726,3318622,3,40,13.67,2.82,2,23,0
142444,201,Salaried,697,2016996,11,59,16.14,1.36,1,15,0
123180,47208,Student,762,2646016,1,44,13.6,1.81,3,12,0
182490,14715,Self-Employed,741,2771131,3,41,17.13,0.85,2,30,0
103399,4763,Self-Employed,627,4405121,11,30,9.06,2.86,3,23,1
26297,537,Salaried,697,3456248,2,34,14.09,2.18,1,23,0
45086,10514,Salaried,717,3060817,3,57,13.84,0.63,3,12,0
138412,42829,Salaried,712,3336291,1,38,14.77,0.89,3,19,0
26498,9893,Salaried,793,2764195,6,44,16.42,1.5,3,18,0
183878,48793,Student,677,3891157,4,34,15.4,1.04,3,30,0
44526,2407,Self-Employed,687,3962637,8,54,16.01,1.26,1,16,0
37073,14733,Salaried,681,470947,6,32,11.24,2.99,2,16,0
141491,9356,Student,674,2150396,4,42,12.18,2.15,3,16,1
92428,13877,Self-Employed,647,3434106,7,26,14.45,2.81,2,21,0
85483,7477,Salaried,658,4141619,10,56,13.76,1.59,1,13,0
26556,10530,Salaried,754,1557387,8,56,17.63,2.28,1,29,0
193264,3339,Salaried,771,2994118,4,42,10.27,1.65,3,22,1
102022,30641,Self-Employed,700,4023590,13,34,11.84,1.32,2,12,0
116660,28330,Salaried,670,783916,8,36,13.94,1.8,3,29,0
42122,3123,Salaried,744,4952593,12,56,16.75,1.57,1,18,0
158784,22303,Self-Employed,731,1860753,14,45,17.33,2.95,3,30,1
97099,20349,Self-Employed,700,2511319,11,52,11.69,1.74,3,29,0
41009,11834,Salaried,710,587657,2,53,9.14,2.53,2,22,0
57256,8049,Salaried,726,4846666,3,56,12.51,2.17,1,10,0
62303,9361,Salaried,696,4059327,10,40,12.25,1.7,3,15,0
57424,13370,Salaried,671,4931839,14,38,17.87,1.69,3,29,0
129952,48134,Self-Employed,642,3592710,12,58,12.6,1.35,3,17,0
23299,3563,Salaried,727,4193872,9,23,11.4,0.77,2,26,0
18196,1185,Salaried,729,4441324,7,43,11.97,2.4,1,27,0
182687,8794,Salaried,690,1416807,5,52,12.27,2.8,3,13,1
92895,31648,Self-Employed,752,2107985,6,36,16.3,1.04,3,21,1
93950,35031,Student,731,67218,12,25,9.27,2.81,3,25,0
160598,14742,Salaried,672,1731961,14,24,11.51,1.08,1,27,1
59281,21072,Salaried,693,1314842,1,41,17.68,1.83,2,19,0
193193,747,Self-Employed,708,4096535,13,34,9.95,1.36,2,13,0
142227,29011,Self-Employed,744,124128,3,59,15.55,0.79,3,11,0
101352,26499,Salaried,806,1272928,13,51,11.89,0.63,3,24,0
189719,58741,Salaried,780,715073,8,34,14.03,1.41,2,18,1
155085,53485,Salaried,759,2063624,9,26,9.45,0.62,2,24,1
172953,30767,Salaried,720,3368413,14,32,11.41,0.76,2,14,1
85092,2717,Salaried,634,3821712,11,36,13.26,0.86,3,28,0
53890,20912,Salaried,673,2829736,1,37,10.7,0.5,3,12,0
28820,2654,Salaried,734,3410683,3,43,13.65,0.88,2,26,0
46207,6303,Self-Employed,720,114902,5,34,10.59,1.94,2,22,0
191330,34612,Salaried,691,3029665,12,27,14.68,2.55,1,12,0
97435,5871,Self-Employed,685,3615916,4,52,17.09,0.98,3,13,0
67445,23385,Salaried,756,1621809,2,35,9.31,0.7,1,27,0
101467,40073,Salaried,792,3907240,12,37,10.56,2.32,2,12,1
197079,72487,Salaried,798,1956503,2,54,16.52,0.52,3,23,0
115681,26326,Salaried,819,3699722,6,25,14.5,2.34,3,25,1
30485,772,Salaried,739,4945777,6,47,9.25,0.83,1,21,0
170829,44865,Self-Employed,699,2905442,7,43,13.12,1.07,1,20,0
38953,12253,Self-Employed,788,3197780,7,34,10.49,0.8,1,11,0
154479,785,Salaried,739,989644,6,35,10.39,1.12,1,10,1
144672,42970,Salaried,644,4710291,8,53,17.44,2.5,3,22,0
176444,49795,Salaried,699,1993549,2,51,15.73,0.83,2,27,0
86872,6524,Salaried,717,1935228,11,55,15.11,2.99,2,27,0
108759,29830,Self-Employed,635,663549,7,37,10.77,1.32,2,22,0
186637,66486,Self-Employed,698,3637826,6,48,9.63,2.8,1,13,0
16920,1684,Self-Employed,771,4772476,13,39,16.77,0.98,2,10,0
46803,16707,Self-Employed,663,3948186,10,43,8.56,0.97,1,24,0
123388,13280,Student,694,1237920,11,52,12.19,1.91,1,26,0
120210,27117,Self-Employed,634,3919612,5,33,11.14,0.63,2,15,0
77519,2361,Salaried,709,2304047,9,40,13.92,2.5,2,14,1
197426,6026,Salaried,761,1513628,3,55,10.88,1.6,2,10,1
16789,5777,Salaried,700,210330,6,25,11.46,2.25,3,25,1
136192,21902,Salaried,733,4072255,4,29,16.58,0.94,1,23,0
22252,7230,Salaried,677,2945025,12,49,14.23,2.11,3,14,0
173459,67825,Student,734,4124523,11,26,9.88,1.99,2,12,0
131096,9702,Salaried,667,339906,8,45,15.4,2.39,3,12,1
27567,3817,Salaried,623,1950611,8,51,10.47,1.24,3,21,0
47270,2012,Salaried,660,4039039,14,42,12.61,2.83,2,27,0
80888,17647,Self-Employed,635,166293,13,22,14.64,2.9,2,18,1
134239,3006,Self-Employed,625,3092996,10,25,11.08,2.67,1,26,0
22927,2444,Salaried,711,3317414,7,47,12.15,1.93,1,26,0
28056,10862,Salaried,601,3386745,12,45,15.47,1.55,3,29,0
141531,24685,Salaried,726,2937064,6,28,17.41,0.64,2,27,0
72230,24258,Self-Employed,676,862773,7,21,13.53,2.87,1,12,0
61841,10567,Salaried,695,1310795,8,40,8.59,2.88,1,27,0
65653,24704,Salaried,733,3105029,5,43,11.72,0.55,3,24,0
74171,29336,Self-Employed,657,3469886,7,52,12.29,1.39,3,10,0
168371,27331,Self-Employed,645,3143691,8,31,11.72,2.7,3,12,0
169896,14110,Self-Employed,676,3330288,8,59,12.64,0.7,2,16,0
151529,11574,Salaried,623,222381,3,44,14.51,0.99,1,19,1
163599,29676,Salaried,768,1196052,13,31,9.65,2.95,1,18,1
33618,12707,Salaried,657,482457,13,49,11.09,2.62,1,18,0
84951,31545,Salaried,602,4732822,1,46,13.32,2.78,3,17,0
36203,7,Self-Employed,763,1883733,3,36,11.5,0.86,2,15,0
102656,34612,Self-Employed,683,1785726,8,55,17.92,1.03,3,10,0
102606,19449,Self-Employed,695,463647,2,40,12.6,2.01,3,25,0
111931,9,Self-Employed,682,655027,14,23,16.76,1.75,2,19,1
68368,10378,Self-Employed,658,4866939,3,21,17.02,1.25,2,20,0
156158,28357,Salaried,767,1873194,12,21,16.44,2.71,3,21,1
88736,5632,Salaried,798,2411753,10,37,8.95,2.75,2,12,1
54467,13167,Salaried,723,1995365,11,22,17.5,1.23,3,15,0
55132,15256,Student,723,1700671,4,49,9.72,0.89,1,17,0
93775,29540,Salaried,558,2124920,4,40,8.83,0.87,2,22,0
55030,3868,Self-Employed,663,3766112,5,26,12.44,1.71,1,28,0
25487,2264,Salaried,642,2260652,11,28,10.35,0.83,2,17,0
68551,13869,Student,722,4471202,1,49,10.25,1.68,3,30,0
38409,1755,Salaried,727,110428,8,53,11.23,1.65,3,22,0
91699,9704,Student,633,135240,10,23,10.86,2.71,3,13,0
23418,1807,Salaried,687,950441,3,55,15.01,1.24,3,12,0
18155,918,Salaried,723,1658263,11,25,10.27,1.9,3,29,0
87404,34597,Salaried,692,2454675,5,47,13.66,2.36,3,12,0
163342,23978,Self-Employed,721,381827,4,32,17.87,1.99,2,21,1
171388,68412,Salaried,670,256511,8,40,12.61,2.89,2,14,0
68902,9198,Salaried,632,1963956,14,40,14.6,2.01,1,15,0
124660,31485,Salaried,710,1262793,10,29,17.71,2.75,2,27,1
31665,2919,Salaried,695,1924346,13,59,9.81,1.11,2,29,0
167186,2120,Salaried,715,3982945,14,24,12.48,1.9,1,23,0
123185,29969,Salaried,771,3972474,14,39,16.58,1.86,1,14,0
168085,30089,Student,624,4000034,10,58,17.36,2.97,3,20,0
36153,6389,Self-Employed,810,3614311,8,47,14.21,1.01,1,18,0
72766,24696,Self-Employed,621,2466710,1,33,9.86,0.85,1,26,0
88741,5425,Self-Employed,759,3072347,11,33,17.06,2.03,2,21,0
107195,27503,Salaried,779,4767813,9,42,10.16,1.06,3,10,0
60463,894,Self-Employed,704,4595225,11,48,11.85,2.1,1,10,0
173863,43520,Salaried,744,4085297,12,42,12.07,2.93,3,13,1
93107,371,Salaried,691,1316170,11,39,12.75,2.87,3,27,0
126710,21057,Salaried,702,1556789,3,28,16.01,1.08,1,26,0
30890,3966,Salaried,741,353144,2,28,16.12,0.93,1,21,1
136878,53956,Self-Employed,715,140990,10,46,15.34,1.9,1,29,1
145845,56433,Salaried,660,3434030,8,46,8.71,1.97,1,21,1
192689,42108,Salaried,687,3261785,9,43,13.87,2.16,3,14,0
41293,12793,Salaried,742,92582,7,33,15.6,2.35,2,10,0
28116,91,Salaried,726,4736784,12,48,12.72,2.0,3,28,0
77058,22412,Salaried,721,800636,8,29,17.48,0.78,3,16,0
21325,6307,Salaried,718,51912,14,40,16.33,2.48,3,24,0
100402,26256,Salaried,781,4906819,1,39,14.56,0.7,1,23,0
26388,8642,Salaried,682,626120,14,59,9.09,0.55,1,12,0
58311,19088,Self-Employed,691,1729306,3,32,14.7,2.42,2,14,0
90921,15201,Salaried,712,3916795,14,35,17.16,1.87,2,15,0
127911,37982,Salaried,681,4978441,12,51,12.1,2.25,2,20,0
115848,32023,Self-Employed,693,3834691,10,34,16.46,1.46,3,28,0
140545,52892,Salaried,658,1052628,7,31,11.48,0.53,2,11,0
97567,14837,Self-Employed,726,1642410,4,46,13.92,1.33,3,21,0
144212,53219,Self-Employed,689,3610890,14,47,14.66,2.02,1,23,0
88387,25001,Self-Employed,673,4030283,6,31,14.94,1.06,3,18,0
58691,20375,Salaried,680,1927182,7,58,16.88,2.22,1,29,0
29414,10261,Salaried,687,2908139,8,54,10.73,2.49,1,25,0
118324,45316,Salaried,688,4590518,13,39,10.99,1.64,2,26,0
141008,15421,Self-Employed,711,4559649,3,26,15.19,2.69,1,26,0
78753,9943,Salaried,622,879806,5,58,10.18,2.64,2,11,0
136925,14923,Salaried,643,2892387,9,48,12.91,2.7,2,19,0
28118,9509,Salaried,696,700369,7,21,8.69,2.15,2,20,0
72240,28466,Self-Employed,746,3386778,10,55,9.84,1.26,3,12,0
84474,22697,Salaried,712,4485638,2,28,14.95,1.7,2,11,0
147910,24797,Salaried,755,4315753,4,27,15.6,2.28,2,13,0
171632,26208,Self-Employed,657,1809373,7,31,9.6,1.03,1,17,1
101597,40214,Salaried,654,970962,14,59,10.66,2.35,3,28,0
160654,32389,Self-Employed,748,1251500,7,24,9.44,1.87,2,29,0
122871,22681,Self-Employed,654,552969,3,45,12.62,0.74,2,27,1
27349,3472,Salaried,709,3096461,7,32,9.7,1.89,2,10,0
107262,10267,Student,693,3402709,11,46,12.65,0.67,1,11,0
123454,41144,Salaried,759,3863234,12,58,15.45,0.54,1,17,0
56030,555,Self-Employed,702,3586163,9,32,14.99,2.72,1,19,0
184259,23922,Salaried,728,3284976,6,57,11.16,1.72,2,28,0
158937,44653,Self-Employed,730,3755585,1,44,14.9,1.86,2,16,0
66186,13533,Salaried,650,2570071,4,36,17.31,1.2,2,26,0
133585,45834,Salaried,735,1050535,9,33,11.8,1.86,2,12,0
75943,29481,Salaried,719,3188081,6,45,11.63,0.92,2,24,0
166470,37711,Salaried,719,4799364,12,24,13.93,2.36,1,13,1
22589,4798,Self-Employed,670,1498943,13,31,10.83,2.56,2,26,0
106837,12888,Self-Employed,689,1018560,10,52,14.69,2.64,3,20,0
174612,61434,Student,669,1870584,12,27,16.41,0.77,2,15,1
177615,62941,Salaried,745,3227562,11,31,12.86,1.89,1,26,0
76236,5883,Salaried,689,3072957,11,48,14.96,2.52,2,19,0
40090,7720,Self-Employed,606,1295810,6,43,14.69,0.82,3,10,1
178663,14432,Self-Employed,701,1899101,5,43,8.87,0.75,2,27,0
87889,13349,Salaried,701,1900103,5,48,10.24,2.54,3,23,1
81527,26304,Salaried,604,4336567,13,46,16.99,2.49,3,28,0
81270,5678,Salaried,704,506498,14,45,17.42,1.62,1,27,1
28060,10493,Salaried,677,3612592,10,49,15.91,0.77,3,10,0
124130,37460,Student,722,3812288,8,39,17.25,1.79,2,10,0
140823,49913,Salaried,647,3112627,5,53,11.41,1.49,3,18,0
160975,27164,Self-Employed,682,2844947,6,56,10.85,1.8,2,23,0
20520,668,Self-Employed,770,2381667,7,34,12.15,1.6,2,12,0
115185,21565,Salaried,668,3467840,11,34,9.03,1.92,2,21,1
140848,621,Salaried,732,109888,3,55,16.19,2.32,2,26,0
39525,5375,Salaried,830,1759861,14,50,17.85,2.44,1,26,0
179828,24789,Self-Employed,774,2157562,10,48,16.33,2.12,2,11,1
185404,59453,Salaried,750,1747352,11,37,13.77,1.0,1,15,0
181364,12607,Student,630,2846240,6,23,11.31,1.49,3,10,0
62740,18584,Self-Employed,709,2020254,11,36,10.38,0.68,2,21,1
71121,11324,Salaried,740,272858,8,50,11.96,1.63,3,13,1
121534,3247,Salaried,596,1374880,3,49,14.84,2.93,1,25,1
186416,32398,Salaried,677,689482,6,35,12.75,2.1,2,29,0
128866,28566,Self-Employed,707,1988669,4,45,17.37,0.89,2,20,0
116359,18587,Self-Employed,696,759838,12,58,16.62,1.17,1,29,0
136089,584,Student,707,1753611,12,58,9.47,0.66,3,29,0
128700,43782,Salaried,739,1988068,10,43,9.75,0.96,1,19,0
156569,1062,Salaried,772,3351901,7,45,14.92,1.72,3,17,0
193553,21352,Self-Employed,710,1895922,7,27,10.69,1.36,3,11,0
145596,4067,Self-Employed,633,2028395,7,42,16.01,1.01,3,17,0
137494,23038,Salaried,724,4175882,11,37,14.12,0.87,2,10,0
83797,4825,Salaried,741,4260180,1,38,10.68,2.14,1,16,0
91285,30214,Salaried,688,879956,1,30,13.05,1.9,2,23,0
104022,22375,Student,628,4145435,12,30,12.36,2.61,1,13,1
106931,37305,Self-Employed,733,659636,12,27,16.8,0.96,3,30,0
157180,9219,Salaried,748,2041397,10,58,8.81,2.62,2,26,0
166808,56623,Salaried,748,273819,1,47,17.01,1.94,2,11,0
72937,17417,Salaried,727,2357723,4,53,14.69,1.17,2,11,0
20508,5017,Salaried,700,4553262,5,21,15.51,1.18,3,17,0
132926,1493,Salaried,729,1051021,13,54,8.52,1.48,1,16,0
31696,10634,Salaried,721,1644466,13,24,14.47,1.65,3,17,0
173926,45682,Salaried,716,3064611,13,37,14.09,0.71,2,29,0
71572,6734,Salaried,707,1702007,12,24,13.6,2.6,2,26,0
162989,34887,Salaried,602,224218,2,46,15.97,0.8,3,26,0
54512,1940,Student,608,1983281,7,24,13.78,1.71,2,16,0
25497,1819,Salaried,688,2070521,7,21,16.64,1.46,2,14,0
34476,7061,Salaried,622,2076974,11,27,10.71,1.78,1,24,0
22308,6659,Salaried,730,4978929,9,50,16.16,2.72,1,11,0
122491,36441,Student,745,2124498,7,29,10.2,2.97,1,20,0
97544,31010,Self-Employed,738,2914570,12,55,16.22,0.55,1,26,0
74660,6237,Self-Employed,656,2601616,2,28,17.43,1.48,1,22,0
34788,2768,Salaried,750,582012,14,44,11.69,2.54,1,13,0
156069,49588,Salaried,697,682338,12,39,13.53,1.32,2,27,0
94462,12113,Salaried,650,3595352,11,56,14.75,2.12,2,23,0
149569,21340,Salaried,676,1581454,7,47,9.25,2.98,1,28,0
137907,35985,Salaried,714,2848494,14,52,13.19,2.12,3,12,0
136229,19726,Self-Employed,615,3144935,11,34,11.93,0.78,1,13,1
174039,23185,Salaried,652,3894115,3,38,16.79,2.61,2,18,1
32754,11739,Salaried,742,2878884,10,48,16.83,2.92,3,30,0
124912,18011,Self-Employed,734,513824,12,49,15.16,2.28,3,23,0
131304,10208,Salaried,648,3350018,9,36,14.73,1.55,3,26,0
40006,11922,Student,725,2697107,13,55,15.47,2.87,2,11,0
62688,14542,Salaried,701,1346116,14,51,11.98,2.92,3,23,0
182848,72909,Salaried,788,4804646,10,24,12.34,2.84,2,25,0
34012,538,Self-Employed,662,852552,2,57,13.76,1.53,2,28,0
129140,39865,Student,817,3266165,1,37,17.41,2.47,1,25,0
74789,13464,Salaried,701,1675831,8,59,15.38,2.14,2,20,0
175519,2632,Self-Employed,724,770417,5,46,13.73,0.95,3,23,1
87556,2548,Student,690,4616598,13,59,15.82,1.84,2,16,0
150839,8362,Self-Employed,674,1088269,9,24,12.02,2.37,2,14,0
114242,21314,Salaried,648,1916096,10,50,15.44,2.74,1,17,1
36735,5100,Student,701,2714131,9,50,12.4,2.66,1,26,0
39054,7430,Salaried,686,3598393,6,42,11.16,0.89,2,23,0
149977,38814,Salaried,728,2878538,13,31,14.29,1.72,2,19,0
180944,9376,Salaried,622,144827,5,22,15.03,1.7,2,21,0
126873,28289,Self-Employed,708,3181337,4,32,12.86,2.75,1,14,0
182656,58172,Salaried,721,3991156,5,50,13.87,0.5,1,17,0
105963,40865,Student,695,988931,7,56,15.09,2.35,3,21,0
96163,23202,Salaried,714,184592,11,38,15.79,2.05,3,13,0
165063,5110,Student,639,4082171,14,46,17.01,2.8,3,22,0
50252,19119,Student,714,1224659,14,27,11.87,1.64,3,30,0
39365,11823,Salaried,634,4174422,12,21,17.54,2.14,1,26,0
175446,17811,Salaried,685,307017,2,46,14.55,2.93,1,30,0
199496,25805,Self-Employed,718,3969760,5,43,15.98,2.36,2,14,1
142056,20155,Student,775,1673328,10,46,15.15,0.67,3,15,0
190075,18047,Self-Employed,712,1739549,14,26,10.45,0.92,2,18,0
100105,34299,Salaried,668,3271110,13,26,9.18,2.55,2,14,0
100464,3818,Self-Employed,692,4751028,4,28,15.4,1.34,1,11,0
81583,10645,Self-Employed,583,4926502,6,44,13.36,2.26,2,12,0
145393,39034,Self-Employed,620,2597597,1,42,15.17,2.25,2,20,0
164140,46144,Self-Employed,689,1022531,12,39,13.03,2.98,1,19,0
97462,34971,Salaried,781,4737935,5,57,11.47,1.67,1,12,0
69851,16930,Salaried,801,2137728,14,38,11.21,2.34,1,18,1
178899,7001,Salaried,732,1343578,4,51,15.44,0.62,1,17,1
75310,26911,Salaried,772,1958423,6,57,11.13,1.66,3,25,0
90085,27338,Salaried,647,2390726,10,50,15.29,0.97,3,30,0
120550,42148,Salaried,612,2840587,4,53,12.15,2.6,3,11,0
195547,61027,Student,714,2235274,3,30,15.82,2.6,2,19,0
148414,44360,Self-Employed,706,4479071,12,57,9.86,1.09,3,23,0
105986,18589,Salaried,674,542659,8,32,10.45,1.3,1,14,0
142410,26121,Self-Employed,614,3374900,5,50,15.02,2.26,3,10,0
172182,11184,Salaried,823,3680637,5,47,13.82,2.35,1,22,0
39479,15063,Salaried,777,1203827,6,59,10.44,2.14,3,13,0
153227,59509,Self-Employed,710,482654,1,29,17.08,2.99,3,30,0
129753,12237,Salaried,729,1530694,13,41,11.12,2.67,1,18,1
78261,27222,Salaried,654,4981029,11,32,12.5,1.54,1,25,0
159441,45114,Self-Employed,656,387835,3,49,10.42,1.32,2,30,1
21715,6053,Salaried,681,1494831,6,53,12.19,1.99,2,30,0
72668,6336,Salaried,726,2433111,13,35,13.17,2.54,2,28,1
102771,25101,Salaried,727,2353701,3,22,11.3,1.69,3,23,0
126184,8904,Self-Employed,683,938927,8,59,15.81,2.34,3,29,0
167355,1467,Salaried,762,2553016,2,38,12.24,0.55,1,17,1
102298,18083,Salaried,793,717056,8,23,15.43,2.81,1,19,1
120071,21722,Self-Employed,749,2504264,4,27,10.47,2.43,2,29,0
103251,27124,Salaried,770,2849621,13,38,12.08,1.49,1,10,0
161553,42478,Salaried,762,4680439,7,58,8.58,1.46,3,29,0
42419,16891,Self-Employed,722,3220890,14,57,15.71,0.76,1,14,0
132937,27277,Salaried,738,3777915,14,53,14.45,2.54,1,24,0
60350,15590,Salaried,679,3021418,1,51,16.27,2.42,1,17,0
72080,8594,Salaried,688,2276751,4,31,12.83,2.08,1,19,1
110983,37424,Salaried,688,1133892,7,24,16.1,0.75,1,15,0
115510,5179,Salaried,652,1123639,1,38,14.65,1.16,2,24,0
86011,9681,Salaried,603,1274965,2,24,8.53,1.65,2,24,1
193174,40456,Salaried,777,192095,7,54,10.91,1.16,3,19,0
75916,6402,Salaried,712,1704370,8,49,13.19,1.58,2,30,0
142843,11412,Self-Employed,667,2120778,14,44,14.38,1.06,1,28,0
128283,25646,Self-Employed,621,1941599,2,42,9.12,1.37,2,13,0
104836,23229,Self-Employed,653,1588111,8,22,15.2,2.13,3,15,0
116764,1492,Salaried,651,3139323,13,26,13.66,2.73,2,24,0
130250,1268,Student,738,3915712,10,45,13.49,1.46,3,15,0
157343,58916,Self-Employed,699,1021544,11,41,11.27,2.23,3,27,1
158836,21164,Self-Employed,710,2569581,3,36,14.15,0.84,3,20,0
153166,55597,Salaried,725,4958855,10,51,8.76,1.85,1,21,0
100776,37887,Salaried,742,1217323,1,34,9.11,2.8,3,17,0
80945,645,Self-Employed,670,2041891,8,59,15.47,0.57,2,23,0
127695,24552,Salaried,693,1966373,5,48,11.56,1.17,2,13,0
123229,23084,Salaried,751,1553148,11,52,11.8,0.83,2,27,0
102590,37458,Self-Employed,757,2918141,5,48,10.48,1.83,3,15,0
55456,10005,Salaried,705,4027369,3,29,12.73,2.2,3,15,0
199667,4006,Salaried,715,936040,9,42,8.99,0.64,1,28,1
163470,45332,Self-Employed,719,3615450,3,52,11.35,0.68,3,11,0
118424,30164,Salaried,756,2292209,1,25,13.51,2.67,2,13,0
147534,46958,Salaried,666,1899546,6,43,12.92,1.64,1,14,0
105583,3177,Salaried,687,85229,7,25,18.0,1.66,2,24,0
154764,40762,Salaried,747,1488045,4,52,12.19,2.86,1,12,1
146855,50998,Salaried,743,4179159,9,30,12.18,1.3,3,25,0
93598,10388,Self-Employed,712,329122,13,59,13.28,2.74,1,22,0
137418,2934,Self-Employed,727,711446,14,35,10.31,2.94,3,21,1
33894,11961,Salaried,706,3748837,10,27,16.82,1.1,3,30,0
64157,18965,Salaried,702,3780278,12,49,13.94,1.79,2,18,0
136535,8649,Self-Employed,695,1460997,9,23,10.33,1.84,3,20,0
76475,7574,Salaried,706,3035716,14,39,16.04,2.67,3,17,0
118041,16623,Self-Employed,726,3297270,10,30,8.83,1.26,3,16,0
123381,13612,Salaried,667,2188306,11,48,17.83,2.5,2,13,0
155689,15398,Student,599,1959235,3,49,16.72,2.93,3,11,0
55677,2866,Salaried,714,3218019,2,35,14.01,2.6,2,28,0
188156,16677,Student,746,4107722,13,55,9.56,2.77,1,21,0
40875,13883,Salaried,683,2981173,6,26,10.55,2.27,2,12,0
76807,18902,Student,748,4133989,4,32,11.15,2.76,2,28,0
32487,11969,Salaried,791,4191270,1,58,10.79,0.91,3,12,0
113874,41499,Student,739,3805392,12,33,13.23,2.28,2,28,0
29065,10673,Self-Employed,715,2286880,11,49,17.47,2.33,1,28,0
121111,40070,Self-Employed,717,479793,12,39,12.72,1.6,2,16,1
128044,36409,Salaried,685,2795268,8,23,14.78,0.7,3,23,0
179146,41664,Salaried,664,3983556,5,28,15.04,2.06,1,30,0
191461,7676,Salaried,756,3863360,12,28,16.78,0.63,3,13,1
70863,28277,Student,672,432926,7,40,8.82,1.46,3,15,0
75644,27346,Salaried,637,1823652,7,24,12.34,1.48,2,23,0
150239,52318,Salaried,787,3113377,8,41,15.95,3.0,3,17,1
69534,3983,Student,764,2743176,10,23,16.24,1.25,1,27,0
41123,13319,Salaried,732,4023338,7,28,17.31,2.55,1,24,0
72613,13898,Salaried,672,2004395,6,43,15.18,0.63,1,28,0
159060,52119,Salaried,708,1303245,14,36,10.83,1.82,1,27,1
15877,5374,Salaried,692,267285,11,33,13.3,1.84,2,24,0
65483,9914,Salaried,713,157815,4,23,8.81,2.07,1,21,0
194542,71799,Salaried,634,4287895,14,29,14.65,2.53,2,27,0
146305,17418,Student,650,4095560,8,34,13.77,2.4,3,14,0
146421,27262,Salaried,676,4866157,12,33,14.83,2.4,3,24,0
131434,28957,Salaried,730,924309,13,27,17.34,1.58,2,18,1
36091,900,Salaried,703,467294,12,35,15.03,2.32,3,17,1
105345,10687,Salaried,691,4940392,8,27,11.54,1.73,3,17,0
122941,30140,Salaried,804,3534880,7,58,10.39,0.67,1,12,0
39053,7304,Salaried,699,4349432,7,54,16.62,2.73,3,22,0
124573,37754,Salaried,665,2551614,6,42,10.35,2.73,3,22,0
120111,39741,Self-Employed,660,4828723,4,44,10.04,1.31,2,21,0
187836,30899,Salaried,740,246562,2,57,10.46,2.78,1,24,0
159400,44047,Salaried,784,1266257,13,21,13.33,2.39,3,23,0
156836,54226,Self-Employed,820,1406303,14,30,9.68,1.5,3,10,0
187647,46021,Salaried,721,4909428,5,36,17.41,1.33,2,11,0
29748,1945,Salaried,793,823770,4,28,17.68,2.94,3,13,0
188651,2906,Self-Employed,587,1470932,12,45,17.75,2.28,1,22,0
41419,11156,Salaried,663,3616689,13,32,8.87,1.45,1,19,0
86813,27619,Self-Employed,661,282129,8,45,17.49,2.1,1,30,0
103385,36652,Salaried,691,4969491,10,37,17.98,1.93,2,22,0
134771,48109,Salaried,721,2882249,12,46,17.45,1.81,1,10,0
143058,49968,Salaried,749,4067692,13,34,14.87,2.11,1,20,0
170203,22734,Self-Employed,755,1014933,4,56,15.16,1.84,1,27,1
44884,1796,Self-Employed,697,2002755,2,43,9.66,2.14,1,18,0
197213,38577,Salaried,710,3308370,14,26,16.81,2.77,1,15,0
197275,14838,Self-Employed,690,2758205,8,25,9.07,2.98,1,22,1
56845,6139,Salaried,653,4428552,14,45,11.52,2.27,2,14,0
70244,6992,Salaried,723,90564,12,38,17.92,2.82,1,19,0
195568,62469,Salaried,689,3305351,14,33,12.51,2.65,3,14,0
115566,21385,Self-Employed,626,1775623,10,34,9.75,1.24,2,19,0
186170,33550,Self-Employed,712,1642597,11,48,17.71,2.83,3,14,0
50256,7817,Salaried,801,1358499,3,38,17.85,0.68,3,29,0
164297,58546,Salaried,634,1404726,4,48,10.28,1.32,1,30,1
192886,45248,Salaried,684,3120732,13,47,16.72,2.1,3,20,0
150427,31935,Self-Employed,622,3186728,11,52,12.21,1.82,3,14,0
146110,47812,Self-Employed,643,3968941,12,29,12.12,1.86,3,14,1
99044,14257,Salaried,739,3395593,14,52,11.0,2.49,1,26,0
26398,5388,Salaried,727,3981633,13,40,8.92,0.99,1,30,0
124809,45047,Salaried,642,2769559,3,48,11.05,2.96,1,14,0
60384,5963,Self-Employed,709,3265799,10,53,9.01,1.59,2,10,0
190658,61321,Student,693,3242783,10,24,17.28,2.87,1,22,0
32673,4670,Student,640,2851094,13,54,14.79,1.46,1,13,0
82052,6170,Salaried,710,4113812,5,23,16.92,2.0,3,17,0
85086,28418,Self-Employed,665,4129660,4,46,15.31,1.63,1,29,0
95094,15383,Salaried,737,3656681,9,28,9.75,2.19,3,15,1
182498,6922,Salaried,644,3322684,4,26,17.44,0.96,1,24,0
114294,21355,Self-Employed,637,2657677,3,36,17.05,1.5,1,24,1
126992,9747,Salaried,701,726678,13,44,11.81,0.67,1,30,1
88640,7338,Salaried,724,1065968,12,59,9.56,2.0,1,25,0
143191,18919,Salaried,720,4785136,9,50,15.19,2.91,1,18,0
34566,12166,Self-Employed,733,2734735,6,33,15.42,0.61,1,14,0
121873,20232,Self-Employed,750,953291,12,25,17.02,2.15,1,25,1
145221,26278,Salaried,703,1062647,7,45,9.0,2.44,3,16,0
152697,27817,Salaried,642,1008281,5,40,9.85,1.03,2,12,1
198242,39060,Salaried,718,3466202,6,38,14.18,1.18,2,19,1
90811,24548,Salaried,706,2897273,4,38,14.38,1.0,1,25,0
23377,3442,Self-Employed,793,4292333,5,22,8.82,1.24,2,30,0
67068,25591,Salaried,798,3907291,2,30,12.27,0.78,3,21,0
150333,34703,Self-Employed,683,489709,9,32,14.05,1.43,3,18,1
108733,23409,Salaried,636,923595,2,33,15.51,1.42,3,25,0
182817,29712,Self-Employed,713,1349421,2,31,11.5,2.52,2,18,1
169478,61630,Salaried,688,2418342,11,39,13.1,2.5,2,16,0
55579,7018,Self-Employed,742,581318,11,55,16.23,2.49,2,20,0
158099,53219,Salaried,767,493919,6,59,17.56,1.92,1,26,0
106122,9225,Salaried,777,3864403,12,46,10.69,1.31,3,19,1
185495,63617,Student,641,591155,9,34,10.9,1.53,3,24,1
170901,41794,Salaried,685,4547900,8,44,17.43,1.29,1,19,0
91855,26696,Salaried,686,4481923,13,21,12.26,1.95,2,11,0
16908,3646,Self-Employed,646,2631708,3,42,15.32,2.84,3,25,0
32871,6501,Self-Employed,733,789166,9,43,14.32,1.21,2,16,1
78478,24290,Salaried,696,2105817,9,39,11.21,1.65,1,30,0
20594,7171,Salaried,644,953007,6,38,14.71,2.14,2,24,0
110350,10210,Self-Employed,705,170996,14,32,14.73,2.61,1,26,1
179863,70775,Salaried,804,1871378,2,48,14.13,1.13,2,22,0
57932,20071,Salaried,668,2112111,10,48,9.45,1.2,1,28,1
159758,3498,Salaried,677,2247314,4,53,17.95,2.71,3,30,1
19960,3515,Self-Employed,702,3689415,5,39,12.3,0.7,1,17,0
106255,4231,Student,754,3057399,6,48,14.56,2.01,2,18,0
110168,7611,Self-Employed,718,1825517,5,57,16.91,2.65,3,28,0
153911,26196,Self-Employed,736,2002151,9,46,12.52,2.8,2,26,0
76976,10275,Self-Employed,745,840970,3,55,15.85,0.53,2,19,1
181518,36562,Self-Employed,737,2433728,11,54,17.73,1.42,1,23,0
166413,6069,Salaried,731,2043634,3,55,11.91,1.14,1,21,0
52667,6236,Self-Employed,670,1406826,2,36,12.35,1.92,2,29,0
130386,42933,Self-Employed,682,100184,4,58,17.1,2.08,1,16,0
85455,33759,Salaried,736,1252378,8,33,10.02,3.0,2,18,0
32568,10653,Salaried,712,1642986,8,43,8.77,1.78,1,27,0
168035,28364,Salaried,667,1081310,7,42,17.13,1.88,1,16,0
18762,2786,Self-Employed,664,118335,9,36,16.31,1.54,2,13,0
87459,6938,Salaried,683,3855476,7,48,17.74,0.87,3,17,0
22247,3643,Salaried,763,2698315,1,55,9.05,1.26,1,27,0
194795,71679,Student,629,2820982,7,28,9.98,1.12,2,24,0
105487,1952,Self-Employed,700,3416983,9,42,9.5,2.5,3,16,0
52432,5059,Salaried,727,1389003,6,41,14.99,1.86,1,17,0
187760,69199,Self-Employed,652,4617288,3,46,14.26,1.24,1,10,1
120446,30865,Self-Employed,753,2025406,7,41,11.91,1.72,2,20,0
116019,16086,Salaried,678,4158813,7,45,9.05,1.05,1,19,0
186932,32945,Student,660,812656,12,21,14.58,0.96,2,14,0
34411,2020,Self-Employed,799,552381,11,26,13.92,2.65,2,11,0
57202,13528,Student,638,691651,8,43,9.57,2.86,1,11,0
146028,33187,Salaried,678,2639539,1,43,17.13,0.7,3,28,0
45793,8004,Self-Employed,758,4106599,14,43,10.39,2.41,1,25,0
17488,1512,Salaried,690,375188,2,52,15.56,1.63,3,20,0
152012,32817,Student,720,593721,7,50,16.91,1.47,1,23,0
41198,11589,Salaried,704,2350021,11,33,14.01,2.22,3,14,0
140182,23792,Salaried,744,3564984,10,38,10.85,1.17,1,13,1
87381,6810,Salaried,707,2957931,9,43,11.44,0.55,3,28,0
16998,2926,Salaried,652,688388,2,35,16.91,1.04,3,19,0
42737,214,Salaried,784,490499,1,53,11.33,0.96,1,18,0
100028,27198,Self-Employed,818,1708657,12,41,15.59,0.59,1,27,1
173989,60415,Salaried,634,3971103,3,59,17.91,1.3,2,14,0
132273,7400,Salaried,687,2154120,2,43,18.0,1.69,3,26,0
51119,8093,Self-Employed,713,3803160,6,47,13.57,2.34,1,27,0
145604,4358,Self-Employed,713,1614460,5,38,16.35,1.31,2,30,0
92006,16555,Salaried,745,3129431,5,44,17.91,0.99,1,10,0
89469,10114,Salaried,626,3056854,3,27,12.06,1.08,3,23,0
149553,50721,Self-Employed,615,2354867,11,40,10.9,2.73,1,23,0
168149,66953,Self-Employed,643,4578995,6,47,9.59,1.01,1,23,0
70153,18668,Salaried,706,1326426,4,26,9.84,2.7,2,10,0
195768,72496,Salaried,720,605634,9,47,16.61,1.62,1,13,1
40644,11895,Self-Employed,795,2265633,14,29,14.09,2.84,2,16,0
140576,42518,Student,723,2780679,8,51,16.8,1.52,3,21,1
171473,51870,Salaried,788,3696098,12,41,16.0,0.94,3,22,1
112571,23065,Self-Employed,703,4126613,14,46,14.9,1.87,1,24,0
156275,58592,Salaried,634,218183,12,33,14.29,1.97,2,29,0
40312,509,Salaried,634,1621871,2,43,8.96,2.09,3,11,0
85446,6572,Salaried,645,3746100,9,40,16.79,1.53,1,23,0
37418,9959,Salaried,625,247809,9,57,12.47,0.62,1,21,0
77468,21660,Student,731,1770960,13,48,13.82,2.07,1,22,0
66871,20287,Salaried,682,440637,9,37,8.71,2.83,1,23,0
88135,9650,Salaried,748,1140873,13,48,17.39,2.89,1,12,0
132769,346,Salaried,650,4253916,11,22,17.08,1.99,2,22,1
72211,15452,Salaried,727,4886715,3,45,13.66,0.55,1,17,0
95379,35915,Self-Employed,705,755198,11,26,13.98,0.77,1,25,0
171962,51985,Salaried,734,96825,4,31,15.2,2.58,1,15,0
95938,20561,Salaried,783,1825172,7,58,11.01,2.57,1,20,0
69698,9676,Salaried,733,1721693,7,26,10.61,2.87,1,24,0
21099,4406,Self-Employed,710,1811114,13,31,14.9,1.91,1,28,0
111442,37293,Self-Employed,669,4916251,11,34,9.49,2.66,1,11,0
146015,44425,Salaried,685,334734,12,22,12.81,2.56,3,20,1
120763,2192,Self-Employed,809,1261330,11,23,13.18,1.97,3,29,0
47836,14015,Student,789,3695641,10,55,12.12,2.46,1,29,0
71246,23889,Self-Employed,652,3715218,1,53,10.26,0.81,2,18,0
65106,23416,Self-Employed,644,3301021,1,44,11.88,2.1,1,13,0
160589,40547,Self-Employed,633,692547,4,39,11.71,2.88,2,26,1
29789,9810,Salaried,719,1173112,12,38,13.24,0.9,2,17,0
15941,39,Student,702,4545809,11,44,14.91,2.36,2,25,0
62191,23060,Salaried,723,902711,13,55,17.7,1.3,2,10,0
96851,29911,Salaried,668,2004779,11,21,9.87,2.54,2,19,0
186969,11682,Salaried,741,2722377,13,56,16.79,2.24,3,16,0
27025,9374,Self-Employed,766,2139328,3,45,11.2,2.82,1,24,0
113702,5430,Salaried,743,4885367,8,54,14.12,2.28,3,10,0
128584,45013,Student,743,744031,8,45,13.69,1.53,3,25,0
108709,5721,Student,651,3933347,9,36,13.79,0.53,1,30,1
37167,3161,Salaried,642,3276690,5,54,15.37,2.48,3,11,0
95286,23674,Salaried,733,76085,7,49,12.13,1.52,1,12,0
78493,20418,Self-Employed,681,2525936,10,39,11.53,2.18,1,24,0
93451,19804,Student,713,315732,6,43,16.6,0.76,1,27,1
147489,20293,Self-Employed,649,4729801,10,39,10.59,2.73,1,24,0
131313,2749,Self-Employed,702,150151,10,45,10.21,1.59,2,13,1
147208,11602,Salaried,733,3666530,2,36,8.65,2.8,2,12,0
102333,37140,Salaried,675,2665206,7,29,10.5,2.27,3,16,0
186756,65567,Self-Employed,680,1307279,2,21,13.43,0.8,1,29,0
176772,47105,Salaried,702,3118367,11,39,13.62,1.95,1,28,1
61782,22090,Salaried,643,1143241,1,53,10.92,2.77,1,17,0
108254,39356,Self-Employed,578,1616075,10,54,9.19,2.5,1,16,0
170712,51857,Salaried,665,2306960,9,36,15.57,1.54,2,13,0
186764,23442,Student,680,3147017,14,38,15.7,2.89,2,19,0
193628,67903,Self-Employed,784,3713368,7,54,17.98,1.17,2,19,0
16915,1248,Salaried,714,123415,1,45,17.05,1.44,3,24,0
156406,41324,Salaried,684,1887969,2,26,17.3,2.37,1,27,0
66569,1616,Student,737,2669468,11,41,16.08,1.08,2,19,0
33230,1371,Salaried,615,3679549,14,26,14.35,1.79,2,18,0
155405,53383,Salaried,706,2827629,3,52,9.72,2.32,1,18,0
187842,45272,Self-Employed,716,2184785,10,59,14.41,2.11,2,25,0
198224,9513,Salaried,721,1273352,7,51,9.03,0.89,1,26,0
75922,6632,Salaried,701,3251000,8,30,16.91,2.07,1,25,0
42809,15166,Salaried,629,2021539,13,50,13.08,1.93,2,15,0
18423,1696,Salaried,739,4791406,2,38,15.13,1.89,3,14,0
53824,21106,Self-Employed,598,1573507,4,44,9.0,2.57,1,16,0
86812,21768,Salaried,684,4963287,13,29,13.58,0.96,3,22,0
128234,19785,Salaried,719,815755,8,51,11.36,2.38,2,17,1
80923,22248,Student,624,3363903,10,35,11.21,2.4,1,10,0
15743,4936,Salaried,743,2619470,13,24,12.2,2.31,1,19,0
60653,13304,Student,773,3040036,11,29,8.51,1.76,2,29,0
32889,10952,Self-Employed,679,1696970,12,29,12.93,1.49,3,29,0
20656,5147,Salaried,668,919798,13,46,13.12,1.49,2,10,0
20642,1826,Self-Employed,637,3048022,5,24,16.7,2.33,2,29,0
196106,52642,Salaried,615,1474333,1,37,12.76,1.74,2,23,0
108271,9443,Salaried,704,1130287,6,36,11.95,1.35,3,24,0
182129,39764,Salaried,677,1512345,7,35,17.95,2.06,1,15,0
161236,59288,Salaried,717,4807529,8,55,13.93,2.59,1,29,0
130911,33260,Salaried,707,2820151,6,25,12.99,0.65,2,11,0
100801,11736,Self-Employed,691,4565843,3,25,13.21,2.93,2,16,0
94757,3849,Self-Employed,688,1950667,14,40,16.19,0.74,3,29,0
163959,46811,Student,642,375531,13,35,11.74,1.78,2,28,1
82949,20771,Salaried,666,4184521,6,38,12.2,1.9,3,14,0
16702,1665,Student,727,4497227,3,22,15.68,0.85,3,17,0
167566,2397,Salaried,698,3244761,7,49,9.19,2.79,3,12,0
30950,3996,Self-Employed,676,3022352,3,33,16.72,1.68,2,22,0
110551,37150,Self-Employed,724,4375611,12,24,12.59,0.86,1,15,0
160908,5224,Salaried,678,3943054,13,30,14.02,2.28,3,30,1
90108,1056,Salaried,726,3264864,14,51,15.7,2.16,1,23,0
60606,3578,Salaried,769,1271910,4,28,11.03,2.91,3,16,1
118446,4806,Salaried,660,3320231,12,23,16.96,1.6,2,20,0
91742,31950,Salaried,729,858722,12,29,17.8,1.17,3,18,1
63175,2720,Salaried,778,1907450,11,50,13.2,0.65,3,19,0
50757,3830,Salaried,724,548370,11,31,17.4,2.33,1,29,0
46989,7715,Salaried,718,2017457,4,55,8.51,2.04,2,26,0
52177,12287,Self-Employed,635,1523857,11,57,17.0,2.93,3,17,0
194939,36872,Salaried,767,1139001,7,33,11.45,2.28,2,15,0
66793,5025,Salaried,660,3552934,2,56,11.46,2.83,1,30,1
43807,9201,Salaried,754,3862515,8,33,10.67,2.98,2,20,0
77960,30973,Salaried,677,2960791,1,32,11.51,1.57,2,12,0
66775,18674,Salaried,705,4091804,6,57,10.53,0.88,1,15,0
67994,24892,Student,824,728636,11,30,17.11,0.99,3,26,0
16052,4636,Student,760,172378,7,29,17.04,1.3,3,16,0
181763,47197,Self-Employed,603,3780752,11,27,9.47,1.77,2,15,0
165073,28696,Salaried,687,72642,4,22,9.86,0.81,3,30,1
100639,11865,Salaried,709,4409826,1,43,16.69,1.25,1,22,0
38407,4652,Salaried,726,4885393,7,59,12.29,1.27,2,23,0
103071,1730,Self-Employed,802,185195,1,59,10.11,0.51,2,28,0
187139,45946,Salaried,705,4561621,14,41,13.35,1.39,3,17,0
24226,836,Self-Employed,663,2361952,6,43,12.46,0.79,3,22,0
187674,74430,Self-Employed,705,4841190,11,49,10.58,1.57,3,29,0
103240,1462,Salaried,682,2044485,7,34,15.35,0.99,2,18,0
148991,21575,Salaried,748,4327704,11,46,14.5,2.56,3,14,0
87433,23874,Salaried,767,3707831,7,25,9.45,0.7,2,20,0
161840,577,Self-Employed,713,1938334,8,51,17.29,2.66,3,16,0
198157,26195,Self-Employed,704,2153101,12,45,13.81,1.95,2,15,0
130877,2902,Salaried,696,1728718,2,51,10.88,1.65,2,21,0
144808,24646,Salaried,679,3811390,4,40,10.46,1.87,2,21,1
175465,46509,Self-Employed,678,1880621,8,37,9.79,1.44,3,15,0
28241,7067,Salaried,682,1670529,11,22,12.53,0.82,3,13,0
75899,17597,Salaried,690,1207449,12,45,9.79,2.41,1,22,0
93566,20577,Salaried,727,828161,7,33,12.45,2.82,2,21,1
170999,25877,Self-Employed,727,4040661,2,59,9.91,2.88,3,24,0
175743,4730,Self-Employed,737,1857411,11,48,14.74,2.18,1,17,0
168911,10818,Salaried,603,3159354,13,26,15.96,1.53,1,22,0
176914,60098,Self-Employed,682,726726,3,23,13.72,1.7,3,20,0
152152,12781,Salaried,754,4113561,13,55,14.96,2.14,2,20,0
151518,57353,Self-Employed,669,96094,3,38,17.41,2.56,1,20,1
198149,4020,Salaried,745,1845605,7,31,14.56,1.44,1,28,0
34752,11885,Student,746,1783076,8,40,11.96,2.79,2,30,0
154138,61340,Self-Employed,677,612873,5,25,12.77,1.31,3,26,0
128246,29590,Salaried,678,3945723,3,39,16.67,1.83,2,10,0
84394,14138,Student,775,685474,4,42,9.74,2.9,2,22,0
55727,14464,Salaried,659,720766,5,39,11.59,2.85,3,29,0
79086,6797,Salaried,695,377653,10,36,13.98,2.24,1,18,0
174526,65599,Salaried,667,2463100,6,44,14.93,1.31,2,20,0
86386,4372,Salaried,706,2408139,3,24,15.75,1.05,1,18,0
87112,2319,Salaried,734,3573411,13,35,11.52,0.7,1,26,1
70020,10256,Salaried,702,2603609,4,45,9.89,2.27,1,16,0
137099,3562,Self-Employed,696,3396840,2,55,17.57,1.76,3,17,0
158703,16325,Salaried,708,2732705,10,34,9.23,1.93,1,11,0
15071,2157,Salaried,774,4289341,11,39,9.41,1.68,2,23,0
96965,24558,Self-Employed,701,1281823,7,58,13.2,1.71,2,19,0
168799,52659,Salaried,765,1084263,11,56,16.28,1.93,2,18,0
177581,29409,Self-Employed,718,2985108,3,27,15.86,2.79,3,10,0
53996,21505,Salaried,733,2957700,9,50,17.41,0.57,2,21,1
102064,9250,Self-Employed,675,3332255,1,39,9.85,2.5,3,23,0
40474,10005,Student,693,57042,6,45,12.07,1.48,1,28,1
39242,11543,Salaried,734,2921590,12,36,11.18,2.36,1,20,0
137023,46337,Self-Employed,705,2202422,11,28,16.68,2.87,3,18,0
114456,36512,Salaried,722,2619129,4,38,13.14,1.27,3,26,0
188323,163,Student,773,763504,14,48,8.76,0.72,3,29,0
65842,233,Self-Employed,660,685785,6,36,15.23,1.08,1,15,0
178009,4481,Salaried,789,4742241,3,39,12.19,1.06,3,15,0
113205,8687,Salaried,700,3646747,10,37,13.55,2.35,1,29,0
87118,15738,Self-Employed,636,71118,10,33,16.99,0.65,1,19,0
175511,44592,Self-Employed,827,3104994,9,27,10.94,0.63,2,19,0
20773,2878,Self-Employed,680,3443908,13,47,10.78,2.23,1,26,0
59180,16787,Salaried,644,3235086,8,30,11.0,1.89,3,30,0
31504,6460,Self-Employed,737,4624001,4,54,11.71,1.54,3,23,0
174563,44536,Salaried,685,855621,2,56,9.52,1.94,3,14,0
118665,10427,Salaried,650,4513018,13,45,15.12,2.34,1,12,0
185186,8408,Salaried,739,469063,8,26,10.47,0.76,1,20,1
153492,57772,Student,661,2675697,11,44,17.3,1.88,2,28,0
127467,4995,Salaried,647,3964411,8,38,10.55,2.56,2,29,0
125138,37585,Salaried,716,4492142,14,43,10.93,1.41,3,28,0
119133,39017,Salaried,652,2998994,1,26,11.32,2.41,1,23,0
155910,24275,Salaried,708,4607137,10,49,15.8,2.61,3,24,0
167885,22659,Salaried,796,207952,8,45,12.56,2.55,3,12,1
19944,360,Self-Employed,691,2272959,9,37,16.28,2.13,3,12,0
151116,22009,Student,673,570779,2,44,15.96,2.29,2,18,1
105292,23480,Self-Employed,766,3744250,13,31,17.33,2.47,3,20,0
70417,16825,Salaried,694,1556349,4,46,15.69,2.33,2,24,0
34596,9848,Self-Employed,748,1918865,3,54,8.99,1.63,1,26,0
171240,28419,Salaried,767,3077040,14,48,16.45,0.9,3,21,0
101210,34125,Self-Employed,720,2877333,4,23,17.41,1.27,2,26,1
193875,58825,Self-Employed,793,1615404,3,31,17.94,1.02,1,18,0
181900,48978,Self-Employed,730,905352,14,58,9.69,1.4,2,22,0
123537,36224,Salaried,689,4925593,5,34,14.33,1.72,3,17,0
104083,26359,Salaried,571,525750,1,46,10.39,2.9,1,15,1
110385,11945,Salaried,710,625705,3,41,10.99,2.9,1,16,1
26020,4317,Salaried,669,3927562,9,59,15.58,2.42,1,10,0
154881,15535,Salaried,675,2488410,14,50,17.79,2.95,2,19,0
42476,15503,Salaried,750,1663858,10,28,14.15,3.0,2,24,0
73723,28821,Student,697,4602789,5,40,16.58,2.71,2,23,0
110814,38076,Self-Employed,681,4242242,14,52,8.58,0.7,1,13,0
58101,19613,Self-Employed,688,197688,7,42,8.85,1.57,3,13,1
135938,33984,Salaried,665,1291724,3,27,14.17,1.84,3,18,0
26391,340,Salaried,730,1236351,6,29,12.2,0.81,1,24,1
84966,9623,Salaried,751,3814087,13,21,16.95,2.52,3,21,0
128089,28655,Salaried,672,4824182,5,49,11.37,0.87,1,18,0
109631,30507,Self-Employed,711,3556186,11,28,12.6,1.46,3,12,0
77468,30412,Self-Employed,681,592961,7,24,13.52,0.67,3,24,1
36547,3875,Self-Employed,603,3718825,4,55,11.09,1.81,3,30,0
157951,14935,Salaried,691,471723,1,23,17.13,1.99,2,20,0
162654,26631,Student,659,1447540,7,27,12.91,2.34,2,15,0
102633,11284,Salaried,807,3696369,2,47,12.53,1.35,1,24,0
57290,18941,Salaried,559,213989,8,21,16.57,1.98,2,16,0
140873,29742,Self-Employed,772,3213982,14,47,11.46,2.34,1,28,0
124314,46827,Salaried,731,588118,7,36,16.27,2.41,2,23,0
127749,5696,Salaried,707,2204572,8,58,9.66,1.25,3,13,0
114320,8288,Salaried,574,4291454,14,27,10.24,0.67,2,30,0
33306,1697,Salaried,749,4020850,14,43,17.53,0.59,2,10,0
17646,2731,Salaried,769,3167654,10,31,16.5,2.42,2,22,0
124702,26118,Self-Employed,674,358995,7,53,12.19,1.46,1,20,0
104229,8221,Salaried,765,320089,6,56,14.57,0.83,1,27,0
157405,207,Self-Employed,713,958273,7,57,17.46,0.96,3,18,0
154969,38640,Student,733,170963,12,37,10.51,2.42,3,30,0
132288,43575,Self-Employed,735,2303647,4,55,9.06,2.0,3,20,0
103620,33752,Salaried,736,1144516,9,25,13.61,1.75,2,15,1
19342,2973,Salaried,716,3395810,12,52,9.85,2.06,3,25,0
40117,7310,Self-Employed,685,4364635,7,23,10.28,0.84,1,14,0
158462,62931,Salaried,688,3018628,1,55,16.97,1.3,3,10,0
191279,3911,Salaried,746,3295139,4,34,8.57,1.44,3,23,1
62561,6496,Self-Employed,611,930890,7,51,16.26,1.29,3,30,1
170220,44550,Self-Employed,701,730153,4,51,13.41,2.66,3,28,0
102872,1716,Salaried,682,667143,2,37,13.81,1.95,3,15,0
148425,56797,Self-Employed,705,2167293,3,44,14.88,2.32,1,21,0
87693,3849,Salaried,743,2309257,4,43,12.6,1.09,2,16,0
169426,2214,Salaried,607,1506479,10,38,9.6,1.16,3,19,1
133236,39740,Salaried,674,4995272,2,34,9.48,1.06,2,19,1
103719,29287,Student,642,4232525,13,35,15.67,2.22,3,22,0
45657,13516,Salaried,708,3376294,2,35,10.6,1.37,2,16,0
158131,45355,Self-Employed,849,2647779,8,26,8.77,1.51,1,28,0
112895,28277,Salaried,723,822999,2,47,17.81,2.27,2,10,0
23201,3098,Salaried,735,4539542,3,35,17.81,2.93,3,24,0
164630,5235,Salaried,668,3357708,10,56,12.09,0.9,2,23,0
69259,23253,Salaried,654,3022850,1,28,8.74,0.66,2,22,0
133170,46611,Salaried,637,4410677,13,35,15.41,0.99,3,16,0
33609,10752,Salaried,650,238698,4,23,16.39,2.34,2,21,0
109248,11171,Salaried,673,4768639,6,33,9.69,0.99,3,17,0
26238,2364,Self-Employed,647,423807,2,54,9.79,1.96,1,24,0
186836,22368,Salaried,626,4983889,12,44,16.31,1.98,3,26,0
192342,72979,Self-Employed,725,770240,2,52,17.26,1.24,1,30,0
183040,23481,Salaried,657,699910,3,52,16.01,0.67,2,21,1
37954,14952,Student,668,2626535,2,50,10.41,1.5,3,22,0
172111,5331,Salaried,663,4261762,11,33,12.41,0.97,2,17,0
73425,418,Salaried,759,887668,14,21,14.21,0.96,1,19,1
184044,40657,Self-Employed,639,1296049,4,54,10.02,1.81,1,16,0
192124,44228,Self-Employed,754,2339195,4,35,10.5,2.18,2,11,1
132507,24871,Self-Employed,812,2211292,2,34,11.19,0.69,3,25,0
71745,16236,Salaried,767,3324466,13,49,13.34,1.95,3,13,0
147018,44107,Salaried,744,296279,3,54,13.35,1.12,3,15,1
116801,13901,Self-Employed,723,2366852,5,38,16.24,2.18,3,16,1
60241,8266,Salaried,610,1132774,6,27,15.65,2.53,1,28,1
127932,32143,Salaried,720,1651378,8,49,17.18,2.52,3,13,0
105256,8946,Salaried,674,3136654,7,51,16.41,1.42,2,19,0
57271,22374,Student,724,3813822,12,45,10.91,1.92,1,13,0
65767,20630,Salaried,723,4687730,13,58,11.65,2.48,2,29,0
196983,45580,Self-Employed,680,4953845,5,34,13.25,0.65,2,14,0
79631,2116,Salaried,675,738717,3,28,8.64,2.01,2,23,0
42398,9721,Self-Employed,686,450648,5,47,17.09,2.59,1,20,0
180431,69943,Student,758,4073987,11,22,8.92,1.43,3,11,0
187141,30291,Self-Employed,725,4309978,13,37,11.56,1.64,2,18,0
199151,51539,Salaried,622,4462739,4,57,13.91,2.25,2,21,0
37368,9352,Salaried,663,4408632,5,34,13.42,0.67,3,10,0
107539,26453,Salaried,787,61290,9,45,14.72,1.46,3,24,1
70138,25955,Salaried,829,2099382,7,50,13.51,1.24,3,15,1
30908,5629,Salaried,710,2214511,7,49,10.68,0.54,3,26,0
102256,20472,Self-Employed,640,4149868,6,40,10.41,0.99,2,30,0
141446,51315,Salaried,688,1570550,12,41,17.12,1.49,1,24,0
168561,48071,Salaried,728,4796441,8,42,11.01,0.99,3,23,0
139947,15115,Self-Employed,703,2316421,8,55,11.17,2.01,3,28,0
51533,12361,Self-Employed,775,4449757,4,57,12.42,1.62,2,18,0
145798,46963,Self-Employed,675,2893105,2,36,9.82,0.6,3,12,0
165249,46051,Salaried,727,180557,3,37,13.32,1.19,2,24,1
88993,15942,Self-Employed,654,4514879,3,36,14.82,0.55,2,26,0
178410,31583,Salaried,736,4521308,13,22,15.97,1.4,2,11,0
88134,32453,Self-Employed,856,1539904,4,24,15.26,1.15,2,13,1
193864,62942,Salaried,646,4882197,4,41,9.9,2.22,3,23,0
180983,55123,Student,771,2384495,7,59,12.83,1.27,1,20,0
35162,1586,Self-Employed,627,4912043,11,54,8.87,1.44,3,21,0
109183,10974,Salaried,821,2482945,13,50,8.67,2.31,1,25,0
137189,32023,Salaried,691,1328897,9,26,12.68,1.7,3,21,0
115788,40396,Student,741,1454637,10,37,10.9,1.89,2,11,0
177067,19731,Salaried,714,2663296,4,59,14.99,2.6,3,16,0
39836,8511,Salaried,717,3134058,3,45,15.38,1.02,2,30,0
23450,1063,Salaried,725,4999898,13,25,17.01,2.97,3,12,0
23066,479,Self-Employed,682,1650264,13,25,15.73,2.75,2,12,0
175018,26510,Student,653,3356999,8,40,8.96,1.22,1,22,0
134618,19188,Salaried,685,3200001,14,36,12.03,2.73,2,16,1
66350,25186,Salaried,670,3714021,13,57,11.09,2.38,3,14,0
70020,26359,Salaried,648,4081891,7,29,12.17,2.83,2,30,0
114941,24755,Salaried,692,1669412,3,25,10.02,2.23,1,14,1
127993,42542,Salaried,686,441386,13,22,9.43,2.19,1,29,0
186708,31086,Salaried,686,3493182,1,29,13.45,0.51,3,15,0
16172,1784,Self-Employed,713,486851,13,56,15.34,1.69,2,22,0
74665,24688,Salaried,696,952435,12,42,15.17,1.0,3,16,1
129738,15765,Salaried,605,2364629,10,42,12.78,1.31,2,11,0
57980,8116,Salaried,619,3209726,8,42,13.46,2.95,1,18,0
80150,19328,Salaried,661,3947562,11,54,13.41,0.71,3,28,0
33202,3494,Self-Employed,718,1733083,8,49,15.07,2.31,1,11,0
174675,45967,Salaried,751,2921642,13,58,8.96,0.93,2,22,0
157548,19727,Salaried,745,2034419,12,53,15.24,0.52,1,17,0
69090,21444,Salaried,677,3994829,11,38,14.03,1.75,2,25,0
170061,34761,Salaried,630,1039233,14,27,10.38,0.9,3,10,0
100519,34073,Salaried,682,3901159,3,21,8.97,2.91,2,20,0
193310,15121,Salaried,733,2375759,12,53,9.53,1.01,2,17,0
63993,6109,Salaried,774,3882800,8,21,13.48,0.98,3,30,0
131521,24107,Self-Employed,651,1720881,3,44,15.7,0.58,3,29,1
43412,16151,Self-Employed,663,4222561,10,24,11.68,1.32,1,10,0
101562,29289,Salaried,664,2414393,11,24,12.1,0.56,2,30,0
78634,9627,Salaried,638,2996338,4,38,17.37,1.75,2,16,0
182451,12949,Salaried,660,4053815,11,47,10.52,1.76,1,18,1
88379,26805,Student,755,4751776,5,52,9.49,0.63,2,11,0
19146,2631,Salaried,681,3506215,13,53,11.76,1.1,2,30,0
166017,21925,Salaried,683,1169467,2,48,15.59,2.58,3,28,0
35835,2664,Salaried,686,3109595,4,56,14.45,1.66,3,15,0
81119,31860,Self-Employed,597,1496251,14,26,12.45,1.59,3,14,1
197153,74491,Self-Employed,763,1677741,4,36,17.67,2.25,1,22,0
176977,38733,Salaried,696,2804205,13,54,15.48,2.29,3,19,0
132940,1365,Salaried,614,2807692,7,43,9.09,2.4,1,10,0
113634,27686,Salaried,727,1257465,9,44,15.57,2.58,3,27,1
53413,19983,Self-Employed,666,2200294,9,33,8.73,1.08,2,30,0
193418,49113,Salaried,716,514506,13,38,14.68,0.67,2,23,0
155927,8555,Salaried,694,4003297,1,33,10.5,1.45,3,21,0
54426,9637,Self-Employed,644,1349722,11,57,15.12,2.64,3,15,0
194105,59072,Self-Employed,727,2537622,7,59,11.44,0.7,1,23,0
198829,59191,Self-Employed,692,2572661,7,37,16.79,1.94,2,26,0
158768,13097,Salaried,783,1539848,5,35,11.7,2.25,3,16,0
199417,14141,Self-Employed,621,4907622,8,38,14.39,1.7,3,12,0
170905,8346,Student,645,4985486,4,43,11.22,1.14,2,26,0
125665,18796,Self-Employed,693,2144737,9,50,17.21,1.32,3,19,0
74435,9252,Salaried,694,610407,13,54,15.92,0.68,2,12,0
180446,32839,Self-Employed,729,1313496,4,24,10.81,1.23,3,25,0
56113,16413,Salaried,782,2740287,3,23,17.51,0.61,2,15,0
66026,14433,Salaried,708,976210,2,27,11.89,2.32,1,13,1
143973,35253,Salaried,676,4130084,6,38,14.69,2.74,3,29,0
113417,21867,Salaried,744,1152368,6,27,15.56,2.08,3,18,0
135306,21197,Self-Employed,738,359462,7,26,8.72,2.14,3,16,0
99142,51,Self-Employed,594,1480103,11,42,17.61,1.68,1,25,0
134871,28133,Salaried,699,374310,9,21,11.77,0.89,3,15,0
140077,22005,Self-Employed,605,2433387,8,24,10.3,0.52,3,21,1
54767,10750,Salaried,733,925600,7,49,16.58,1.36,2,12,1
159919,31624,Self-Employed,708,4990537,1,41,15.18,2.38,3,21,0
184791,27832,Salaried,769,1541077,1,46,9.32,2.9,3,29,0
192300,51191,Self-Employed,698,2821487,12,34,9.61,1.58,2,23,0
26740,7134,Salaried,739,4946179,12,29,15.29,1.41,1,23,0
65930,22694,Salaried,799,4236561,5,32,9.21,1.61,1,18,0
137081,18015,Salaried,747,1282465,5,26,17.21,1.57,2,13,0
21874,869,Self-Employed,697,786594,5,40,15.54,2.06,1,29,0
146448,30080,Self-Employed,683,3476197,6,44,11.69,2.34,1,24,1
153126,55100,Salaried,719,900547,10,47,11.95,2.46,3,16,1
20976,4026,Salaried,687,3232310,8,58,13.31,2.12,3,29,0
141144,13544,Salaried,676,549968,9,28,11.93,1.59,3,28,1
189561,71330,Salaried,680,3205081,3,21,15.94,2.88,1,15,1
37244,2026,Salaried,764,4781638,10,44,17.76,2.28,3,28,1
156483,62526,Salaried,668,1132536,1,27,14.05,1.57,1,16,0
67603,14408,Self-Employed,735,4505868,12,39,12.74,1.62,3,10,0
113806,3569,Salaried,711,3221638,8,42,10.62,2.54,1,16,0
142899,4216,Salaried,634,3998475,7,55,14.71,1.6,2,12,0
137119,10355,Salaried,676,2620470,13,50,15.01,1.79,2,15,0
196367,54235,Salaried,717,4659348,9,49,15.01,1.23,3,15,0
71565,26425,Student,676,2381563,5,42,8.76,2.6,1,20,0
157520,54200,Salaried,697,1753156,2,31,17.04,1.81,2,11,0
35529,13546,Salaried,693,121211,2,40,11.71,1.88,2,15,0
124020,38173,Self-Employed,715,4866065,4,49,15.57,2.7,3,27,0
25128,7671,Self-Employed,730,4272950,7,54,15.72,2.8,3,23,0
89550,2120,Salaried,725,1283801,11,21,14.68,2.56,1,21,0
73141,6129,Salaried,641,3758300,9,51,12.25,0.66,2,18,0
69639,20937,Self-Employed,637,1059013,5,50,14.28,1.61,1,22,0
59146,13657,Salaried,721,2623402,12,38,8.88,1.36,1,29,1
22109,8787,Self-Employed,723,2038038,14,37,15.74,1.03,3,30,0
195719,15650,Salaried,740,1035176,8,58,9.45,2.77,1,10,0
104217,16590,Student,685,546566,13,34,12.27,2.73,1,17,0
31641,4905,Self-Employed,690,4809372,8,43,9.48,1.66,2,18,0
103718,35781,Salaried,652,2105281,9,45,16.45,0.84,1,26,0
36547,1704,Salaried,737,119600,11,35,13.73,0.53,2,22,0
196926,4214,Student,683,4941690,10,42,15.06,1.6,2,13,0
143899,10007,Self-Employed,576,2972889,14,23,14.98,0.6,1,15,0
186471,27947,Self-Employed,706,2368246,6,39,16.5,2.02,1,22,1
128457,7747,Salaried,654,3820882,13,54,9.76,2.02,2,26,0
176699,41596,Salaried,725,1056271,1,55,14.77,2.75,1,28,0
175515,44917,Self-Employed,695,812809,3,21,13.96,0.98,2,17,1
74024,26485,Salaried,693,434611,5,41,8.79,1.43,1,30,1
66996,4301,Salaried,735,4438520,9,49,10.41,2.65,2,26,0
173083,26086,Salaried,611,2765281,9,26,11.04,1.69,2,26,0
120075,40327,Self-Employed,747,3198148,3,57,9.19,0.65,3,30,0
176206,3133,Salaried,778,4754340,6,21,11.87,0.78,1,24,0
114851,45231,Self-Employed,674,854993,3,21,8.76,2.53,2,10,0
146335,23486,Self-Employed,732,4598121,1,47,13.76,2.36,2,11,0
164461,52292,Student,622,1249750,11,41,10.51,2.69,1,29,1
135294,14,Student,831,3315257,2,36,11.23,0.8,1,19,0
68283,21226,Salaried,587,3594443,12,46,17.15,2.4,1,25,0
18939,4951,Salaried,744,1467658,10,36,13.28,2.14,3,13,0
155226,57916,Salaried,727,3044796,7,48,11.06,1.08,1,17,0
110013,29737,Self-Employed,630,2125112,11,21,14.19,2.93,3,25,0
97474,35560,Salaried,707,2252364,9,56,10.42,1.93,1,16,0
26957,4302,Salaried,693,3899450,13,30,9.21,2.77,3,14,0
77176,16066,Self-Employed,681,2709744,7,37,8.7,2.65,1,17,0
33201,766,Salaried,688,1193429,12,43,17.54,1.33,3,12,0
134724,2988,Student,695,4537213,2,27,15.38,1.84,2,12,0
40322,4961,Student,653,2693577,10,27,16.1,1.58,3,27,0
120273,21716,Salaried,728,944603,11,35,17.82,2.27,3,13,1
51469,17744,Salaried,666,193289,1,54,17.35,1.97,2,13,0
38165,6060,Salaried,779,4299316,5,24,15.5,2.46,1,24,0
192734,22294,Salaried,714,441477,11,34,15.09,0.53,2,24,1
183483,13746,Self-Employed,677,596287,1,34,11.7,2.22,2,13,0
126125,8488,Salaried,663,3471014,5,36,9.49,1.3,2,11,0
138754,3866,Self-Employed,773,961801,3,27,13.95,1.06,3,12,1
17940,5913,Student,755,2017588,11,52,13.97,2.5,2,19,0
144539,9787,Salaried,760,3068314,2,39,17.55,0.72,1,10,0
132131,25808,Student,674,1430298,12,22,12.7,1.07,3,27,0
60205,7773,Salaried,685,4896609,14,30,15.06,1.01,3,14,0
178701,53971,Student,729,3540535,11,37,13.96,1.55,2,18,0
89170,1833,Salaried,782,315748,14,57,10.18,1.31,3,29,0
76719,23473,Salaried,734,2522971,14,32,14.12,2.3,1,15,0
155214,11106,Salaried,689,3292782,12,26,13.63,2.25,3,28,0
137851,49920,Salaried,672,2929066,11,42,13.19,1.31,2,18,1
198088,32137,Self-Employed,707,2776372,5,52,13.38,1.59,2,27,1
128145,47622,Salaried,721,2648848,13,40,10.06,1.02,2,24,0
83259,21960,Salaried,675,1550566,13,21,12.9,2.18,3,24,1
15603,326,Salaried,662,2544007,3,26,14.25,1.49,2,23,0
88336,6575,Salaried,729,1488976,2,39,13.15,0.83,3,12,0
36577,1257,Salaried,768,937012,5,38,13.14,0.82,2,17,0
118210,5848,Salaried,675,2623410,1,26,9.24,1.31,2,28,0
59738,21736,Self-Employed,738,930316,8,53,10.31,2.37,2,20,0
31674,12123,Salaried,701,2349353,11,43,11.55,0.56,1,13,0
102558,21554,Salaried,743,68580,14,43,12.48,1.14,1,24,1
129048,4732,Salaried,769,4659918,5,46,14.14,0.91,2,19,1
47639,12366,Salaried,641,2709106,5,33,16.7,2.89,2,29,1
61750,10247,Self-Employed,650,2690308,12,27,10.01,2.26,3,20,0
60955,22815,Salaried,691,3841803,2,35,8.64,1.08,3,18,0
70573,7038,Salaried,711,3945840,14,47,12.77,1.02,1,26,0
51146,11800,Self-Employed,686,4611200,14,46,12.6,2.65,3,18,0
135758,7353,Salaried,673,1098589,6,53,13.74,0.98,3,18,0
64155,3290,Salaried,659,3527381,11,35,16.42,2.99,3,18,0
60018,22761,Salaried,613,4655290,8,56,16.12,1.21,3,11,0
164741,19343,Salaried,719,1810985,10,47,9.45,0.71,1,22,1
47066,6320,Salaried,663,4228038,14,25,17.37,2.23,1,10,0
175229,53386,Salaried,753,914827,8,22,9.55,2.02,3,15,0
99560,13096,Self-Employed,663,2132311,13,53,14.53,3.0,3,15,0
196924,48548,Salaried,749,2347743,10,36,14.89,2.51,1,25,1
63030,15770,Self-Employed,719,4133455,10,43,14.96,1.57,2,21,1
68784,25067,Salaried,747,3393828,4,58,11.02,2.19,3,24,0
171276,63159,Salaried,727,2980246,12,36,11.64,2.54,2,16,0
147165,13485,Salaried,692,3828178,4,34,13.71,1.78,3,11,1
169972,31107,Self-Employed,714,4287126,5,49,10.4,1.18,1,21,0
69400,443,Salaried,673,3354297,13,46,8.69,1.03,3,29,0
15770,5562,Salaried,604,3718475,2,55,13.84,1.24,2,11,0
108659,6982,Salaried,648,4834445,5,35,12.92,2.62,1,13,0
98994,16041,Salaried,648,1469606,5,23,14.74,1.45,3,12,0
159456,44153,Self-Employed,733,2663602,10,43,9.89,1.22,3,11,0
92745,12929,Self-Employed,666,3746342,2,49,16.49,2.51,1,27,0
16046,2232,Salaried,670,4465655,14,54,9.89,0.58,3,12,0
180908,57735,Self-Employed,789,1335409,9,53,16.97,1.98,1,19,0
179068,36020,Salaried,689,1014921,3,43,12.77,2.68,3,21,0
41834,4194,Salaried,781,1674408,13,27,13.72,1.53,1,13,0
54029,21335,Salaried,634,4097176,7,23,17.02,1.17,3,29,0
131989,944,Self-Employed,673,4171555,8,52,11.35,1.73,1,16,1
58743,7918,Salaried,678,4826785,8,51,10.23,2.29,1,29,0
92835,6480,Salaried,730,1145808,11,38,12.73,1.79,3,28,1
91656,19318,Salaried,662,4384379,8,27,10.82,0.52,1,17,0
161933,50161,Salaried,669,3985476,4,21,13.51,0.7,3,12,0
133993,42360,Self-Employed,624,4909106,9,34,11.11,2.3,3,24,0
41154,8666,Salaried,714,2593086,7,52,16.71,1.5,3,17,0
161493,21008,Salaried,627,2380985,12,26,14.27,2.46,1,27,0
89722,25120,Self-Employed,651,2801436,11,59,8.5,2.12,3,23,0
120495,40316,Student,761,2921958,10,30,16.15,1.95,1,28,0
82152,31150,Student,769,1143736,12,27,11.64,2.75,2,13,0
94112,5251,Salaried,688,4402953,6,46,11.54,0.55,2,12,1
168717,44516,Student,633,128131,10,54,12.14,0.89,2,18,0
178708,36359,Salaried,794,2687440,7,50,14.49,2.06,3,19,1
103973,25534,Salaried,686,718699,13,56,12.7,0.66,1,17,0
27459,6181,Self-Employed,611,4905540,4,41,14.47,2.11,3,29,1
142901,26636,Salaried,741,2512675,4,37,9.89,2.96,1,11,0
172973,11329,Self-Employed,666,1855070,3,53,17.72,2.7,2,10,0
116393,34520,Student,594,2229715,5,30,15.43,1.98,2,13,0
126188,16202,Salaried,695,4402717,11,32,10.88,2.73,2,25,1
69007,56,Salaried,778,4271224,4,36,15.38,0.79,3,14,0
179459,16041,Salaried,707,4454444,14,52,13.96,1.64,3,27,0
67760,23990,Salaried,798,3398073,7,35,9.54,1.57,1,23,0
165029,64074,Salaried,601,2323528,3,47,10.19,1.34,1,22,0
111003,21298,Self-Employed,686,4756141,5,48,8.89,0.5,2,25,0
131845,35145,Self-Employed,710,1469909,5,37,16.19,2.73,3,24,0
116262,20841,Self-Employed,732,4060343,7,22,13.74,2.44,3,28,0
114260,27620,Salaried,668,1904264,1,56,11.51,2.13,1,13,0
169243,3078,Salaried,739,268465,3,27,9.7,0.82,1,28,1
114018,14770,Self-Employed,717,1518153,5,33,13.1,1.45,3,22,0
180567,18616,Salaried,694,1826217,6,35,13.49,2.81,3,20,1
52329,3305,Salaried,707,2155764,11,45,15.17,2.04,1,27,0
120401,26559,Salaried,700,2266807,2,43,17.71,2.01,3,20,0
143013,4165,Salaried,711,670861,5,42,12.63,2.78,3,10,0
37388,3808,Self-Employed,734,1473350,4,46,12.36,1.9,2,24,1
199589,39857,Student,653,2263743,13,53,12.01,1.99,3,19,0
138315,45031,Student,669,118269,4,31,16.36,1.36,3,13,0
37425,6351,Salaried,659,1377121,11,30,9.99,1.43,3,15,0
128015,50065,Salaried,607,1917406,12,45,11.77,2.21,1,11,0
195141,10601,Salaried,677,1038748,6,57,15.39,1.3,2,26,0
44913,13356,Salaried,724,595423,4,58,8.65,1.9,1,21,0
158696,20247,Salaried,687,2205516,6,44,11.25,1.2,2,14,0
190291,13501,Self-Employed,651,969130,3,53,14.59,0.92,2,28,1
43860,4773,Salaried,675,92075,9,37,10.27,1.64,3,15,0
44103,1328,Salaried,737,3036338,7,44,11.38,1.04,2,26,1
26807,2725,Salaried,656,241684,12,57,13.12,2.75,2,28,0
78810,22812,Salaried,622,3881110,13,22,12.51,1.26,3,29,0
118568,12565,Salaried,706,851987,2,52,9.51,1.99,3,30,0
33863,5639,Salaried,693,3817227,13,44,17.41,1.16,2,12,0
182446,5203,Self-Employed,750,4350623,12,29,8.92,1.15,1,17,1
138100,22425,Student,697,263836,11,24,15.62,1.38,2,14,0
102043,3185,Salaried,707,3445054,10,37,9.18,2.79,1,14,0
111382,13909,Student,700,3878780,10,37,12.94,1.48,1,26,0
180098,4501,Student,624,1968951,13,50,10.17,2.55,2,28,0
66678,11781,Self-Employed,650,4648780,10,31,9.84,0.99,1,28,0
36275,12040,Salaried,744,511347,5,41,9.7,0.62,2,19,0
190340,74673,Salaried,645,4450627,5,41,12.8,2.45,1,12,0
70298,27882,Salaried,678,3613580,4,38,13.4,1.85,1,22,0
112987,28354,Salaried,728,853205,1,49,9.77,1.76,2,25,0
80788,8052,Salaried,707,3108188,10,44,17.8,1.18,3,21,0
27705,2743,Salaried,680,3115106,3,30,10.95,0.68,3,30,0
124410,15507,Salaried,770,1551989,1,37,12.86,1.71,2,26,0
80179,23584,Self-Employed,772,3398580,6,38,10.55,2.67,2,11,0
128996,40423,Self-Employed,684,1247859,13,40,13.19,0.8,3,25,0
190258,18711,Student,807,3809520,2,57,15.68,2.82,3,20,0
183576,39238,Student,739,4722183,1,38,13.45,1.19,1,10,0
145949,10814,Salaried,666,2818056,12,37,11.21,1.83,1,21,1
147157,30689,Salaried,658,4325795,6,29,10.86,0.67,1,15,0
61369,7102,Salaried,677,4712029,8,34,15.71,1.56,3,28,0
27167,2186,Self-Employed,684,310927,1,49,9.62,0.81,2,14,0
21082,5349,Salaried,702,3024190,4,51,12.01,0.62,1,30,0
63819,7540,Self-Employed,690,4654408,6,24,9.94,2.92,2,12,0
51174,19901,Self-Employed,685,4233332,3,38,10.95,2.33,3,27,0
139641,49072,Salaried,684,3598854,13,40,9.95,2.3,1,27,0
68726,23249,Salaried,634,742443,4,29,16.92,0.73,3,21,0
79456,5806,Salaried,772,1619510,14,33,15.45,2.82,2,27,0
163579,5831,Salaried,662,2328050,10,35,13.83,1.67,1,19,0
36481,3221,Student,657,1161932,2,47,10.63,2.63,2,13,0
84049,4930,Salaried,736,2579844,2,35,13.35,0.53,2,29,0
170286,46649,Salaried,712,3525881,14,48,13.45,1.25,1,28,0
116738,40496,Salaried,761,3155869,7,57,14.11,2.99,1,13,0
52239,11011,Self-Employed,724,1237636,7,39,9.07,1.57,3,20,0
115437,45154,Self-Employed,672,3438910,12,46,17.74,2.72,1,12,0
187656,26176,Salaried,708,1570723,10,46,12.92,1.32,1,24,1
136211,798,Salaried,694,1997103,11,45,17.3,1.81,1,25,1
60190,14904,Salaried,782,2107183,8,46,8.59,2.64,1,21,0
103482,24770,Salaried,753,574366,11,46,10.85,2.01,1,27,1
23977,2861,Salaried,650,1296949,5,48,9.49,2.31,3,15,0
99650,38759,Salaried,695,4547041,11,38,15.81,1.07,2,24,0
75765,9315,Salaried,718,3149521,11,52,11.54,0.89,3,11,0
48312,7586,Student,752,3542335,5,23,16.48,1.08,2,21,0
164203,15020,Self-Employed,682,244173,7,22,16.41,1.73,1,19,0
99073,35467,Self-Employed,662,2132810,6,53,14.84,2.5,3,13,0
97644,28936,Self-Employed,686,1441376,6,39,14.82,1.38,2,17,0
126290,46798,Salaried,784,73473,10,37,15.15,1.91,2,24,1
176067,20450,Salaried,750,4920297,1,53,14.9,2.51,1,28,0
117900,7357,Self-Employed,763,2226659,13,32,12.18,1.1,1,25,0
150636,39232,Self-Employed,684,3690606,5,23,14.99,2.71,2,22,0
184040,22717,Self-Employed,688,481587,11,46,17.03,2.88,3,24,0
120479,45373,Salaried,732,3818275,11,55,11.66,0.6,2,23,0
198582,61885,Salaried,567,902134,1,28,17.48,0.65,3,24,0
184535,44587,Salaried,605,2485932,12,56,8.63,0.73,3,21,0
133788,53246,Self-Employed,716,4423028,11,27,11.82,2.44,2,20,0
44386,9679,Salaried,720,2408203,6,56,9.75,0.97,3,30,0
132575,11770,Salaried,666,3571083,2,36,9.7,2.31,2,12,0
184957,57813,Salaried,651,4844039,13,44,16.25,1.6,2,23,0
113716,28188,Salaried,670,655970,1,21,17.22,2.59,1,11,0
26654,246,Salaried,736,784552,11,45,15.89,2.52,2,27,0
148761,33355,Student,758,4367003,2,30,17.78,2.9,2,12,0
115190,16693,Self-Employed,695,4049296,4,36,10.56,1.13,1,18,0
133002,29027,Student,676,631431,10,36,9.84,1.07,1,20,1
131529,18020,Salaried,757,1298328,1,28,13.45,0.58,3,12,0
195379,23298,Salaried,733,4368517,4,49,16.38,1.53,3,14,0
167004,38006,Salaried,642,991823,11,59,8.88,1.65,1,18,0
21275,4817,Self-Employed,743,4491663,4,48,17.96,2.91,1,19,0
91868,30584,Salaried,757,4043823,9,26,14.22,2.58,1,15,0
190469,70580,Self-Employed,650,878292,1,36,17.8,0.92,2,15,0
30383,4510,Salaried,704,1804889,5,40,11.97,2.5,2,20,0
109843,37327,Student,753,411963,2,36,12.85,0.95,2,26,0
173814,57367,Salaried,846,3633108,6,27,15.65,0.69,1,11,0
186119,68885,Self-Employed,684,2159309,14,34,16.03,2.59,3,18,0
28885,9618,Self-Employed,730,85224,9,46,10.71,2.94,3,27,0
155840,28345,Student,703,3075773,3,46,17.33,0.72,2,14,0
24913,7611,Salaried,714,3955189,3,34,16.74,2.53,2,30,0
122544,18119,Salaried,615,3346543,13,27,8.67,2.65,1,15,0
172986,39709,Salaried,678,3873539,1,53,9.72,0.8,1,13,0
47954,1564,Salaried,648,1584186,6,46,13.21,1.21,3,18,1
36266,6978,Self-Employed,724,1141184,5,40,12.88,2.33,3,14,1
62929,11100,Salaried,625,1943569,7,23,15.23,2.52,1,13,0
121055,35011,Student,830,1306847,13,24,9.35,1.38,3,18,0
104869,7184,Salaried,751,4289200,14,46,14.63,0.9,3,27,1
70039,1558,Salaried,699,2649992,6,31,14.36,2.12,2,20,0
141290,32605,Self-Employed,656,2436253,9,22,10.72,2.25,1,25,0
125423,39175,Student,596,4883235,10,34,13.65,1.76,1,11,0
49385,6080,Salaried,634,969403,3,50,10.61,0.86,1,25,0
28983,6322,Salaried,730,94487,8,32,9.9,2.61,2,28,1
109197,11601,Salaried,682,3628251,6,46,13.94,2.11,1,19,0
104020,16784,Student,649,4987227,3,53,17.79,2.67,3,13,0
121844,43478,Self-Employed,672,3988321,8,33,10.75,2.83,2,21,0
16628,4238,Self-Employed,666,3361563,14,34,11.88,2.51,2,18,0
65451,21798,Salaried,610,2914194,9,44,10.94,2.9,1,22,0
126251,15097,Student,728,2990199,13,54,11.03,2.89,3,14,0
19353,2434,Salaried,690,163506,4,46,12.34,2.05,1,11,1
58701,9145,Salaried,780,4796060,7,41,15.17,2.32,3,12,0
87599,6003,Salaried,656,1421914,10,48,8.87,2.25,1,17,0
79213,7655,Salaried,693,3224873,14,56,17.59,2.05,3,15,0
179458,21274,Salaried,742,3378371,11,22,8.94,0.55,3,14,1
103291,10227,Salaried,650,1297569,7,29,16.87,1.39,3,13,1
47996,18152,Salaried,688,3980266,1,43,17.0,0.75,2,29,0
52310,6575,Self-Employed,734,2977579,5,35,13.48,1.25,1,25,0
72812,26992,Salaried,708,416563,4,33,9.8,0.67,1,17,0
77164,20358,Student,734,3618176,9,43,13.87,2.8,1,21,0
22176,8379,Salaried,714,2340338,11,37,14.47,1.63,2,14,0
127218,5375,Salaried,693,1067815,12,22,16.65,0.97,3,14,1
173432,62294,Salaried,675,2087949,8,40,13.73,1.96,2,22,0
83105,23765,Self-Employed,621,1884219,12,40,12.4,0.99,2,20,0
183298,19095,Student,699,1988541,2,23,16.46,2.51,3,20,0
79660,13883,Salaried,658,771197,6,32,17.82,1.26,1,28,0
181494,21251,Salaried,707,87860,5,22,14.63,1.29,2,16,1
92919,28963,Self-Employed,631,3220508,3,56,16.81,2.67,3,26,0
15661,678,Student,743,3146833,11,34,14.19,1.9,3,14,0
67452,11737,Salaried,646,1243712,12,36,15.05,2.72,1,15,0
177267,28979,Salaried,653,2302216,9,39,15.04,1.53,3,27,0
61698,3884,Self-Employed,699,1459674,13,54,15.2,1.36,3,27,0
24747,7462,Student,724,483022,1,26,11.55,1.77,3,18,0
151590,50350,Salaried,719,1541509,1,33,13.97,0.65,1,27,1
169114,11642,Salaried,695,1118499,9,56,14.14,0.89,1,28,0
24227,3044,Self-Employed,690,2571408,12,42,11.49,1.05,3,26,0
184505,13024,Self-Employed,626,4412343,11,38,11.82,2.54,3,18,0
142393,42284,Self-Employed,720,925229,11,32,15.74,2.33,1,10,0
32349,12298,Salaried,714,183777,5,50,14.04,0.98,1,29,0
145241,29704,Salaried,677,2283170,10,27,9.92,1.19,1,27,0
135138,49612,Salaried,704,981025,8,52,16.46,2.86,2,22,0
22629,289,Salaried,671,3276714,1,39,16.89,0.71,1,17,0
191703,4937,Self-Employed,703,4385606,7,26,12.93,1.87,3,23,1
144272,20442,Salaried,738,4891414,10,40,10.48,1.81,1,12,0
19437,3050,Salaried,639,1768649,8,47,17.5,2.31,3,13,0
89718,19870,Salaried,667,886635,11,57,16.88,1.15,3,20,0
132275,19641,Self-Employed,691,4843191,1,27,10.82,2.84,3,16,0
170753,47455,Self-Employed,764,131774,7,25,9.41,1.53,1,30,0
92159,12671,Salaried,617,2787521,2,31,12.69,1.21,1,14,1
162075,5535,Salaried,796,4189490,4,35,14.93,1.34,1,11,0
81929,27668,Self-Employed,731,1627190,14,23,10.17,1.37,1,15,1
43341,3880,Salaried,641,4618281,13,25,13.38,1.0,1,29,0
96280,24970,Student,643,1989058,14,43,12.54,2.82,2,14,0
189490,70037,Student,699,2570939,13,57,16.96,0.94,1,24,0
95010,22662,Salaried,750,985266,6,29,12.58,2.71,2,20,0
38519,710,Self-Employed,680,440979,5,35,13.57,1.51,3,14,0
140220,17851,Self-Employed,669,1398745,6,23,17.58,1.17,3,27,0
125948,41500,Self-Employed,730,2372958,14,49,11.35,1.0,3,17,0
173546,39534,Salaried,672,4014931,5,26,11.25,1.76,3,20,0
183473,7361,Self-Employed,785,4735633,4,37,16.1,2.17,2,26,0
103148,21999,Salaried,750,3128163,6,46,11.14,2.75,2,23,1
69721,16411,Student,671,134027,9,41,16.4,2.13,3,11,0
63241,4291,Salaried,745,911064,3,28,9.41,1.71,1,16,0
27612,8759,Self-Employed,797,733174,2,41,9.56,0.58,3,27,0
65767,1849,Salaried,686,4033682,13,31,17.06,2.79,3,10,0
158933,24218,Salaried,811,2681339,12,58,13.64,2.76,2,24,0
163036,51167,Salaried,725,4578846,8,28,15.33,1.45,3,10,0
164316,11876,Salaried,747,3828134,2,44,10.64,0.57,2,26,0
169099,18274,Salaried,696,124007,7,55,10.08,2.33,2,16,0
44676,16781,Self-Employed,661,991047,4,34,16.43,2.48,3,25,0
132724,12984,Salaried,754,768787,8,34,11.91,1.86,1,11,1
106777,41037,Salaried,751,3709669,5,30,12.82,1.51,2,24,0
112130,10487,Salaried,744,2044100,10,32,8.77,2.63,2,29,0
117229,43952,Salaried,669,2697832,2,58,12.17,0.98,2,20,0
46715,6546,Self-Employed,695,4393511,2,54,15.82,1.6,3,11,0
186427,15448,Salaried,699,4850778,6,30,16.3,0.56,3,20,0
57148,22297,Self-Employed,678,1003449,5,37,15.14,0.91,2,30,0
173478,17086,Self-Employed,718,1608493,12,37,15.08,2.85,1,25,1
87691,10201,Student,733,3146301,9,23,13.31,1.95,3,11,0
87189,26305,Salaried,705,4640538,14,51,13.61,2.51,1,28,0
78568,24916,Salaried,646,250029,10,21,15.56,1.72,1,25,0
142956,14471,Salaried,628,1457922,5,32,10.85,2.59,3,17,0
45437,17241,Student,724,1642163,5,59,10.7,1.85,2,30,0
180871,34693,Self-Employed,634,4207325,13,24,17.52,0.51,1,29,0
103618,18030,Salaried,648,374096,12,33,8.76,2.75,2,14,0
170127,29090,Salaried,652,365782,4,54,9.82,0.87,1,17,1
47794,19054,Salaried,542,1884574,7,41,13.92,1.63,2,23,0
140208,46474,Student,687,2489857,9,42,15.51,1.69,3,23,0
125976,31229,Self-Employed,587,2496493,7,24,13.61,0.62,1,27,0
76525,30597,Self-Employed,691,667612,6,38,11.87,0.63,1,14,0
180765,15457,Salaried,696,3809569,7,25,17.79,2.41,1,19,0
199853,51234,Self-Employed,742,374707,14,39,15.19,1.25,2,24,1
34478,4379,Salaried,714,734228,4,22,16.4,1.52,1,22,0
60246,18203,Salaried,682,1874957,3,32,8.88,1.91,1,18,0
131581,10535,Salaried,701,2246048,1,37,10.74,1.43,2,18,0
169549,30977,Self-Employed,689,2684735,2,30,12.05,2.44,2,28,1
59265,5905,Self-Employed,688,2109696,3,54,10.23,2.71,3,18,0
99918,17725,Salaried,750,3539605,9,26,9.19,0.65,2,14,0
162387,40857,Self-Employed,755,2798733,10,28,10.64,2.09,1,15,0
23438,2224,Self-Employed,696,4295254,2,31,13.57,1.29,1,19,0
145526,51779,Salaried,626,701936,4,32,15.11,1.96,3,19,0
131837,36194,Salaried,660,1133991,7,29,15.85,1.71,3,15,1
97253,8855,Student,746,4288763,10,22,8.91,1.33,1,30,0
187972,23199,Salaried,734,2439504,1,28,12.57,0.74,2,10,0
26452,974,Salaried,672,3786172,12,31,9.66,1.9,1,29,0
125337,8785,Salaried,767,1365249,14,56,12.6,0.78,3,22,0
129012,39994,Salaried,676,3310349,13,30,12.62,0.89,1,17,0
191285,62793,Salaried,621,3717415,10,41,13.23,2.96,1,22,0
90813,33443,Salaried,757,798154,3,40,16.98,1.29,1,15,1
118297,8807,Student,583,4253440,5,28,16.15,1.96,3,28,0
126898,38434,Salaried,662,566566,4,56,14.55,1.18,3,21,0
125402,2090,Salaried,724,2842239,14,49,16.91,2.66,3,24,0
24545,8955,Salaried,674,1541402,4,32,14.95,1.21,2,17,0
192606,48702,Salaried,666,140630,7,34,16.28,1.42,3,20,1
105454,6808,Salaried,655,4423884,7,41,13.86,2.02,2,18,0
18704,1900,Salaried,703,4646065,8,42,13.49,2.67,2,28,0
24437,9215,Self-Employed,679,3319597,12,41,15.38,2.54,3,20,0
126308,4462,Salaried,704,3344883,10,50,8.69,1.16,2,15,1
56214,11169,Self-Employed,742,3328650,13,59,15.06,2.57,2,24,0
103664,18917,Salaried,707,2383461,9,40,17.38,2.25,1,26,0
115080,1867,Salaried,676,4313171,1,44,15.28,2.97,2,21,0
39490,5108,Self-Employed,739,3191968,12,43,8.85,2.84,2,11,0
51968,20145,Self-Employed,758,1392562,6,27,12.09,1.83,3,30,0
67266,12070,Salaried,704,3436271,4,29,16.19,2.37,1,13,0
151256,37064,Salaried,719,1327146,3,21,17.61,1.93,2,12,0
155231,3012,Salaried,741,1606977,6,46,12.02,1.99,2,11,1
70366,1905,Salaried,650,985886,5,58,16.49,0.75,2,28,0
94902,7229,Self-Employed,663,555448,1,58,16.71,0.51,3,14,0
64715,6301,Salaried,680,4687405,1,42,9.67,0.62,3,26,0
127517,29692,Salaried,672,459484,4,30,16.53,2.92,1,25,1
54848,18476,Student,706,1620901,14,26,11.58,0.82,2,25,0
104355,27631,Self-Employed,643,2910208,3,37,14.14,0.61,1,21,0
119146,40039,Salaried,751,3912143,1,58,13.62,1.27,3,13,0
154245,46992,Self-Employed,784,4644396,13,44,14.8,1.97,2,26,1
123808,1699,Salaried,735,2152901,9,30,15.53,2.87,2,28,0
147666,19825,Salaried,749,950535,14,28,12.69,2.25,1,11,0
19521,2342,Salaried,630,4908700,14,41,16.94,1.19,2,14,0
69797,19065,Salaried,719,120126,3,26,16.19,2.85,3,10,1
139249,17422,Salaried,720,789067,5,41,15.96,0.59,1,23,1
134410,28943,Salaried,691,83563,14,59,12.85,2.95,1,18,0
27727,9546,Self-Employed,662,2464756,12,44,8.86,0.65,2,26,0
195192,28444,Salaried,703,3623631,5,53,13.18,2.38,3,21,1
61554,207,Self-Employed,605,912779,10,38,17.04,0.61,2,29,1
151961,26457,Self-Employed,680,3813114,8,48,10.31,2.83,1,21,0
186301,290,Salaried,657,180351,11,52,17.83,0.77,1,24,0
98542,13029,Self-Employed,733,992162,12,32,16.17,0.63,3,25,0
109358,36460,Salaried,782,3432518,5,47,15.24,2.72,1,27,1
191242,33493,Salaried,687,1584105,1,30,14.93,0.74,3,23,0
72238,27071,Salaried,716,4376200,6,52,14.08,2.49,2,21,0
169948,16734,Salaried,666,3830333,8,46,15.35,2.37,3,20,1
17509,2672,Salaried,751,3789710,3,45,12.51,2.0,2,24,0
199345,73343,Salaried,712,4104027,6,31,16.53,1.44,2,30,0
129447,38848,Student,695,3134130,13,43,15.12,2.79,1,30,0
162406,11557,Student,718,2588981,2,54,15.83,2.68,2,17,0
35829,13644,Salaried,654,1669932,14,43,16.03,1.57,1,26,0
20613,211,Student,793,2482607,1,49,9.37,1.08,3,17,0
69690,13941,Self-Employed,792,1264901,7,51,9.03,1.18,3,13,0
34782,6255,Salaried,699,2394447,13,27,16.11,1.05,2,19,0
107729,40415,Salaried,690,381049,11,53,10.96,1.85,3,15,0
21553,6830,Self-Employed,777,1328055,2,41,14.03,2.67,2,15,0
119706,9761,Salaried,706,2905869,6,22,12.72,2.43,3,26,0
70689,23895,Salaried,695,463222,14,38,8.71,2.49,2,17,0
139220,39204,Self-Employed,629,4793801,6,53,8.88,1.62,2,22,1
137841,21140,Salaried,732,2493109,5,57,16.36,1.31,3,24,0
86889,2751,Salaried,717,1783028,12,54,14.27,2.39,3,13,0
64008,649,Salaried,653,1655466,7,40,13.48,2.48,3,24,1
136339,45216,Salaried,691,1102103,10,55,17.47,2.24,3,23,0
42113,10478,Salaried,763,1421644,12,38,10.14,0.58,2,20,1
89361,24372,Self-Employed,590,752775,12,44,10.95,1.97,2,29,0
104606,18542,Salaried,723,3677857,7,28,15.69,1.37,3,26,1
41117,7659,Salaried,652,755135,9,50,15.86,0.99,3,19,0
66979,4415,Student,704,1855516,9,30,12.35,2.24,1,15,1
196733,44349,Self-Employed,727,4108893,2,43,17.53,1.17,2,15,0
31294,7556,Salaried,634,1177085,4,31,17.41,2.78,2,10,0
37794,2000,Self-Employed,662,1788388,1,22,8.62,1.25,3,14,0
21782,3076,Salaried,676,3602025,8,46,10.14,1.89,1,13,0
112361,7785,Salaried,667,4110098,10,56,16.29,2.57,3,20,0
173431,14492,Salaried,779,1798986,4,53,11.68,1.51,2,26,1
130886,15433,Salaried,666,4466751,2,33,9.41,2.57,2,16,0
158450,61672,Self-Employed,751,4222499,12,45,15.96,2.31,1,29,0
82647,15907,Salaried,748,1147443,13,24,12.82,2.8,3,12,0
46135,12794,Student,615,3176540,6,39,13.18,1.31,1,11,0
123626,7708,Salaried,698,272287,10,38,10.27,0.76,3,17,0
177326,21426,Salaried,671,2015873,4,57,14.78,1.58,1,14,0
82883,17975,Self-Employed,756,752899,1,50,13.74,2.46,3,14,0
159755,57063,Salaried,630,3784912,13,39,10.46,1.63,3,19,0
33688,107,Self-Employed,675,1163775,7,43,11.73,1.15,3,21,0
39942,7163,Salaried,663,2211922,13,36,14.17,0.57,2,26,0
152212,53568,Salaried,688,897285,5,21,17.29,1.28,3,23,0
141399,49894,Salaried,707,1178963,12,32,17.24,2.28,2,14,0
38823,2334,Student,789,116138,13,44,11.24,0.87,1,14,0
130130,30613,Salaried,617,3853389,8,54,15.49,1.35,3,15,0
29073,3566,Salaried,799,3247356,13,28,15.87,0.55,2,24,0
22120,4010,Self-Employed,674,4599974,3,38,16.18,2.3,1,14,0
44712,8787,Salaried,830,2605318,4,25,13.92,2.7,3,17,0
35151,9859,Salaried,716,808420,9,46,8.6,1.92,1,10,1
179976,20515,Self-Employed,712,1951959,14,50,15.74,0.56,2,30,0
117566,34456,Salaried,682,3385038,9,33,9.51,1.04,2,12,0
126756,6490,Salaried,723,1642194,8,39,9.61,1.6,3,30,0
160335,27855,Self-Employed,743,4989308,1,49,14.25,1.97,2,28,0
94278,8796,Salaried,738,3587001,6,23,17.84,1.74,2,24,0
39311,15707,Student,692,4070254,7,46,10.8,2.79,1,13,0
22424,6362,Salaried,820,4838666,11,32,14.64,2.85,3,11,0
46488,4350,Self-Employed,787,1219198,1,22,11.38,0.77,3,26,0
45865,1648,Salaried,736,248087,11,31,17.04,0.85,3,21,1
97139,8916,Self-Employed,673,2265752,7,48,14.14,1.4,1,29,0
130427,20679,Self-Employed,651,1534769,14,38,10.47,1.55,2,17,1
112218,13642,Salaried,743,921453,11,33,10.99,1.97,3,14,1
123287,26131,Salaried,638,4500178,9,57,12.61,2.43,3,19,0
33283,3543,Salaried,717,4506488,6,42,9.66,0.84,1,28,0
79172,9224,Self-Employed,752,655182,3,32,9.25,2.51,1,18,0
27812,5851,Salaried,701,4777677,7,22,14.96,2.03,3,25,0
184527,60157,Self-Employed,634,100939,13,57,12.37,2.95,3,10,0
189440,49131,Self-Employed,754,1893367,6,27,15.4,2.13,1,24,1
143566,7083,Student,711,4655505,2,46,9.55,2.29,1,11,0
71485,721,Salaried,834,939108,6,46,14.29,0.99,1,23,1
177441,50605,Self-Employed,714,1514658,13,44,12.71,2.42,1,30,1
62141,12605,Student,641,3142808,14,32,9.05,0.7,2,25,0
27225,1752,Self-Employed,685,1592050,10,36,13.68,2.14,2,19,0
71734,18774,Salaried,704,737332,9,43,9.29,0.64,3,21,1
151898,53227,Salaried,623,1917872,14,29,16.36,0.79,2,22,0
76930,25895,Salaried,771,1562467,7,52,14.5,0.77,1,29,0
17897,2030,Salaried,728,1329783,4,35,13.79,0.63,3,18,0
140998,6599,Salaried,650,3558349,7,57,9.77,1.3,1,11,0
54489,3970,Salaried,729,2086694,12,33,11.23,2.99,2,28,1
29006,9479,Salaried,670,4497875,3,25,13.18,1.37,1,24,0
27607,6132,Salaried,740,1190000,9,31,14.52,2.4,3,24,0
187835,64266,Salaried,751,3512751,4,30,10.24,0.83,2,10,1
79634,16102,Salaried,673,4639573,11,33,8.58,1.64,3,27,0
176689,21384,Salaried,666,1185990,6,35,11.78,0.96,2,30,0
24519,57,Self-Employed,715,1521689,5,27,13.09,0.98,1,16,0
105262,6384,Salaried,734,1576133,8,48,10.25,0.75,3,19,0
100935,39474,Salaried,646,2809283,11,52,13.18,1.58,2,18,0
171082,2658,Salaried,754,2621409,8,55,11.72,0.69,2,28,0
114729,37696,Student,686,488597,13,35,12.82,2.77,2,20,0
86974,22902,Salaried,663,3060005,4,56,11.8,1.62,2,13,1
54277,12288,Self-Employed,704,1795620,11,41,14.47,2.6,1,10,0
160274,16610,Self-Employed,663,4105836,6,26,8.91,2.95,1,21,1
98699,13184,Salaried,773,3404885,4,21,10.12,2.19,2,10,0
167898,12982,Salaried,717,2710568,8,24,12.61,2.75,1,26,1
52607,11677,Salaried,690,1304625,10,31,11.88,0.84,1,29,1
156182,61758,Self-Employed,739,4368869,12,46,12.22,2.57,2,18,0
198656,28960,Salaried,667,2056632,1,57,16.14,1.18,1,17,0
24539,5575,Salaried,602,1142480,3,43,16.92,1.68,3,13,0
138280,605,Self-Employed,791,1637840,4,49,10.86,2.12,3,17,0
21157,6578,Self-Employed,769,423673,2,41,16.45,2.76,1,19,1
17676,1215,Salaried,650,379944,13,47,12.86,2.78,2,27,0
54396,600,Salaried,665,2426461,1,59,11.1,0.73,3,24,0
183178,14965,Self-Employed,687,1297886,3,33,17.86,1.41,1,28,0
23651,7532,Self-Employed,739,96828,5,43,16.34,2.48,1,29,0
67727,21033,Student,691,507569,1,36,17.95,2.26,2,20,0
154518,37584,Student,679,846371,3,50,10.1,0.57,2,13,0
195695,62861,Self-Employed,666,4229303,8,24,9.87,1.62,1,18,0
40526,6710,Self-Employed,737,264691,9,36,13.28,2.57,2,17,1
194517,42843,Salaried,735,1240156,9,51,14.57,2.34,3,25,1
66538,8583,Salaried,682,4006093,14,45,10.13,1.53,3,22,0
159628,4720,Salaried,720,2530603,1,32,16.67,2.34,1,14,0
94370,35446,Self-Employed,688,4994124,3,46,13.55,1.88,1,22,0
137793,52364,Salaried,642,3960529,14,57,12.4,2.78,2,28,0
187967,10534,Salaried,752,981319,8,53,14.22,1.97,3,11,0
91042,2446,Salaried,576,3654703,9,48,14.53,1.5,2,21,0
49076,13497,Student,638,4292929,3,29,8.91,2.66,1,18,0
35377,7072,Self-Employed,631,3703522,9,32,18.0,0.62,1,10,0
186430,3019,Salaried,696,839681,14,25,11.96,2.75,1,23,0
110892,21541,Salaried,619,855855,11,48,9.08,2.24,1,16,0
138818,16,Salaried,653,3962131,10,55,16.6,2.85,1,26,0
110918,42771,Student,699,3240884,13,25,17.93,1.13,1,23,0
56429,1324,Salaried,778,1680995,9,54,16.26,2.24,2,26,0
188459,49394,Self-Employed,672,891048,4,54,16.59,2.52,2,11,0
61503,8207,Salaried,679,1497955,2,33,14.45,2.26,2,18,0
102059,8470,Salaried,642,1841522,1,59,17.26,1.03,3,24,0
115389,17490,Salaried,586,4042536,9,34,8.84,1.19,2,25,0
50445,293,Salaried,642,2731832,12,31,15.78,1.92,1,18,0
97188,23457,Student,704,2327592,5,58,14.87,1.62,2,13,0
191644,6384,Self-Employed,687,596622,5,24,8.97,2.34,2,24,1
25694,2421,Salaried,700,4038095,13,53,13.67,1.45,3,30,0
111404,21677,Self-Employed,781,4858093,8,27,13.39,2.65,1,19,0
53724,14761,Student,684,2204828,13,28,15.07,1.58,3,16,0
198484,1957,Salaried,690,4552457,10,57,9.24,0.6,3,15,0
103618,13331,Self-Employed,754,1531699,10,30,16.15,0.54,3,24,0
179311,64610,Salaried,742,1043592,9,35,9.82,2.12,2,11,1
133337,493,Salaried,737,3106121,1,58,12.48,1.85,1,24,0
89088,24491,Salaried,705,4561266,8,35,16.87,1.86,1,27,0
111729,43743,Self-Employed,758,2269011,11,25,13.83,2.48,3,23,0
142395,15639,Student,648,1289050,13,49,12.11,1.44,1,27,0
50833,7866,Salaried,757,4222306,2,39,8.96,2.99,1,12,0
42807,9524,Salaried,718,3591204,9,30,14.89,2.86,3,29,0
151550,5798,Salaried,631,443050,6,32,17.87,0.53,2,23,1
61804,23326,Salaried,609,652390,9,24,17.16,2.74,3,15,0
36533,3998,Salaried,727,4218074,13,51,15.31,2.2,3,23,0
67025,1450,Self-Employed,739,3497692,1,38,9.5,1.76,2,11,0
37528,2055,Salaried,778,1726858,9,36,10.77,1.96,2,25,1
39819,8331,Salaried,681,3784485,4,56,10.28,2.6,2,25,0
180902,39352,Salaried,667,4788622,4,45,11.88,2.88,2,30,1
137357,5290,Salaried,705,1755755,9,43,10.74,1.9,3,26,1
172855,11480,Salaried,714,3698601,12,32,10.82,0.95,2,25,1
113718,28670,Salaried,625,3922961,3,54,14.36,2.1,1,25,0
46544,10260,Salaried,729,4788946,1,56,11.53,0.69,3,17,0
103490,35720,Self-Employed,713,3602550,7,57,14.93,2.09,3,15,0
168388,53403,Student,708,4446100,11,23,17.5,2.52,2,27,0
84769,28919,Salaried,690,1165847,14,29,14.57,1.38,2,23,0
114482,14422,Salaried,709,4830626,1,38,15.64,0.68,1,25,0
35286,7210,Salaried,721,1649594,3,55,15.64,2.23,2,17,0
68737,19106,Salaried,724,3506768,12,54,11.64,1.35,3,27,0
178000,18323,Salaried,694,4879910,13,34,8.64,1.12,2,23,1
72314,14515,Salaried,713,4355419,5,24,9.02,2.22,1,26,1
49675,3991,Salaried,714,2969015,11,49,11.18,2.92,3,17,0
158534,10397,Self-Employed,704,496512,10,35,15.05,2.36,3,25,1
92972,6747,Self-Employed,665,1520839,10,48,17.11,1.73,2,19,1
18910,3496,Salaried,597,1261946,8,36,17.61,2.0,1,19,0
68054,10501,Salaried,693,2357123,9,32,8.75,0.86,1,30,0
28683,6394,Salaried,730,4583768,1,25,17.91,2.53,2,27,0
170620,38328,Self-Employed,700,4349726,9,54,11.56,2.01,3,30,0
78689,4805,Salaried,761,4839261,1,21,16.51,2.91,3,27,0
161632,10404,Salaried,682,1614555,5,59,10.21,2.95,3,18,0
162186,15028,Salaried,683,1813964,7,52,9.1,1.39,2,30,0
86567,4176,Self-Employed,760,3118730,9,46,12.09,2.97,3,10,1
115414,14775,Student,642,593228,5,37,16.66,2.89,3,25,0
157199,42583,Student,687,1354982,8,47,10.6,2.1,2,19,0
154229,42254,Salaried,664,2791864,14,44,9.96,1.33,3,24,0
121170,24007,Self-Employed,574,1969031,11,55,17.14,2.38,2,14,0
168372,24592,Salaried,650,3717955,12,59,17.41,1.18,1,26,0
122509,34283,Salaried,762,4769006,1,46,8.62,2.07,1,18,0
85507,15145,Student,739,4861895,2,58,15.41,0.56,2,15,0
120632,27752,Self-Employed,706,62708,12,43,11.44,2.07,2,11,0
147609,35936,Salaried,744,4970260,13,42,12.06,2.88,2,22,1
41814,10065,Salaried,766,3599382,8,24,12.96,1.09,3,27,1
34661,2021,Self-Employed,721,2891983,9,29,12.55,2.45,3,29,0
136433,19462,Salaried,702,2594249,4,24,13.39,1.23,2,13,0
138842,19475,Salaried,684,572812,7,27,14.03,2.27,2,19,1
159243,23129,Salaried,697,535943,12,43,12.92,2.25,3,20,0
127976,16312,Self-Employed,722,4273925,14,22,15.16,0.96,3,22,0
47035,13953,Student,675,2160126,9,44,15.33,1.99,2,26,0
43612,10418,Salaried,754,2829203,2,51,12.68,2.65,3,20,0
151973,40847,Salaried,702,261724,14,51,9.85,1.46,3,13,0
48489,1804,Salaried,775,1352020,1,54,14.59,2.28,1,23,0
28229,10903,Salaried,710,4600114,13,44,15.84,2.19,2,12,0
183753,23720,Salaried,649,4645150,1,46,14.56,1.14,2,21,0
23329,1753,Self-Employed,679,2858591,8,36,14.09,2.8,3,13,0
66003,6520,Salaried,652,741455,8,33,10.68,1.91,1,25,0
66218,13095,Salaried,747,268316,4,35,14.63,1.39,2,16,0
61995,2434,Self-Employed,608,4448714,9,47,11.68,0.91,2,29,0
174179,10552,Salaried,708,2057648,4,24,17.24,1.68,3,28,0
94613,27217,Self-Employed,766,3837588,6,36,14.71,2.33,2,27,0
118218,10558,Salaried,687,4401608,12,50,11.14,2.06,3,30,0
130277,41594,Salaried,646,1509489,10,50,12.99,2.32,1,18,0
183546,49057,Salaried,765,2680802,4,56,16.54,2.48,1,20,0
129045,25975,Self-Employed,801,3212310,1,23,11.69,1.6,2,28,0
120054,32029,Self-Employed,626,3029694,4,42,13.49,1.8,3,26,0
90453,25893,Salaried,686,4664524,2,42,14.96,2.97,1,30,0
160503,44853,Salaried,677,4343677,3,32,15.67,2.92,2,27,0
89496,8451,Salaried,634,1609164,7,41,10.15,1.54,2,15,0
166203,66431,Salaried,638,1109617,10,24,13.87,2.21,2,12,0
185663,67673,Self-Employed,653,4277814,9,51,17.17,1.17,3,23,1
71718,7681,Salaried,679,4723245,1,51,17.7,0.88,3,18,0
123151,47036,Self-Employed,715,2518808,5,43,14.73,2.42,1,12,1
171252,63576,Self-Employed,748,1867237,3,40,17.84,1.59,3,11,0
77971,28602,Salaried,693,3025824,14,35,13.92,0.94,3,28,0
116242,31401,Salaried,801,1878123,12,43,12.7,2.4,2,15,1
99428,15711,Salaried,669,1807733,9,48,13.74,2.79,2,12,0
93978,37034,Salaried,657,3557367,13,36,9.6,2.83,1,18,0
75661,9439,Self-Employed,748,2120125,5,57,12.32,1.99,2,27,0
121328,24256,Student,654,423480,12,41,12.85,1.7,2,16,0
25130,1015,Self-Employed,643,1621687,12,35,16.56,0.85,2,11,0
38054,10926,Salaried,759,460004,3,37,15.71,2.48,3,10,1
177085,52849,Salaried,680,272489,3,57,14.21,2.86,2,14,1
97423,24110,Salaried,749,3331983,14,33,11.8,2.72,1,12,0
123500,38728,Student,657,4674501,14,39,10.28,2.38,1,16,0
135747,30434,Student,628,3754242,3,50,11.8,0.51,2,15,0
37989,9812,Self-Employed,634,3866718,3,38,14.96,1.52,2,10,0
85254,16907,Salaried,787,578772,11,34,11.0,1.53,1,28,1
38399,7271,Self-Employed,788,3565489,7,56,12.56,2.74,3,29,0
128204,31340,Salaried,727,4735192,6,56,12.17,0.66,2,23,0
182300,51736,Self-Employed,733,1800116,4,40,15.77,1.83,1,19,0
161652,45124,Salaried,708,4542660,5,39,16.9,0.84,3,11,0
65403,17779,Salaried,652,3837133,10,27,15.14,2.16,1,20,0
71957,4024,Salaried,664,4501930,5,24,11.75,2.48,3,25,0
190503,23671,Self-Employed,704,2269760,8,54,12.62,2.1,1,26,0
186934,41006,Self-Employed,727,145615,2,22,9.86,2.49,1,14,1
176787,12180,Student,783,1543976,7,25,10.1,2.02,3,27,0
29066,1613,Salaried,684,2576427,12,30,10.06,0.97,2,25,1
79981,15526,Student,722,4602854,8,52,9.74,1.46,1,19,0
140902,21670,Salaried,724,1484409,5,33,10.21,2.89,2,15,0
159545,5909,Self-Employed,613,4097573,5,59,10.43,1.22,1,17,0
66517,14847,Salaried,711,363257,7,25,9.56,0.66,3,15,1
31484,8784,Self-Employed,731,2743005,11,30,14.58,1.46,2,13,0
192312,1955,Salaried,709,2252999,12,30,17.91,1.42,3,14,0
97830,6163,Salaried,664,3383483,13,58,16.85,1.68,3,15,0
70001,18754,Salaried,731,2538492,8,47,8.93,1.9,2,24,0
97122,16092,Self-Employed,739,3401187,9,41,12.52,2.98,2,15,0
105358,17114,Salaried,694,370472,1,28,16.66,2.39,2,28,0
189694,59470,Salaried,778,1578026,4,21,9.78,0.59,3,29,0
49918,6103,Salaried,688,4477655,7,48,16.55,2.28,3,17,0
73889,29499,Salaried,745,3288431,10,59,14.13,2.56,3,22,0
50992,17624,Student,668,4619359,1,34,17.35,2.74,2,13,0
45980,3590,Self-Employed,627,4046883,13,41,16.82,1.56,1,26,0
52011,9662,Salaried,736,3876949,4,50,14.93,1.28,2,23,0
39284,11814,Salaried,673,1898242,5,41,14.75,2.6,1,27,0
60599,7772,Salaried,734,565806,13,29,10.53,2.44,3,24,0
26708,7670,Salaried,717,2888184,10,37,9.61,1.84,1,28,0
168680,41214,Salaried,643,2241525,1,25,12.45,0.79,2,20,0
61292,5933,Salaried,649,705914,7,51,10.27,2.13,2,16,1
141123,27749,Self-Employed,640,1935817,13,58,9.47,0.66,2,10,0
153535,58572,Salaried,606,3083588,1,39,11.37,0.75,1,12,0
53867,18984,Student,707,936999,11,56,16.67,1.33,2,28,0
17790,7079,Salaried,777,2396635,14,53,8.66,1.43,1,10,0
113652,34890,Salaried,662,2850339,10,33,11.28,1.65,3,13,0
97131,3529,Self-Employed,717,3958850,4,34,12.53,1.35,1,20,0
177178,69526,Salaried,731,385534,13,53,13.35,0.58,3,16,0
75665,4523,Self-Employed,764,4902261,11,49,10.22,0.89,1,16,0
92790,2524,Salaried,622,3930835,4,56,17.66,0.79,3,23,0
32451,744,Salaried,800,2053639,11,30,14.0,1.58,2,24,0
67266,14235,Self-Employed,643,637606,12,51,13.46,1.03,1,14,0
117589,41834,Salaried,623,1714701,7,26,8.58,1.23,3,23,1
70845,11419,Self-Employed,772,4675830,10,21,13.11,1.68,2,22,1
109845,18232,Self-Employed,659,1941053,13,27,16.46,1.09,2,29,1
103999,9584,Salaried,698,2168907,13,47,10.59,1.11,3,27,0
177433,60709,Salaried,695,3487731,10,41,11.84,2.58,3,10,0
133019,35076,Self-Employed,727,4314959,9,48,8.7,1.87,1,22,0
55407,12090,Salaried,673,1937664,5,36,17.78,2.64,3,29,0
25621,6517,Student,674,2699176,12,43,9.13,1.79,3,16,0
196328,55898,Self-Employed,658,2483046,12,40,17.03,2.77,2,15,1
67500,11961,Salaried,776,1360077,12,58,11.47,1.14,3,18,0
185274,25826,Salaried,652,3338344,4,45,14.08,2.04,3,19,1
33150,5505,Self-Employed,623,4010712,3,48,14.95,1.76,3,12,0
157535,44623,Salaried,636,2380840,9,25,9.84,2.8,2,16,0
55596,15366,Salaried,754,1717032,9,41,12.72,1.55,2,20,0
148435,31173,Student,638,3314187,2,38,11.59,2.64,2,21,0
68805,15371,Self-Employed,639,2539968,7,26,9.04,1.91,2,21,1
126286,47670,Salaried,704,1680451,9,49,16.42,2.27,1,22,0
62567,9515,Self-Employed,741,3375948,3,39,8.93,2.72,2,17,0
116837,23949,Salaried,694,1877982,7,53,14.71,2.99,2,13,0
71965,16306,Student,691,1598614,3,21,11.48,2.33,1,30,0
191344,4025,Salaried,731,2952262,14,23,10.33,1.29,1,29,1
77348,1471,Student,721,2398602,5,41,14.84,1.25,1,10,0
68223,7739,Self-Employed,683,1470972,10,55,13.96,1.27,3,15,0
71413,11158,Student,701,3667783,13,23,11.49,0.74,2,11,0
141160,3447,Self-Employed,735,3986617,11,45,13.37,0.63,3,23,1
156987,48455,Salaried,653,4242068,7,58,10.84,1.95,1,27,0
196154,13681,Self-Employed,715,4602278,10,40,16.71,2.53,1,19,0
112758,15017,Salaried,729,3590868,9,54,11.48,0.59,1,30,0
51210,17591,Salaried,656,1047554,11,41,10.83,1.92,1,10,0
28539,238,Self-Employed,683,850851,11,43,15.64,1.43,3,12,0
105640,41064,Salaried,689,4596710,6,26,8.67,2.73,1,29,1
63576,12709,Salaried,701,508958,7,33,11.05,0.86,2,13,0
136395,20705,Student,749,3021753,12,43,12.07,1.91,2,27,0
112203,12474,Self-Employed,729,1219682,8,29,16.88,2.93,2,17,0
60703,18449,Salaried,671,1453784,10,37,17.53,1.36,3,18,0
64089,24569,Salaried,661,1437139,5,22,15.31,2.35,1,28,0
110505,39245,Salaried,710,2597459,3,39,13.18,2.71,3,11,0
157730,32795,Salaried,764,719770,6,39,14.59,0.97,2,18,1
103823,27881,Salaried,673,962855,13,27,12.43,2.98,1,12,0
84087,7792,Salaried,697,130884,3,40,11.34,2.52,3,11,0
88110,20957,Student,740,4209925,9,29,17.53,0.84,1,16,0
34819,1877,Self-Employed,778,4035185,11,37,9.6,1.28,1,26,0
102525,2706,Salaried,613,3777313,10,47,11.79,2.06,3,26,0
44051,10302,Self-Employed,707,3149266,11,22,17.04,2.71,2,18,0
28739,7057,Salaried,663,4609145,7,56,15.37,0.99,3,10,0
141478,28786,Self-Employed,730,1630088,14,39,8.78,2.33,3,10,0
91394,34594,Salaried,763,3095770,10,37,8.72,1.18,2,17,0
128887,39369,Student,722,1525786,1,25,13.41,2.51,3,26,0
127936,29617,Salaried,750,3825555,14,59,13.1,2.21,1,17,0
79314,24234,Salaried,709,4864876,3,38,12.71,1.81,2,28,0
15843,1640,Salaried,631,1803852,5,27,11.37,2.12,3,13,0
141607,54727,Salaried,655,3197332,6,37,17.87,2.69,1,27,0
26594,6506,Salaried,646,4528065,3,59,11.08,1.47,2,22,0
178795,48465,Salaried,737,1605623,12,56,13.16,2.42,3,16,0
174690,19622,Salaried,648,4930753,8,24,12.35,0.9,2,12,0
102181,13057,Salaried,757,3770822,2,58,10.12,2.25,1,23,0
171636,44505,Self-Employed,703,4482705,6,45,10.42,2.38,1,18,0
148034,20407,Self-Employed,754,4562020,2,25,17.22,1.61,2,12,0
198463,5555,Salaried,730,4926292,10,50,16.65,2.48,1,16,0
108022,12552,Student,742,4303480,3,32,10.39,1.89,1,24,0
91092,20598,Self-Employed,671,4600304,4,24,16.82,2.84,2,13,0
22447,812,Salaried,592,1997598,8,44,10.49,0.78,2,14,0
190978,75976,Self-Employed,766,393009,5,49,14.45,0.83,3,18,1
20976,1122,Salaried,729,3706228,1,29,9.27,2.61,3,12,0
106321,41899,Salaried,776,4913840,10,24,16.86,2.61,2,25,0
16096,5264,Salaried,701,830531,14,44,8.99,1.68,1,25,0
121511,31185,Student,730,2991716,11,34,13.77,2.91,1,28,0
123007,6883,Salaried,691,2922037,6,25,15.91,2.2,2,18,0
57604,174,Student,661,4116157,11,38,9.61,2.96,2,29,0
151443,4703,Salaried,736,3409077,6,39,12.34,1.83,2,10,0
85979,9182,Salaried,627,4370612,10,32,8.9,1.0,1,26,0
42565,15961,Salaried,723,4774343,6,38,14.99,1.61,3,21,0
101276,20028,Salaried,782,4795010,4,37,11.42,2.95,3,18,0
110645,19257,Self-Employed,643,960571,4,50,13.81,1.43,1,14,1
149532,26968,Salaried,632,2232241,9,44,17.36,2.89,3,24,1
102257,29100,Salaried,753,1101208,12,31,11.41,2.49,2,22,0
192118,27694,Salaried,657,2311713,5,55,8.96,1.61,2,28,0
180094,67881,Self-Employed,671,3790970,4,43,14.92,1.85,1,12,0
168195,6960,Self-Employed,739,2298054,6,37,15.97,2.02,1,11,1
31625,7086,Student,698,4074150,8,21,17.6,2.16,2,22,0
161647,30563,Salaried,632,4476508,3,35,10.0,0.69,2,16,1
50168,19542,Salaried,725,1440512,14,52,12.23,2.83,1,18,0
95624,7009,Salaried,689,1906728,4,29,16.52,1.99,1,19,0
99756,39081,Self-Employed,695,4286398,9,35,16.17,2.83,2,10,0
168870,27167,Salaried,743,4485429,14,48,14.44,2.08,2,25,0
163943,25143,Salaried,793,734837,2,44,11.06,1.58,3,20,0
118533,21585,Salaried,723,181613,7,55,11.2,1.92,3,17,0
76353,26557,Salaried,739,857550,5,42,9.68,2.57,2,22,0
91479,20480,Salaried,793,3576160,9,47,17.26,1.32,1,25,0
70417,440,Salaried,831,3769641,10,39,10.14,2.89,3,12,0
20036,7958,Salaried,753,2827644,12,32,13.94,1.66,3,22,0
190509,30032,Salaried,797,2407539,14,40,14.05,2.89,2,26,0
42932,6415,Salaried,669,2019598,2,21,12.01,2.7,1,30,0
79042,27154,Student,681,4011556,2,41,11.85,2.42,1,15,0
139429,14399,Salaried,712,4342998,12,21,14.85,1.67,2,19,0
115026,17341,Self-Employed,735,99914,13,30,12.19,1.97,1,18,0
21621,2889,Salaried,640,4931135,10,52,10.92,2.6,2,27,0
197407,27141,Salaried,737,2088980,6,59,12.29,1.86,1,26,0
35005,1138,Self-Employed,662,1102593,6,42,16.17,2.35,2,16,1
197182,28797,Salaried,627,4004941,12,38,17.68,2.48,1,11,0
18871,6435,Salaried,682,3243461,2,52,14.54,1.78,2,20,0
180910,8828,Salaried,762,3391637,11,47,15.93,1.84,2,27,0
129402,31430,Salaried,674,3863494,8,48,13.56,0.99,1,12,0
39192,4101,Student,739,4099626,2,38,14.44,1.11,2,23,0
63948,16032,Salaried,657,3572920,6,59,17.89,2.76,3,29,0
199021,11553,Self-Employed,763,4542976,9,49,12.66,2.6,1,22,0
21170,8128,Salaried,669,569651,2,38,9.13,0.53,2,26,0
128638,11609,Salaried,802,1873880,3,28,17.59,2.67,1,20,0
167603,57599,Self-Employed,653,3155168,12,51,16.03,0.56,1,16,0
104220,25790,Student,621,4530217,13,54,12.28,1.65,2,12,0
193476,60486,Salaried,606,2410490,8,27,17.83,0.67,3,12,0
100401,5615,Salaried,704,4121248,5,56,11.78,2.92,1,11,0
59072,18801,Salaried,777,619066,7,38,12.04,2.93,3,30,0
147322,56161,Self-Employed,696,793818,12,58,14.29,2.03,3,25,0
28894,7911,Self-Employed,731,4308485,1,29,11.11,1.48,2,20,0
115210,2939,Salaried,691,157036,6,29,15.14,1.78,2,23,1
94967,9049,Self-Employed,690,4524498,6,28,9.95,2.41,1,12,0
123909,37980,Self-Employed,616,2709834,6,55,9.53,1.06,2,16,0
127853,42030,Self-Employed,692,2513960,13,38,13.58,1.6,1,17,1
46572,1388,Self-Employed,631,4124823,9,25,13.78,2.34,1,22,0
144666,6914,Self-Employed,653,392423,7,34,9.51,1.49,3,28,0
119617,8801,Salaried,708,2172452,6,48,17.66,0.58,2,20,0
90705,16273,Salaried,710,3795363,7,50,13.95,1.77,2,10,0
17435,734,Salaried,639,3168264,5,24,9.93,2.34,1,28,0
113295,7764,Salaried,674,2858037,8,59,11.46,2.94,3,22,0
94114,24406,Student,672,1790942,11,40,16.1,0.59,2,26,0
121661,14595,Self-Employed,662,4714459,8,45,13.47,1.85,3,18,1
181675,67621,Self-Employed,694,4729409,10,48,10.29,1.62,3,28,0
16455,988,Salaried,735,4041332,13,32,9.48,1.11,1,28,0
66469,24622,Salaried,673,4285120,4,22,12.59,2.09,2,15,0
96454,10446,Salaried,583,2059117,5,34,11.71,0.91,2,16,0
196767,15223,Student,608,4188996,14,42,14.73,1.21,2,14,0
145321,26071,Student,659,2964010,2,51,17.29,2.45,3,17,0
81437,25245,Salaried,714,3272124,7,43,10.85,1.65,2,23,0
35543,9486,Salaried,751,4223060,4,40,16.62,2.98,1,27,0
115886,16742,Salaried,771,1456373,4,58,17.24,1.47,3,30,0
91723,6086,Self-Employed,741,993617,5,24,17.07,1.66,2,29,0
97186,13408,Salaried,721,2119265,5,35,17.54,1.25,3,12,0
60663,17066,Self-Employed,771,2508452,11,44,16.5,1.09,3,17,1
104157,27634,Salaried,667,1359678,12,45,14.14,2.81,3,23,0
148667,21851,Salaried,697,2171536,12,21,12.39,2.37,1,23,0
92277,16665,Salaried,758,1782830,12,27,13.17,1.33,2,16,0
58689,6556,Salaried,696,3251786,2,51,16.79,2.25,2,15,0
67601,13752,Self-Employed,712,653922,3,32,11.36,2.91,3,15,1
105544,21932,Self-Employed,691,4996568,14,25,10.01,0.69,2,21,0
107272,21039,Student,660,2953776,9,58,9.84,1.16,3,24,0
63145,17163,Student,712,2499171,9,32,16.36,1.0,3,28,0
196612,56314,Self-Employed,721,4443030,8,59,15.73,2.67,3,13,0
160432,57044,Self-Employed,697,3900916,6,38,13.23,0.95,1,12,0
184227,22133,Self-Employed,637,2169872,3,22,11.11,1.27,2,22,0
18379,3873,Salaried,704,2949892,10,30,14.94,1.86,3,25,0
169847,36845,Salaried,602,2342776,3,35,8.87,2.05,2,22,0
111791,21787,Self-Employed,669,4414469,7,50,13.9,2.52,1,30,1
129329,17272,Self-Employed,655,4173189,9,37,12.29,1.52,1,19,0
173687,59466,Student,661,4164971,2,24,17.79,1.84,3,22,0
25505,10076,Salaried,654,4221397,12,27,13.32,2.91,1,17,0
179487,19538,Salaried,675,2433890,2,51,13.75,1.24,1,21,1
75438,23936,Salaried,719,4732346,3,59,15.27,1.12,1,17,0
61790,816,Self-Employed,764,371688,1,54,13.1,2.28,1,18,1
169348,55222,Student,682,2865031,12,26,10.63,2.43,1,19,0
196154,76326,Salaried,697,3003503,10,58,13.6,1.54,1,16,0
116454,20742,Salaried,683,1494369,1,54,17.47,1.03,2,12,0
107276,14951,Salaried,709,4262634,11,35,12.39,2.45,1,14,0
75989,13823,Salaried,734,1430324,10,34,14.96,2.18,2,12,1
102951,41051,Self-Employed,606,1541729,12,26,17.79,2.69,3,27,0
25080,4045,Salaried,664,3426381,5,57,16.38,2.61,1,28,0
154565,2344,Self-Employed,708,3541132,3,52,14.76,1.01,1,19,0
40393,13692,Salaried,701,2098974,14,23,15.49,2.58,2,18,0
64941,580,Self-Employed,657,1733728,5,23,17.4,0.94,1,16,1
163716,7047,Salaried,707,3320789,7,42,17.62,2.66,2,10,0
130990,4314,Self-Employed,610,399912,8,42,17.71,2.43,2,19,1
32786,4376,Self-Employed,731,3371158,3,30,14.44,1.92,1,11,0
168265,16791,Self-Employed,705,4262780,7,23,12.15,2.11,3,15,0
122474,45875,Salaried,682,4250630,3,32,9.76,0.76,3,30,0
179814,45678,Salaried,670,754148,1,49,12.16,0.6,3,15,0
127962,14965,Salaried,734,1034384,6,37,17.46,1.33,2,17,0
89860,7539,Salaried,845,4223756,3,27,16.95,2.55,2,27,0
99392,958,Self-Employed,718,4327712,2,33,13.47,1.66,1,16,0
184567,26592,Self-Employed,662,4501291,14,22,13.6,1.06,2,27,0
123798,45813,Salaried,646,376741,1,24,11.43,2.59,3,10,0
20177,7185,Salaried,645,2465557,4,30,12.82,1.07,1,23,0
136975,39802,Student,754,1566772,5,59,15.29,2.54,3,29,0
79652,3128,Student,684,3842923,10,44,12.32,1.63,1,16,0
196568,77641,Self-Employed,668,1286480,3,37,10.29,1.66,3,29,0
20530,3088,Self-Employed,745,2383121,6,26,13.64,1.18,1,16,0
21522,200,Salaried,621,4879016,8,39,10.64,2.75,3,13,0
72630,10870,Salaried,692,4122692,5,25,17.76,0.72,2,14,0
128860,49512,Salaried,749,3557626,9,52,12.21,0.86,3,30,0
102705,35522,Self-Employed,738,2003024,10,30,17.14,2.09,1,10,0
144925,25818,Salaried,753,2351164,11,29,10.64,2.63,3,29,0
139779,36511,Student,745,1334049,4,47,10.3,0.74,2,12,1
146994,36167,Self-Employed,641,1935269,9,33,14.36,2.33,1,22,0
160639,20343,Self-Employed,680,3879514,9,39,15.9,2.36,2,16,1
180120,47578,Self-Employed,643,212795,12,41,13.88,1.95,3,15,0
52622,9066,Self-Employed,810,2230603,14,44,10.68,1.72,1,15,0
98537,37922,Salaried,669,2129189,12,58,8.86,1.3,3,11,0
69617,17756,Salaried,703,3502875,8,24,14.37,1.38,1,25,1
140038,5674,Salaried,692,2659674,6,44,9.74,2.19,2,15,0
143390,26678,Salaried,711,1067137,8,55,11.76,0.66,2,17,0
118845,36673,Student,721,755335,4,23,14.92,1.96,2,30,1
100487,37888,Student,709,3468047,3,24,9.43,1.2,3,20,1
142412,53947,Salaried,708,2704576,11,57,9.71,1.67,1,27,0
191025,75624,Salaried,781,3276040,9,55,9.09,1.9,2,15,0
199421,61241,Student,659,2800363,14,51,17.96,2.71,3,23,0
145370,29808,Student,671,1638294,11,45,12.18,1.95,3,24,0
84120,31088,Salaried,750,2908603,14,33,17.11,1.07,1,20,0
98640,28443,Self-Employed,637,772299,4,24,11.29,0.7,2,24,0
172250,46994,Self-Employed,676,809334,5,34,15.66,2.07,3,22,1
45714,3602,Self-Employed,687,1165391,14,33,10.58,1.86,2,15,0
53419,9966,Salaried,604,1856286,8,47,13.23,2.18,1,13,0
36754,4223,Salaried,708,2403074,13,26,16.33,1.65,2,23,0
28533,10368,Salaried,631,3668424,6,37,16.26,2.56,2,22,0
156586,20617,Salaried,699,309207,11,56,16.05,2.8,3,19,0
15608,768,Salaried,636,4161882,11,55,16.33,0.6,3,21,0
194410,39543,Salaried,738,4869712,7,37,10.51,2.36,1,17,0
72277,11378,Salaried,677,1859711,11,22,13.08,0.59,1,29,0
40702,9942,Self-Employed,703,2031318,8,33,13.11,1.61,1,14,1
160494,55233,Salaried,694,954980,7,22,16.96,1.65,3,11,1
79756,28517,Self-Employed,744,1641248,10,48,11.32,2.24,1,29,0
78182,20598,Salaried,732,4246319,11,46,17.35,1.38,1,21,0
68901,8541,Salaried,642,165196,8,42,12.78,2.55,3,15,0
29294,7775,Salaried,677,3297102,3,23,14.86,1.36,1,24,0
130156,51067,Salaried,626,3938829,9,55,11.05,1.36,3,27,0
35861,95,Salaried,681,1962042,5,32,12.4,1.06,1,27,0
169471,23758,Salaried,648,4133297,7,44,15.24,2.21,3,19,1
113041,11411,Self-Employed,728,3359497,11,25,13.37,0.69,2,16,0
72848,14157,Salaried,673,511736,13,40,17.34,1.41,3,19,1
84344,8680,Self-Employed,734,3612271,3,59,15.5,1.17,3,14,0
40826,6118,Self-Employed,689,2421892,8,59,13.86,1.07,3,25,0
106679,3817,Salaried,725,2136093,6,33,16.92,0.65,1,28,1
116627,40414,Salaried,657,505181,4,32,14.82,0.98,3,12,0
150191,47866,Salaried,790,1868034,2,33,14.65,1.62,3,16,0
181909,41253,Salaried,720,4918324,10,30,10.84,1.76,1,28,1
77402,26067,Self-Employed,782,3336823,9,53,12.25,1.17,2,21,0
71834,16911,Salaried,666,984728,2,36,14.99,2.13,3,19,0
15234,113,Salaried,674,4771730,9,55,16.97,1.34,1,14,0
195634,66,Self-Employed,705,2348064,2,23,11.5,1.42,2,11,0
128841,34656,Salaried,698,1559090,2,25,10.55,2.46,3,12,0
15002,683,Salaried,672,585209,5,46,14.14,1.88,2,23,0
102301,26989,Salaried,735,497495,2,31,9.14,2.88,3,24,0
131979,11084,Self-Employed,631,3657044,14,27,15.29,1.4,3,29,0
21179,904,Salaried,708,4281132,13,30,15.18,2.57,2,22,0
190795,41738,Salaried,657,2181521,4,54,11.87,2.35,2,26,0
63512,3675,Student,766,2671671,6,23,16.98,2.73,2,29,0
199810,63150,Salaried,697,621923,11,28,13.27,2.89,3,13,0
177892,50503,Self-Employed,625,2925208,10,51,14.63,0.52,3,28,0
182039,10090,Salaried,797,3045763,3,31,10.49,0.72,1,24,1
41496,11159,Salaried,700,1706784,4,27,12.46,2.19,1,24,0
112333,13696,Self-Employed,707,4101749,2,22,16.69,1.48,1,18,0
150662,18236,Salaried,658,3182060,9,26,10.52,2.55,3,12,1
196679,25773,Salaried,635,2695931,1,52,12.21,0.53,2,11,0
180944,17328,Self-Employed,633,3073762,7,40,11.52,2.52,1,16,0
69888,774,Self-Employed,622,4305790,6,54,9.94,0.84,3,18,0
107527,3388,Self-Employed,625,1772060,14,36,11.25,1.23,2,14,0
163300,19049,Salaried,660,1311783,6,45,10.71,2.92,1,26,1
142273,50521,Salaried,756,1127373,3,32,17.27,0.63,2,12,1
30410,4566,Self-Employed,601,2068130,6,27,15.54,1.37,2,18,0
97443,25230,Student,657,3411673,6,59,11.5,0.71,1,17,0
199263,36850,Salaried,684,311736,1,37,15.75,2.63,1,18,0
188766,63826,Salaried,762,3047678,10,31,8.71,2.26,3,26,0
195017,74435,Salaried,727,2049100,7,26,13.5,2.5,2,17,0
34939,8484,Salaried,655,1781293,1,43,10.88,1.82,1,30,0
195260,66980,Self-Employed,760,2400378,14,47,9.59,1.39,1,23,0
139700,13268,Salaried,664,4167128,11,26,16.9,0.51,2,25,1
19302,3946,Salaried,783,4701407,8,58,10.39,1.19,2,27,0
198240,37062,Salaried,686,4661119,6,22,16.31,1.79,2,26,1
133886,29219,Salaried,646,1130011,7,42,12.43,2.16,1,16,1
67434,7892,Self-Employed,758,1846695,13,40,8.64,1.07,1,29,1
54907,15479,Salaried,805,4252078,2,45,15.46,0.85,3,24,0
121332,13749,Salaried,670,2859059,8,35,14.17,1.0,2,16,1
104398,39441,Salaried,699,1399725,3,49,11.77,1.39,1,11,0
148286,30973,Salaried,689,3251029,14,28,11.17,0.87,1,11,0
145271,47693,Self-Employed,681,3853542,2,57,9.2,0.89,2,16,0
130455,11575,Salaried,719,3510448,5,53,17.44,0.61,1,28,0
31469,1578,Salaried,717,3412434,4,42,13.19,2.64,2,15,0
43389,15588,Salaried,691,2195123,14,25,9.31,1.05,1,21,0
34235,1397,Student,665,3203713,4,59,16.75,2.55,2,24,0
45119,15364,Salaried,733,3477103,3,38,11.15,1.6,2,22,0
119265,31143,Salaried,754,1952550,7,58,10.43,2.08,1,16,0
155105,34971,Salaried,784,2727375,12,57,11.17,0.69,2,16,0
123205,38434,Salaried,630,323668,6,50,13.86,1.96,3,24,0
179538,55602,Salaried,693,3065881,13,51,9.2,1.22,3,13,0
115508,2228,Self-Employed,665,4144800,3,30,13.08,0.74,2,12,0
78239,5932,Salaried,690,2721429,5,35,17.01,2.77,3,10,0
160312,17841,Self-Employed,710,4365537,4,38,10.29,2.01,1,16,0
199373,69919,Self-Employed,685,4941692,12,43,11.65,1.1,1,18,0
70242,3488,Salaried,657,2620609,3,53,12.26,1.55,2,10,0
134481,11539,Salaried,669,3461570,10,36,14.07,1.39,1,14,0
34553,2864,Salaried,713,2638773,9,58,17.23,2.25,1,24,0
161444,62200,Salaried,699,698802,7,55,12.25,2.02,3,13,0
36947,5124,Self-Employed,797,3878210,7,54,9.16,0.55,1,19,0
174308,53329,Salaried,667,750760,5,48,11.81,0.99,1,11,0
72199,21120,Salaried,655,1203033,5,22,10.31,1.7,3,16,1
65224,20305,Self-Employed,627,99130,14,50,14.69,1.61,2,28,0
84505,1488,Salaried,678,412635,11,33,8.78,1.79,2,15,0
24788,365,Salaried,643,331579,4,36,11.27,2.29,3,24,0
153231,38253,Student,684,3047772,10,25,13.68,2.21,3,29,0
80344,29787,Salaried,750,461266,13,48,11.13,1.43,1,21,0
48899,810,Salaried,705,2918133,7,59,13.73,2.69,1,20,0
193475,52175,Salaried,697,2928667,5,40,9.59,0.66,2,12,0
148076,44729,Self-Employed,789,1926320,7,44,17.46,1.96,2,29,1
179903,66931,Salaried,677,2278276,9,47,11.26,2.87,3,26,0
50554,14675,Self-Employed,553,773321,4,50,17.27,1.87,1,16,0
120315,2627,Salaried,714,2556733,3,47,11.6,1.64,3,27,0
104538,8701,Salaried,742,1657602,12,46,15.93,0.83,2,26,1
171381,27010,Salaried,690,2607723,5,27,10.84,2.53,2,25,0
87404,9125,Salaried,646,2309551,8,58,14.86,1.43,3,11,0
146032,7072,Salaried,693,1115349,1,25,11.58,2.25,1,14,1
125069,9537,Salaried,681,1069601,1,43,13.34,0.99,1,30,0
115541,24780,Salaried,735,2487208,12,48,14.9,0.6,3,22,0
124938,16715,Salaried,752,4605173,8,54,14.09,1.26,2,20,0
167746,39092,Self-Employed,701,2453731,3,35,13.97,1.2,3,10,0
138579,45586,Salaried,613,3205287,11,52,9.12,2.68,3,12,0
112757,32156,Salaried,606,58735,9,46,10.87,2.66,1,27,0
88742,26042,Salaried,602,4188342,4,51,13.93,1.83,2,30,0
143599,35042,Salaried,802,2983339,12,39,8.67,0.55,2,13,1
61329,21753,Salaried,680,1107299,7,29,10.88,1.07,1,18,0
77058,3676,Self-Employed,745,4377642,9,49,10.68,2.1,2,20,1
114622,2552,Salaried,730,1858960,2,59,10.87,0.75,2,26,0
102359,2526,Self-Employed,683,1656353,13,24,13.59,2.25,1,20,0
112493,1345,Salaried,754,1267229,8,23,14.03,0.53,2,12,1
55077,10891,Salaried,768,4274121,12,49,17.14,2.21,2,28,0
195188,15538,Self-Employed,725,1378683,11,31,12.17,2.61,3,29,0
111527,18401,Self-Employed,721,3472373,10,53,17.3,1.67,2,30,0
62948,12838,Self-Employed,713,3829945,10,58,14.69,2.57,3,20,0
152282,51716,Self-Employed,709,1820059,4,31,17.17,2.45,3,23,0
51426,15845,Salaried,665,2228836,10,47,16.42,2.18,3,15,0
136742,29351,Salaried,727,463824,8,53,15.03,1.61,1,28,0
82644,15476,Salaried,745,1073572,10,41,11.88,1.18,1,30,0
57836,14411,Salaried,740,1960057,10,59,10.79,2.65,2,24,0
149151,59098,Self-Employed,734,4361564,10,51,10.61,2.12,3,20,0
155238,60631,Student,702,3015577,6,58,17.55,2.5,2,27,0
158271,17280,Self-Employed,698,870022,9,22,17.61,1.88,2,13,0
17139,3849,Salaried,762,1343222,10,47,15.39,0.93,2,28,0
69241,20263,Student,744,3212767,7,56,16.9,2.95,2,12,0
51783,16584,Self-Employed,702,3895111,4,31,17.23,0.96,2,21,0
175925,44373,Self-Employed,695,4595464,13,38,13.36,2.78,3,13,0
126606,50342,Salaried,653,4795187,9,21,14.48,1.02,3,21,0
60432,6043,Self-Employed,662,4860138,12,55,12.48,1.43,3,10,0
49845,16979,Salaried,733,3743364,12,55,12.48,1.6,3,25,0
72669,4972,Salaried,647,4162816,12,51,8.87,2.8,1,30,0
164944,45649,Salaried,752,2235143,6,48,12.62,2.72,3,11,1
194353,69014,Self-Employed,657,4369555,6,59,14.9,2.56,3,12,0
119065,13149,Salaried,689,3295982,8,21,12.51,1.44,3,25,0
167958,4671,Salaried,764,845785,2,45,16.79,0.51,1,19,1
97717,10008,Salaried,666,217098,14,58,11.66,2.2,2,18,0
50567,1149,Self-Employed,754,4492722,7,40,9.76,1.53,1,23,0
98610,6328,Salaried,677,3562228,3,23,16.21,2.39,3,17,0
29275,10414,Salaried,615,3745380,2,22,14.9,2.49,3,11,0
87906,19490,Salaried,749,2037382,13,38,10.8,1.6,1,20,0
58189,4303,Self-Employed,650,3781833,11,30,13.6,2.37,2,11,0
149536,23364,Salaried,732,2988475,1,25,12.32,2.6,1,24,0
64431,6215,Salaried,669,1399790,6,29,17.42,2.82,1,27,1
26902,9049,Student,634,483756,14,22,14.27,1.96,3,14,0
184726,26432,Self-Employed,712,1569959,9,54,10.0,2.45,1,16,0
137510,34323,Salaried,675,3421352,13,58,13.27,1.74,1,28,0
53461,14235,Self-Employed,647,107969,3,51,16.69,0.6,1,28,0
153801,44684,Self-Employed,748,4091249,8,30,14.88,0.89,1,25,0
152368,14026,Self-Employed,708,1812457,11,32,16.5,0.82,1,28,1
100059,10371,Self-Employed,723,2669656,10,56,10.88,0.93,1,26,0
84159,21378,Salaried,701,683151,14,41,16.94,0.53,3,22,1
143390,42732,Salaried,746,2322454,9,26,15.68,2.65,3,17,1
187538,62423,Salaried,651,2616866,4,23,15.42,1.9,3,20,1
97540,38958,Self-Employed,702,1064649,14,30,11.79,1.46,3,27,1
185553,22458,Self-Employed,665,2700337,5,25,16.93,1.52,1,20,0
144677,33795,Salaried,709,895502,1,46,14.56,1.66,1,18,1
191499,7800,Salaried,707,4032069,13,41,16.59,0.68,1,23,0
99753,35829,Salaried,707,4308871,5,46,11.93,1.19,1,11,1
100163,7657,Student,674,979764,1,58,9.88,2.63,3,26,0
44081,14058,Salaried,602,1242034,9,46,11.66,2.36,3,30,0
56150,18117,Self-Employed,762,3059921,2,28,12.83,1.91,1,25,0
126830,34932,Salaried,631,3529846,1,25,13.57,1.7,1,14,0
59851,5842,Self-Employed,735,4280982,14,35,13.35,1.15,1,10,0
43701,11632,Self-Employed,711,2129029,13,36,13.69,1.68,1,18,0
74557,26091,Self-Employed,669,3114848,14,21,16.5,1.99,2,12,0
69887,11210,Self-Employed,611,3176215,2,36,10.12,2.28,2,23,0
44856,14222,Salaried,693,203312,14,57,11.5,0.92,2,27,0
150080,15954,Self-Employed,629,3594137,7,23,16.94,2.53,2,21,0
39305,10611,Student,749,1138769,9,51,13.82,1.36,1,23,0
181614,33243,Salaried,746,2289155,8,33,14.04,1.76,1,25,0
72040,26473,Salaried,685,4356133,5,36,13.04,2.02,1,14,0
20000,5180,Student,626,1152336,6,41,13.72,1.72,2,29,0
143557,9792,Salaried,645,595427,12,22,10.38,1.93,2,29,0
180629,28976,Salaried,651,2662303,13,47,13.7,0.78,1,24,0
63142,23126,Salaried,693,3761803,10,58,17.97,1.58,2,18,0
54164,20678,Student,768,821822,9,46,13.88,1.2,3,26,0
56445,362,Salaried,724,4649068,6,58,8.92,0.72,2,21,0
188765,34319,Salaried,647,2959446,12,45,16.07,0.98,2,22,0
114847,5721,Salaried,574,71241,8,31,12.27,2.01,2,19,0
43950,10668,Self-Employed,716,1503055,1,28,9.96,0.99,2,16,0
122885,38060,Self-Employed,682,3698672,10,28,16.69,0.95,1,30,0
99099,27392,Salaried,720,3843794,5,53,10.38,1.88,3,16,0
56208,19016,Salaried,692,3439975,8,27,17.25,2.76,1,17,0
137978,15171,Salaried,723,3974074,13,58,12.7,2.47,2,24,0
39621,10635,Self-Employed,682,3887654,6,41,15.56,2.76,2,30,0
112403,27910,Salaried,751,4422163,5,28,13.7,1.96,2,27,0
165773,45556,Self-Employed,695,2184187,14,41,10.94,1.52,2,10,0
36102,4814,Salaried,629,2154389,2,40,14.88,2.32,2,19,0
34640,9628,Salaried,606,2301031,3,28,17.6,1.15,3,28,0
183382,30089,Salaried,651,881485,9,51,15.81,0.7,1,12,0
161459,20672,Salaried,682,3642932,1,49,14.24,1.36,2,16,0
35721,9701,Salaried,664,1841035,9,29,17.91,1.25,3,13,0
158460,11049,Salaried,748,1819744,2,35,11.02,2.19,1,14,0
156369,56054,Salaried,803,708936,3,50,9.09,1.88,1,15,0
191172,1281,Salaried,697,502297,4,46,8.81,0.85,1,19,1
49343,9561,Salaried,698,4191215,2,30,15.25,2.77,2,21,0
191028,3187,Salaried,731,2076953,3,49,16.39,1.98,2,23,0
176692,64156,Salaried,695,2301964,13,36,14.53,1.64,3,11,0
21870,2162,Salaried,741,904950,12,56,17.1,2.84,3,12,0
186667,66171,Salaried,656,2059164,11,40,15.13,0.74,1,10,0
84158,23799,Salaried,691,2046785,3,57,12.02,2.47,2,12,0
188975,6132,Self-Employed,694,1399455,3,42,10.22,1.41,1,24,0
186746,46207,Salaried,746,3270387,13,27,17.28,2.24,1,25,1
121369,13304,Salaried,674,244626,5,43,9.48,2.83,3,29,1
72335,24185,Salaried,654,3841505,13,49,13.66,1.79,2,11,0
136516,36391,Salaried,609,1097071,8,36,11.48,0.56,3,29,0
36339,2113,Salaried,800,4976939,2,58,11.08,0.57,2,25,0
142506,33247,Student,794,3678422,10,48,14.64,1.33,1,24,0
59722,14302,Salaried,747,431729,8,58,10.7,2.45,1,16,0
33605,7474,Salaried,720,1274933,6,51,17.21,1.22,1,14,0
19667,1960,Self-Employed,731,3180631,11,34,12.36,1.34,2,14,0
121594,47576,Salaried,727,4357564,7,53,14.94,2.46,1,30,0
166259,52907,Salaried,684,2481292,3,29,15.41,0.79,2,18,1
166416,3541,Self-Employed,609,2415844,2,47,14.99,2.62,2,23,0
120481,1314,Self-Employed,658,4504729,9,44,17.08,1.16,3,28,0
180625,42408,Salaried,694,115897,4,33,10.7,0.63,1,27,0
170977,3141,Self-Employed,675,4937837,8,46,9.32,0.79,3,18,1
49128,623,Salaried,685,4360503,11,49,9.03,2.88,2,12,0
37303,7929,Salaried,743,3921121,8,48,16.84,1.63,1,20,0
60209,2692,Salaried,715,3890844,1,48,17.75,1.14,1,24,0
153711,58636,Student,729,1567996,5,28,11.37,1.8,2,13,0
81811,28938,Salaried,643,4392376,13,43,15.09,2.21,1,30,0
74562,22167,Salaried,739,2360877,14,49,8.58,1.3,2,14,0
80997,24713,Salaried,726,1390172,1,25,10.29,2.31,1,27,0
163902,47988,Salaried,652,71781,2,27,15.05,1.13,1,21,1
25549,7589,Self-Employed,721,4350826,13,56,9.13,0.78,2,10,0
144662,19451,Salaried,684,2197602,4,47,12.95,1.87,3,29,0
64373,25028,Salaried,696,771831,6,22,14.79,0.88,2,11,0
15364,5508,Self-Employed,787,3453572,1,45,15.78,2.85,1,18,0
26924,9010,Salaried,725,4067471,12,29,12.81,0.5,2,27,0
196691,32647,Self-Employed,749,412162,4,47,14.49,2.39,2,14,1
111663,42388,Salaried,661,770567,11,21,13.63,1.2,2,23,1
158394,6142,Self-Employed,593,4494388,7,43,9.0,2.62,1,20,0
131199,21284,Salaried,649,277342,6,30,15.56,0.65,3,30,0
129867,588,Salaried,781,965024,13,45,10.14,2.88,3,12,0
120391,20437,Self-Employed,759,3323397,14,23,8.8,0.75,1,18,0
27646,3926,Student,711,3466125,1,26,12.79,2.47,3,11,0
168071,15443,Salaried,659,4213228,11,26,16.72,1.79,2,23,1
77485,16979,Salaried,706,3107447,2,22,9.93,1.58,2,11,0
42877,6230,Salaried,714,197548,4,38,8.62,1.2,3,30,0
36087,7741,Salaried,721,3287387,7,43,9.54,2.6,3,19,0
197682,50258,Salaried,723,790823,10,22,11.95,1.0,3,28,0
82618,13553,Salaried,648,312870,6,32,14.01,2.3,2,11,0
45666,6083,Self-Employed,731,3171718,3,42,10.33,1.61,2,25,0
19970,6822,Student,698,3202858,3,57,16.12,3.0,1,15,0
177258,26813,Student,744,3663685,6,40,15.66,2.03,1,21,0
98724,3325,Salaried,748,151661,4,59,15.11,0.76,2,16,0
120388,992,Salaried,713,925750,12,44,13.13,1.55,2,13,1
135218,48797,Salaried,685,352149,6,40,11.97,0.67,1,17,0
124637,19177,Self-Employed,706,3856565,6,21,12.07,1.21,1,28,0
184264,6207,Self-Employed,718,51282,3,21,13.28,1.36,2,19,0
102623,36381,Salaried,690,1429639,2,37,9.23,2.63,3,10,0
173526,29,Student,717,4712702,12,21,14.98,2.59,2,14,0
24038,8398,Salaried,723,2232202,14,50,11.84,0.53,3,15,0
101611,23052,Self-Employed,719,3503482,3,23,10.64,1.83,2,28,0
101770,25124,Self-Employed,703,2839209,12,31,11.14,1.06,1,27,0
116567,25382,Salaried,732,1366691,3,44,10.21,1.3,1,28,0
22272,7088,Salaried,742,632448,3,42,17.06,0.55,1,28,0
194520,34937,Student,683,286702,6,46,10.11,2.37,2,10,0
42603,11003,Student,691,1576879,13,33,16.89,2.88,2,29,0
58911,4882,Salaried,687,1700392,13,21,13.94,1.05,2,20,0
39620,346,Salaried,730,3736215,7,44,16.74,1.35,3,12,0
44029,5000,Salaried,679,2706623,10,30,13.0,1.02,2,19,0
103672,31422,Salaried,658,3744629,2,55,17.31,2.83,3,16,0
104038,21996,Student,697,3648669,5,44,10.51,0.52,3,26,0
104388,32971,Self-Employed,714,4466531,5,48,13.77,1.96,3,25,0
166292,52883,Self-Employed,749,3973113,14,56,9.7,2.68,1,16,0
46085,519,Salaried,730,1441497,3,36,12.75,0.97,3,22,0
139481,44574,Salaried,690,4237406,9,36,13.91,1.97,3,21,1
183857,52301,Salaried,607,2712851,14,37,14.25,0.63,1,21,0
30710,8097,Salaried,817,1342473,12,35,11.97,2.54,3,17,0
185126,4588,Self-Employed,694,2015668,5,36,9.23,1.19,2,17,0
197064,76666,Self-Employed,736,1432082,8,35,14.73,2.97,2,22,0
190544,65602,Self-Employed,701,2696853,6,54,13.14,2.81,1,20,1
92113,24517,Salaried,671,1030146,7,31,9.8,2.33,1,10,0
71170,15832,Student,731,2467237,9,21,17.39,1.74,3,26,0
65465,13263,Salaried,651,4002297,1,35,17.58,2.42,3,28,0
25199,8304,Self-Employed,734,3772499,12,46,16.64,0.83,3,22,0
26111,6652,Self-Employed,748,3233934,9,24,16.52,1.28,1,24,1
120992,5893,Student,723,368351,2,25,9.44,0.57,3,21,0
191838,29986,Student,662,160520,7,55,17.94,2.11,2,30,0
40443,1382,Self-Employed,820,536190,8,33,12.3,2.51,2,26,0
39693,2526,Salaried,645,729502,5,30,10.05,2.87,3,12,1
157111,33170,Salaried,792,3089008,14,31,16.21,2.22,1,16,1
126260,21207,Self-Employed,815,3958562,9,38,10.64,2.33,2,11,1
60598,4105,Self-Employed,753,1723940,13,54,13.5,2.74,1,11,0
104797,20382,Self-Employed,656,3190874,4,59,9.72,2.84,2,15,0
181164,42339,Self-Employed,760,3834333,13,43,13.01,1.73,3,13,1
160518,9259,Salaried,677,2268394,7,27,13.8,0.77,3,25,0
163259,58537,Salaried,645,3193981,4,59,12.74,1.67,1,24,0
95665,11042,Student,779,4675883,2,23,9.16,1.89,3,19,0
15269,5173,Salaried,640,2130353,9,32,13.11,2.08,1,23,0
39284,5636,Self-Employed,705,2752553,9,27,12.95,2.97,1,18,0
141942,15172,Salaried,733,4847865,6,46,10.99,2.79,2,24,0
99346,16097,Salaried,638,1488968,14,53,17.26,1.49,2,16,0
91652,6599,Student,642,4660558,7,57,12.47,0.78,3,16,0
113225,38200,Salaried,702,1506422,10,35,16.71,1.04,1,17,0
62068,17570,Student,619,3753139,8,22,9.54,0.93,2,28,0
30581,7543,Salaried,695,894967,12,27,11.53,1.39,3,27,0
192872,72853,Student,662,4065628,14,52,10.18,2.69,3,26,0
25476,7417,Salaried,660,2435317,10,24,12.38,1.59,2,27,0
64172,12592,Student,673,3688257,13,40,9.56,1.92,3,28,0
185980,54439,Self-Employed,780,3321071,8,56,12.69,0.95,2,30,0
66604,6508,Salaried,651,61933,10,52,11.86,1.73,1,17,0
68256,10754,Salaried,710,1270687,4,48,10.62,2.68,3,22,0
139639,17361,Self-Employed,744,678644,5,33,14.6,2.43,1,20,1
19390,1153,Salaried,697,3041890,11,21,17.53,0.7,2,28,0
83492,29171,Salaried,694,3311245,6,55,10.47,2.66,1,16,0
138609,25476,Self-Employed,691,1141294,1,50,15.26,1.18,2,14,0
82391,27785,Salaried,654,2772016,6,56,15.55,2.16,3,14,0
107550,3162,Salaried,751,3025874,11,45,13.23,0.87,3,17,1
192537,8173,Salaried,662,4383293,12,36,17.03,2.19,3,19,0
156964,36491,Self-Employed,766,1907580,6,39,17.68,0.59,1,14,1
120106,4631,Salaried,752,3620676,11,21,11.94,2.0,1,24,1
59598,15496,Salaried,702,268762,3,25,14.68,2.11,1,25,0
100949,35746,Student,670,1006049,14,42,14.79,1.11,2,19,1
20572,2192,Salaried,687,2878471,3,44,12.33,2.84,3,17,0
37617,8900,Self-Employed,673,2263228,11,57,11.51,0.61,1,28,0
194938,53253,Salaried,607,1442083,7,56,17.37,2.73,2,13,0
86588,853,Salaried,761,4398252,10,56,16.0,1.45,1,23,0
107664,11963,Salaried,678,245715,7,24,9.59,2.28,2,17,1
162245,7670,Self-Employed,648,2037360,11,56,9.64,2.13,3,30,0
38257,6485,Self-Employed,792,2997327,4,38,17.26,0.92,1,23,0
55020,7799,Salaried,724,2619379,4,36,9.27,1.3,3,21,0
186765,69544,Salaried,650,2402981,13,38,15.04,1.82,1,10,0
132285,23051,Self-Employed,767,1895261,7,42,10.65,2.62,2,28,1
30604,1715,Student,727,1836467,14,22,8.83,2.89,3,27,1
17670,4094,Salaried,744,4420965,10,41,9.07,0.55,1,21,0
96052,31453,Student,746,524661,10,56,12.05,1.38,1,19,0
51138,2484,Self-Employed,749,2842685,11,59,9.24,2.17,3,30,0
18384,3072,Salaried,721,2508197,14,59,14.17,1.82,2,10,0
80231,18720,Self-Employed,729,211899,4,49,14.65,2.86,3,23,1
108850,13088,Salaried,599,1388868,1,46,12.05,0.54,1,18,1
129035,48332,Salaried,767,706914,4,41,15.56,1.59,3,24,0
81207,28680,Student,690,93437,12,37,13.16,2.17,3,30,0
136666,26596,Salaried,727,206823,8,36,12.59,1.04,2,23,0
24474,534,Salaried,682,4180930,3,51,12.37,2.31,2,18,0
169957,36460,Salaried,811,1987371,11,29,12.6,0.7,3,20,1
192110,49725,Salaried,622,4287817,6,51,17.69,1.63,2,14,0
156495,2216,Salaried,671,121872,4,34,14.97,2.19,2,21,1
39094,9371,Salaried,693,1152729,2,57,11.49,1.17,1,25,0
165274,13086,Salaried,701,4197315,1,22,15.47,0.68,2,29,0
174809,41486,Salaried,649,1889169,14,34,11.64,2.89,3,12,0
137765,119,Self-Employed,684,2815086,9,53,9.69,2.78,3,14,0
64502,10394,Salaried,743,4922631,6,55,13.02,2.82,1,28,0
39623,10468,Salaried,682,2062125,1,59,15.63,2.95,1,14,0
125520,16321,Salaried,672,4855662,11,40,12.09,0.96,1,27,0
125248,11822,Salaried,777,2313553,4,22,16.76,0.89,3,13,1
39358,5449,Salaried,674,3051728,5,39,12.18,0.59,3,24,0
64698,17367,Salaried,722,3308299,12,57,11.82,2.73,2,14,0
98835,26761,Salaried,667,3654397,11,38,17.98,2.38,1,17,0
63013,11784,Self-Employed,745,4403604,13,36,13.08,2.08,2,25,0
157885,59913,Self-Employed,610,609145,10,24,16.15,2.82,2,10,1
90682,3275,Salaried,660,417921,3,32,16.15,1.94,3,14,0
45678,6653,Salaried,709,739757,5,49,17.3,0.82,2,27,1
193584,53869,Self-Employed,710,93675,13,27,9.31,0.94,1,25,1
188292,10962,Salaried,685,328977,8,34,11.08,0.83,1,19,0
135661,5328,Self-Employed,739,274438,12,32,15.79,1.27,3,13,1
45118,3461,Self-Employed,642,817995,12,55,13.84,1.45,3,27,0
74228,5530,Salaried,722,1504493,14,25,13.82,2.49,3,26,0
167394,46516,Salaried,619,3341101,6,37,10.08,0.98,1,30,0
145383,22342,Self-Employed,690,4785266,14,52,11.17,2.31,3,22,0
183367,34325,Self-Employed,733,2820474,9,30,13.45,1.73,1,17,0
19479,2933,Self-Employed,731,2235979,8,37,11.13,3.0,2,17,0
157560,5404,Salaried,722,1035716,13,25,10.5,2.44,3,21,0
110105,42493,Salaried,683,2610858,9,29,9.33,2.92,3,27,1
162805,36730,Student,736,4485417,6,53,9.98,1.36,3,15,0
30518,851,Salaried,660,2193425,6,56,15.8,0.81,1,16,0
93353,11560,Student,690,1573894,3,56,15.33,1.76,2,26,0
59417,5568,Salaried,654,4001212,10,38,8.94,0.81,3,14,0
34499,8392,Salaried,711,4844089,8,29,10.43,1.73,2,28,0
163688,4967,Self-Employed,739,4632298,7,49,13.82,1.17,3,17,0
141547,12182,Self-Employed,724,3312938,8,34,11.56,1.73,1,28,0
197261,15988,Salaried,626,2373374,10,45,16.32,2.87,2,17,1
90073,21028,Self-Employed,680,4397217,3,35,15.96,1.22,2,30,0
63617,19029,Salaried,754,3981286,9,26,16.97,2.98,3,28,0
100554,26074,Salaried,635,3880966,14,49,13.85,1.07,2,16,0
154035,2645,Self-Employed,745,2208117,4,35,11.84,1.02,1,12,0
88061,25550,Self-Employed,780,406757,6,49,14.26,1.86,2,15,0
143020,41343,Student,676,4054070,12,24,9.35,2.61,2,17,0
166597,41181,Salaried,680,886852,10,38,8.59,2.37,2,27,0
177700,24790,Self-Employed,629,1077450,1,59,8.66,2.31,2,24,0
122107,48303,Self-Employed,649,3695077,11,36,12.37,1.21,3,26,0
177702,1106,Salaried,672,3335219,12,31,10.67,0.56,3,13,1
71329,8140,Salaried,707,597043,5,34,9.99,0.9,2,16,1
187646,28356,Salaried,736,3966600,13,23,14.35,1.37,2,26,0
93205,31935,Salaried,751,3691280,14,58,17.95,2.93,1,15,0
48314,10745,Salaried,676,3776021,4,38,10.19,2.8,3,22,0
103650,32784,Student,723,3089577,9,40,13.69,1.0,3,16,0
160720,15241,Self-Employed,717,4329674,10,45,9.64,2.31,3,18,0
148820,42316,Salaried,675,2003901,3,58,17.38,1.95,2,28,0
73989,7940,Salaried,700,3868269,3,33,11.27,0.62,3,29,0
37736,9851,Self-Employed,659,3686038,12,24,16.84,1.43,1,22,0
178760,68990,Salaried,756,3675100,11,34,11.19,1.72,1,24,0
143990,39328,Salaried,622,3835229,14,53,16.16,2.17,1,26,0
139024,21214,Salaried,646,1197342,4,48,10.49,1.24,1,14,1
78935,5916,Salaried,735,3556478,12,57,11.28,2.83,1,28,0
146695,34227,Salaried,665,1899731,8,28,10.33,1.63,3,15,0
179901,33055,Salaried,649,3012316,2,54,11.01,1.12,2,21,0
42092,8870,Salaried,609,1575360,14,25,16.43,1.29,2,24,0
18966,5822,Student,698,1265464,14,25,14.57,2.38,2,24,0
66812,7667,Salaried,720,352815,6,51,12.36,2.1,2,12,1
85000,1845,Salaried,707,1310346,6,29,17.73,2.36,3,13,0
149476,25013,Self-Employed,673,1927257,5,52,12.92,1.23,3,14,1
156301,23478,Salaried,601,926852,7,53,17.71,1.32,3,15,1
29017,9905,Salaried,726,3593509,3,23,10.37,1.49,1,15,0
170393,59541,Self-Employed,660,274318,5,50,17.09,0.97,2,26,1
146918,32392,Salaried,843,3260529,12,32,8.63,2.23,3,17,1
117373,24031,Salaried,709,1743105,10,49,13.68,1.32,3,28,0
132399,9478,Salaried,685,1829348,6,23,12.52,1.32,3,29,0
16304,1630,Salaried,611,1169248,10,46,13.49,1.17,2,30,0
109626,26824,Salaried,709,999329,13,50,13.76,1.63,2,22,0
15827,3231,Self-Employed,652,1075684,12,29,12.2,2.43,1,24,0
23886,3279,Self-Employed,652,1215332,7,46,17.98,2.59,1,26,1
37008,5523,Student,745,475975,9,22,17.78,2.51,1,30,1
131091,4532,Student,712,2807397,5,23,17.64,2.05,2,26,0
21864,7007,Salaried,665,2780384,8,24,17.8,1.2,1,11,0
117944,27154,Student,724,2079270,11,45,16.03,2.34,1,12,1
126157,16916,Salaried,670,609861,3,33,17.89,0.6,3,18,1
138449,39550,Self-Employed,722,4485087,4,59,16.98,2.5,2,15,0
170398,52693,Salaried,697,2911889,6,55,12.45,2.45,1,10,0
93830,10727,Salaried,720,1693895,11,43,15.96,2.18,1,28,0
27147,3552,Salaried,642,591065,7,29,17.16,0.74,2,13,0
159369,1743,Salaried,663,4375797,1,22,15.27,2.99,1,22,0
62350,6808,Salaried,710,269720,11,51,12.52,2.39,2,29,0
109827,28594,Salaried,710,2343350,8,22,9.13,2.34,2,17,0
100640,20393,Salaried,713,1557318,9,52,16.19,0.66,2,14,0
159082,38808,Student,791,2627941,13,38,17.55,1.5,1,19,1
133204,47211,Self-Employed,694,3048641,9,33,11.94,0.72,1,29,0
131473,31961,Self-Employed,645,1344040,1,25,9.94,1.4,1,28,0
78699,20087,Self-Employed,671,2300513,4,30,11.6,1.93,2,21,0
158343,42116,Salaried,672,1533510,13,45,14.03,2.7,1,10,0
63573,9021,Self-Employed,776,3334003,7,54,11.51,1.21,3,18,0
58209,2892,Salaried,695,1485277,1,57,14.3,2.06,2,25,0
144285,53257,Salaried,710,3597413,12,50,17.69,0.91,1,26,0
106311,18101,Self-Employed,672,1739142,14,27,14.87,1.38,2,27,1
165076,5253,Salaried,663,4810240,3,26,11.95,2.87,1,23,0
16286,3860,Self-Employed,849,1351220,3,23,17.39,2.37,2,26,0
94826,2377,Student,742,3430496,11,33,13.87,1.86,3,10,0
191056,25446,Salaried,661,4975081,13,23,9.72,1.13,2,30,0
53992,8689,Salaried,676,4092872,5,46,13.24,1.45,2,24,0
140038,45277,Salaried,772,1815330,8,44,14.71,0.89,2,28,0
66403,6670,Salaried,619,2943870,14,26,16.46,1.38,1,11,0
188377,41750,Self-Employed,789,3299309,3,32,17.4,0.88,2,23,1
199631,71969,Salaried,615,1406736,5,56,11.52,2.49,1,11,0
59713,4212,Salaried,691,4917434,10,22,9.98,0.7,2,24,0
138499,24153,Salaried,746,4477212,9,31,9.2,0.97,1,10,1
141354,18188,Salaried,748,177757,10,59,15.51,2.23,1,10,0
167318,33686,Student,721,3323491,14,54,16.05,2.76,1,21,0
36521,4974,Salaried,712,1529343,14,46,12.39,2.91,1,24,0
25900,97,Student,711,323527,11,38,12.26,2.59,2,27,1
84213,25257,Student,691,4402421,7,41,17.57,1.03,2,24,0
25437,6960,Salaried,675,3051370,2,56,17.21,1.21,1,16,0
198368,33992,Self-Employed,686,4096854,13,42,10.72,2.68,1,21,0
173180,29303,Salaried,712,4507756,9,50,15.92,2.72,1,19,0
33289,11402,Salaried,591,1156249,5,50,14.42,2.1,3,11,0
35062,9745,Self-Employed,653,1232231,1,28,9.97,1.28,3,11,0
37235,7497,Self-Employed,733,2685309,5,54,11.89,1.06,2,15,0
71909,1222,Student,751,1506224,8,29,10.19,2.63,3,29,0
85519,10389,Self-Employed,802,4918414,10,40,11.3,1.01,3,15,0
103209,12406,Salaried,621,2121780,1,45,14.35,2.15,1,19,0
98538,29834,Salaried,694,4786577,3,39,12.07,2.92,1,12,0
174475,58559,Salaried,900,3450069,5,25,12.24,2.26,3,25,1
158491,16791,Salaried,642,3669097,7,31,13.63,1.14,3,14,1
193221,12973,Self-Employed,619,3132507,5,35,9.33,1.21,3,14,0
94850,32,Salaried,662,2012490,11,28,15.52,0.73,1,19,0
31541,11300,Salaried,613,1123844,12,39,12.32,2.22,2,22,0
143578,31473,Student,715,844278,10,43,13.06,1.8,3,12,0
145445,5454,Self-Employed,667,3441128,1,47,17.76,1.02,2,27,0
22762,4197,Salaried,730,3181622,3,52,11.77,1.07,2,28,0
24240,415,Self-Employed,743,3411098,6,46,14.66,0.52,3,15,0
64440,2600,Self-Employed,719,3693301,8,47,12.23,2.95,2,29,0
100332,5323,Self-Employed,674,4889528,9,39,17.0,2.57,1,10,0
18512,5599,Student,703,4619569,2,49,16.54,1.49,3,19,0
137548,10539,Self-Employed,672,4553391,5,59,10.8,2.87,3,19,0
199240,13018,Student,690,2036400,5,53,15.07,2.19,3,10,0
31696,8507,Salaried,660,3457663,12,39,9.12,2.38,3,28,0
96226,29582,Student,770,386599,2,57,17.65,2.2,1,20,0
155378,1677,Salaried,738,4904517,12,39,11.82,2.39,1,22,0
77165,24682,Salaried,728,4902005,5,53,16.4,0.93,2,26,0
130938,27217,Self-Employed,698,1932820,8,36,11.53,1.91,3,29,0
85439,23321,Salaried,681,333418,14,43,14.51,2.62,3,27,1
24031,7248,Self-Employed,658,3928482,10,27,17.84,0.55,2,13,0
53320,3876,Salaried,670,4411935,8,46,16.83,0.81,1,24,0
147173,57373,Salaried,681,3399210,10,52,10.02,1.11,3,11,0
126126,20848,Salaried,638,2595310,3,32,13.7,1.24,2,15,0
18750,3134,Self-Employed,665,3282538,11,28,11.81,0.96,1,18,0
20527,7894,Salaried,804,4542514,7,25,12.63,2.06,2,20,0
193019,54428,Salaried,620,4552697,13,48,11.68,1.24,2,29,0
17794,6528,Self-Employed,682,2195280,3,25,11.69,0.9,1,25,0
150163,19618,Salaried,708,1789738,7,46,13.65,2.76,3,17,0
120664,25872,Self-Employed,595,1717062,14,25,10.32,2.24,1,26,0
146739,57075,Self-Employed,674,1787515,1,42,13.61,1.12,3,13,0
37456,1520,Salaried,633,3112863,2,35,11.15,1.4,1,16,0
66290,3069,Salaried,716,3251268,2,33,11.25,2.35,3,20,0
100826,14639,Salaried,699,4765649,10,48,15.52,2.48,3,20,0
138440,3657,Salaried,710,798322,14,53,8.78,0.94,2,20,0
179494,6328,Salaried,713,695709,11,43,12.12,2.84,2,30,1
113172,14437,Salaried,662,3251654,8,53,12.37,2.46,3,30,0
85899,10533,Salaried,663,207735,4,38,13.11,2.64,1,24,1
162746,6960,Self-Employed,668,3875645,13,50,14.86,0.86,3,14,0
97833,20823,Self-Employed,765,223008,13,46,12.01,0.86,1,15,0
164104,64388,Salaried,711,2606591,12,36,10.52,1.26,3,14,0
159516,50007,Salaried,751,1753957,6,33,16.91,0.66,1,18,0
152784,55965,Salaried,538,3990696,2,59,17.82,0.73,2,20,0
104997,3331,Salaried,709,3539370,8,53,8.69,0.86,1,12,0
95609,10485,Salaried,672,4064192,2,46,13.69,2.28,2,29,0
58766,17437,Self-Employed,742,1909940,2,21,11.75,0.58,1,13,0
161658,14026,Salaried,720,2825463,12,58,11.13,0.71,2,24,0
142585,16438,Salaried,740,1007684,8,22,11.69,2.86,1,27,1
16494,4133,Self-Employed,764,3368380,9,26,14.57,0.71,3,14,0
80770,72,Salaried,701,2083405,4,58,10.31,1.84,1,20,0
25531,2260,Student,678,4922362,6,44,17.17,2.11,2,20,0
193119,76545,Self-Employed,727,3168423,3,38,12.93,2.9,2,13,0
39223,11264,Self-Employed,655,3547782,3,47,11.59,2.75,1,25,1
146448,778,Salaried,699,2358188,9,28,15.77,1.6,3,20,0
164955,52151,Self-Employed,662,108150,4,48,8.66,2.86,1,10,0
177298,63426,Self-Employed,763,4808844,8,30,12.6,1.58,1,22,0
171173,67034,Self-Employed,657,3904642,14,37,11.88,2.17,2,28,0
163824,24486,Student,656,147620,11,49,11.71,1.15,3,15,1
128329,21584,Self-Employed,719,4923509,6,26,11.7,2.09,3,29,0
59976,7150,Self-Employed,693,4022283,8,34,8.8,1.85,3,28,0
25837,3135,Salaried,675,4751670,1,42,9.95,2.02,3,15,0
156196,27737,Salaried,725,2929575,8,26,9.85,2.21,1,22,0
165585,44009,Self-Employed,776,4368043,7,46,17.89,0.93,3,20,0
191228,37388,Student,674,2490337,8,59,8.71,1.25,3,28,0
183757,26181,Salaried,750,3762209,2,32,10.09,2.34,3,16,0
108694,28964,Salaried,683,3766623,14,55,17.75,0.91,2,21,0
94494,3466,Salaried,637,4079732,8,34,14.47,1.36,2,25,0
197005,27430,Student,690,936267,8,42,12.78,2.17,2,10,0
115079,7136,Student,693,555073,5,43,9.25,2.84,3,24,1
175139,47358,Salaried,663,1547738,5,27,14.86,0.69,1,22,0
65259,2074,Self-Employed,742,4371496,13,45,9.81,1.79,1,19,0
15799,3783,Self-Employed,696,2305355,11,33,14.88,0.7,2,27,0
131734,50006,Salaried,714,1386324,5,41,17.8,1.45,2,13,0
60297,16726,Salaried,783,2933158,9,30,13.55,0.94,3,15,0
174064,56390,Salaried,687,1255638,2,29,10.53,2.12,2,17,1
171209,63960,Self-Employed,654,2316500,6,35,14.44,2.39,2,29,1
20861,3103,Salaried,696,1875069,3,22,13.37,1.12,2,18,0
65717,3355,Salaried,699,3141156,3,45,13.56,2.28,2,17,0
100703,32578,Self-Employed,731,130396,11,33,13.04,1.62,1,27,1
102709,3749,Salaried,620,2618485,12,54,14.9,1.21,3,16,0
57399,4277,Self-Employed,718,55194,6,54,13.93,1.81,1,28,0
151768,32014,Salaried,651,4024408,13,55,17.88,1.45,2,27,0
40597,89,Salaried,698,853964,12,58,16.35,1.07,3,10,0
90330,5297,Salaried,708,3693180,10,23,11.01,2.39,3,20,1
130118,41349,Salaried,751,4042152,3,26,15.39,2.49,1,18,0
175878,6049,Salaried,672,1010452,9,39,10.54,2.5,1,19,0
66702,8697,Self-Employed,591,1653208,4,23,15.93,1.46,2,19,0
174502,56160,Self-Employed,748,603882,2,38,9.9,0.92,1,10,0
106514,3794,Student,710,1890237,12,59,13.0,2.6,2,26,0
17953,3570,Salaried,722,4392848,13,29,16.01,1.32,2,21,0
158818,46788,Self-Employed,694,4369380,8,32,11.16,2.37,2,21,0
45427,4371,Self-Employed,733,158138,4,25,16.45,2.54,3,28,1
52996,12467,Student,674,2037474,9,23,14.62,2.42,3,26,0
170551,55805,Self-Employed,723,654618,7,31,12.28,1.47,1,16,0
124687,45105,Salaried,611,4201856,6,50,12.52,2.85,1,20,0
194581,57732,Student,695,2736831,1,24,17.3,2.15,3,11,0
173391,68964,Student,743,4440755,11,25,10.57,1.94,1,25,0
77422,20755,Salaried,684,3768615,7,21,15.09,2.24,2,18,0
199193,28570,Salaried,609,3610988,1,47,15.22,0.61,2,19,0
195553,46144,Salaried,769,3006265,12,48,17.26,1.48,3,30,0
34299,13497,Self-Employed,674,3350681,5,49,15.28,2.7,1,19,0
137021,41216,Salaried,651,3800239,6,38,14.05,0.9,1,12,0
87702,8885,Salaried,722,3486404,10,32,17.07,1.54,3,26,0
57237,5228,Salaried,671,3920997,13,33,16.38,1.51,2,23,0
129909,51517,Salaried,634,2884325,1,22,15.31,1.39,2,28,0
145423,17158,Salaried,714,2738272,13,57,8.81,1.91,1,27,0
133967,51005,Salaried,644,1539375,6,36,12.05,2.99,3,27,0
97029,36418,Salaried,681,2192421,4,44,14.5,1.14,3,23,1
118860,23488,Salaried,703,4410390,12,55,13.46,2.26,2,12,0
102932,41083,Salaried,762,445204,13,42,11.53,2.39,2,19,0
120591,3083,Self-Employed,600,1278543,3,56,9.87,1.96,1,22,1
50833,7954,Self-Employed,608,2719778,9,31,13.75,0.74,3,21,0
51936,20396,Salaried,734,505889,12,49,11.22,1.93,1,18,0
139159,54825,Salaried,660,4278996,2,55,10.71,2.88,1,19,0
77652,6023,Self-Employed,690,4318471,4,35,12.29,1.36,3,28,0
186532,73663,Self-Employed,715,270913,7,51,15.96,2.1,3,25,0
151173,1074,Self-Employed,629,1252476,11,36,13.13,2.9,2,30,1
99058,4289,Salaried,741,2291829,5,30,10.56,2.49,3,12,0
25573,1902,Salaried,652,3416763,4,52,9.61,2.22,1,21,0
119609,27692,Self-Employed,696,4094670,12,22,13.24,2.93,1,17,0
61195,14916,Salaried,791,4553459,1,44,16.05,0.93,3,24,0
91522,34178,Self-Employed,764,610668,12,43,14.7,2.43,1,20,0
143497,38123,Salaried,619,4908466,14,22,10.71,1.52,3,22,1
184488,72220,Self-Employed,779,2350704,6,58,12.65,1.4,2,15,0
55953,6182,Salaried,701,2163436,5,51,16.62,1.8,2,22,0
63709,23044,Salaried,682,1213331,7,46,10.19,0.58,3,20,1
21056,1649,Salaried,669,4237790,9,49,13.55,1.28,1,15,0
81201,30557,Salaried,647,2941036,6,23,11.88,0.92,3,15,0
42943,7690,Salaried,734,1305760,3,34,9.68,0.85,3,14,0
150399,3338,Self-Employed,707,1700735,12,45,8.97,1.34,2,16,0
63129,14559,Salaried,774,3576953,13,21,13.78,2.51,3,28,0
77878,2380,Self-Employed,677,1074133,12,23,8.7,1.0,2,20,1
165165,29364,Student,703,4949969,8,46,9.48,1.83,2,15,0
114258,14432,Salaried,731,4768501,2,38,11.8,2.37,3,18,0
54636,13920,Salaried,739,3690721,6,29,8.91,1.1,3,29,0
184369,18595,Salaried,657,1461665,13,58,12.3,2.81,3,27,0
151894,19305,Salaried,613,2883274,8,43,9.74,2.67,3,17,0
149791,20297,Salaried,729,226501,12,41,11.82,1.13,2,27,1
176903,48533,Self-Employed,662,3125816,4,21,16.02,2.97,3,14,0
68808,19961,Self-Employed,732,4263555,14,41,14.45,2.17,2,15,0
183616,60613,Self-Employed,717,826749,4,47,12.73,1.22,2,11,0
170863,52091,Self-Employed,696,3706531,13,26,9.37,2.2,1,13,1
40812,15498,Salaried,652,4410303,1,56,14.38,2.17,2,28,0
31362,1286,Self-Employed,639,1856165,2,48,10.06,2.02,1,13,0
116420,17678,Salaried,680,1852025,14,37,9.23,2.28,3,25,1
18834,2429,Salaried,729,2106005,11,23,14.81,1.17,1,10,0
73036,27605,Salaried,787,579841,11,32,17.16,2.95,3,25,1
132804,11715,Salaried,722,2041622,8,59,12.88,2.64,2,10,0
66968,15941,Self-Employed,692,1056769,8,32,8.89,2.36,1,26,0
141907,3774,Salaried,690,244382,6,22,16.86,0.57,3,14,0
87474,9833,Salaried,704,3204805,7,42,9.14,1.98,3,25,0
57177,4178,Salaried,669,3149278,11,43,16.74,2.27,1,12,0
90281,23118,Salaried,650,2805746,2,50,12.22,2.64,1,19,0
33561,10348,Student,721,1227406,2,25,11.97,2.87,3,27,0
27594,900,Salaried,712,3920913,3,29,13.66,2.79,3,30,0
176913,33795,Salaried,756,175721,5,41,17.59,1.52,2,27,0
194021,21209,Self-Employed,744,2897433,11,31,17.04,2.74,3,26,0
28650,9679,Salaried,640,4075466,12,25,12.97,0.5,1,20,0
156592,30786,Student,779,910464,11,55,15.11,1.38,3,18,0
64146,2966,Salaried,657,601684,7,47,14.01,0.78,3,20,0
16360,1053,Salaried,649,338793,11,22,15.09,2.71,1,18,1
166944,57805,Student,726,2002905,1,44,16.38,2.82,2,26,0
102514,1351,Salaried,677,2649656,11,51,8.83,1.14,3,29,0
128546,2729,Self-Employed,644,3146889,4,53,11.59,1.42,1,14,0
162032,44917,Salaried,676,4824629,7,59,17.61,2.96,1,21,0
148427,57880,Self-Employed,623,1333724,2,50,17.52,1.92,1,27,1
21737,7929,Salaried,622,257204,10,57,8.61,1.74,1,25,0
73758,16752,Salaried,736,1190134,6,48,10.41,1.75,2,18,0
117733,10469,Self-Employed,629,2052279,3,51,17.94,2.24,1,17,0
42830,4482,Salaried,715,4378647,5,31,13.18,2.89,3,15,0
176527,42805,Salaried,725,1212917,11,43,13.94,1.42,2,26,1
67924,5927,Self-Employed,709,1815505,1,22,10.08,0.93,1,23,0
52463,769,Salaried,623,4030833,8,47,17.0,0.96,3,30,0
36014,7698,Self-Employed,758,2521007,11,55,10.7,0.55,2,23,0
43505,4400,Self-Employed,770,4297498,8,22,10.3,1.89,3,13,0
92201,32412,Salaried,657,166409,3,59,10.67,2.82,2,17,0
29877,11824,Student,719,2113548,2,57,17.24,2.28,1,26,0
46713,15540,Salaried,716,3865015,5,41,15.18,2.98,3,10,0
46559,13211,Student,639,3475225,8,25,15.8,2.77,1,12,0
76018,193,Self-Employed,725,194119,5,41,12.08,1.73,2,26,1
31082,11033,Salaried,722,2678804,8,49,17.14,1.72,1,29,0
98240,36227,Self-Employed,623,617841,10,40,16.0,2.07,1,12,0
162801,31434,Salaried,601,4934344,2,58,15.63,0.78,3,16,0
77926,22479,Self-Employed,706,1237706,1,40,17.72,2.02,1,20,0
56635,475,Salaried,735,1643501,1,45,11.98,1.66,1,24,0
79843,281,Self-Employed,674,3096507,5,22,14.3,2.11,1,16,0
145105,19753,Salaried,684,2340899,8,52,17.14,1.91,2,14,0
110795,21144,Salaried,680,2731705,13,46,16.01,1.28,3,26,0
112747,27672,Self-Employed,687,1998520,9,26,13.85,2.02,3,14,1
141902,6887,Self-Employed,718,2049450,12,23,9.22,1.42,1,10,0
178361,20453,Salaried,687,3059072,4,53,14.7,0.99,3,16,0
198390,58999,Self-Employed,793,3098774,11,21,13.5,2.19,2,26,1
107565,17127,Self-Employed,660,2724019,6,25,10.25,1.27,2,17,0
182825,22140,Salaried,700,2448505,9,33,16.88,2.72,1,21,1
178111,58826,Salaried,691,3460006,6,39,11.76,1.0,1,11,0
73491,22501,Self-Employed,697,3839445,11,32,12.18,2.0,2,26,1
48596,18079,Self-Employed,651,2371956,4,45,14.89,1.93,2,29,0
119846,10767,Self-Employed,723,4302537,12,55,13.14,0.99,2,23,0
166932,64050,Self-Employed,733,3461085,12,32,9.35,1.6,1,12,0
44676,11240,Student,642,3293793,5,50,12.18,2.19,2,28,0
35227,520,Salaried,721,1820985,9,25,9.4,1.3,1,23,0
52692,7892,Student,715,1413881,1,54,10.31,0.78,2,17,0
149321,16844,Self-Employed,742,4508893,6,42,8.57,2.04,2,16,0
45544,5911,Salaried,625,2041346,8,59,10.22,1.06,3,14,0
18386,4701,Salaried,641,3811556,12,33,11.64,2.2,2,12,0
58575,17122,Self-Employed,679,3079325,2,23,13.61,2.6,1,10,0
124735,7106,Salaried,816,2604607,6,40,17.23,0.81,2,28,1
178920,33677,Self-Employed,717,1453802,6,51,13.63,1.59,3,24,0
98899,4775,Student,735,3727921,13,25,15.2,1.61,2,10,0
196544,71868,Salaried,746,4355482,13,44,11.9,2.08,2,14,1
140121,10761,Student,726,4307247,1,53,15.64,1.34,2,29,0
147416,32465,Self-Employed,721,879999,5,28,14.39,1.55,1,20,0
188984,22405,Salaried,738,3963064,9,44,12.87,0.53,2,23,0
124846,11988,Salaried,825,3396752,13,40,10.34,0.81,2,27,1
44598,6165,Self-Employed,674,3584989,2,36,11.38,1.92,2,29,0
89683,28236,Student,756,75315,14,32,14.4,1.04,3,18,1
193391,36317,Salaried,631,211653,10,33,12.55,0.86,1,24,0
197119,61827,Salaried,796,430932,11,59,16.95,1.31,1,20,0
115626,9586,Self-Employed,639,4328275,6,45,10.73,0.91,3,14,0
82083,2364,Salaried,719,2154973,7,52,9.19,0.65,1,24,1
188482,26121,Self-Employed,603,4628357,2,44,14.1,1.21,3,11,0
58864,2258,Self-Employed,678,2900885,13,29,16.92,0.91,2,21,0
140209,46233,Salaried,731,4136145,9,43,11.97,2.5,1,16,0
106885,23309,Salaried,647,2798261,2,33,14.65,0.66,2,11,0
26285,10280,Self-Employed,732,2811774,10,52,10.7,2.37,2,17,0
51866,1059,Salaried,685,4224066,14,35,13.81,1.46,1,18,0
24633,2266,Salaried,721,1427091,12,56,15.97,2.19,2,14,0
91056,1007,Salaried,763,3587766,2,25,16.74,0.63,2,24,0
41347,14718,Self-Employed,740,2252225,9,42,9.5,2.8,3,28,0
24800,3118,Self-Employed,694,3181060,6,36,11.89,2.42,1,28,0
186108,36229,Self-Employed,722,524083,13,30,14.58,0.85,2,22,1
101179,4712,Self-Employed,725,1676277,11,44,8.83,1.05,3,22,0
37909,15125,Salaried,633,4611383,14,38,15.06,2.11,1,15,0
154961,1774,Salaried,639,2375103,2,38,13.52,2.8,2,10,0
72275,6268,Salaried,696,4241231,4,27,11.24,1.61,2,19,0
106541,29600,Self-Employed,677,2953739,2,24,16.24,1.71,2,15,0
61541,8758,Salaried,717,934671,14,46,11.26,1.09,2,12,0
52849,1773,Salaried,714,3350720,11,25,17.92,1.46,2,22,0
95648,24503,Student,656,247300,12,36,16.26,1.22,1,28,1
102320,8596,Salaried,786,1710759,7,55,15.23,1.38,1,19,0
79176,21542,Salaried,715,2811567,8,46,9.08,0.55,3,22,1
51452,12583,Salaried,792,4077619,7,38,17.09,0.6,3,16,0
83373,3428,Self-Employed,674,4957271,4,49,16.01,2.2,3,24,0
165874,60380,Self-Employed,581,114626,3,43,10.68,2.2,1,13,0
189441,44006,Self-Employed,665,390384,11,34,12.23,1.33,1,20,0
97925,8204,Self-Employed,703,1575562,6,35,11.05,2.71,1,17,0
142245,31783,Salaried,684,2590808,9,53,17.85,1.17,2,11,0
117886,37253,Salaried,695,2245238,8,45,16.61,1.49,1,10,1
160163,58053,Salaried,675,290592,14,41,17.34,2.33,1,10,0
76292,20053,Salaried,721,648901,12,37,15.99,2.36,2,25,1
198974,1777,Self-Employed,713,2212181,9,43,12.84,2.65,3,27,1
120906,37964,Salaried,713,2394612,14,37,10.45,0.57,3,20,1
197692,9947,Salaried,728,3280210,9,34,10.48,0.96,3,17,1
185567,38299,Self-Employed,672,102984,2,49,9.94,2.1,2,28,0
170607,60099,Salaried,696,3978944,12,40,13.69,1.35,2,21,0
142182,1649,Salaried,707,355524,5,50,17.24,0.61,2,15,0
95002,21980,Salaried,661,1209208,2,39,17.92,1.97,1,25,0
16148,5587,Salaried,683,1011225,8,59,11.23,1.48,3,17,0
92437,4,Self-Employed,694,3005693,11,33,15.12,1.41,2,16,1
62262,23208,Salaried,678,1192017,14,38,14.17,1.16,2,29,0
186093,54284,Salaried,604,1967954,6,43,13.14,0.51,3,12,0
69994,27206,Student,644,303244,6,53,14.82,0.96,3,10,0
76961,11108,Student,664,1064445,9,59,12.03,1.69,1,15,0
68945,21992,Self-Employed,638,3143752,5,38,17.47,1.19,3,12,0
106164,2084,Self-Employed,762,3066692,6,29,15.2,2.69,2,28,0
26917,10156,Salaried,731,1541902,7,53,15.66,0.86,1,11,0
143452,26622,Self-Employed,784,454737,6,52,10.8,2.69,3,26,0
107437,3971,Self-Employed,750,1613781,3,37,10.1,1.51,1,25,1
119793,15475,Self-Employed,629,2301064,5,39,12.25,1.19,2,30,0
139072,9318,Salaried,726,2239250,1,47,15.78,1.26,2,16,0
194556,11958,Student,701,1672358,3,26,17.42,1.33,2,15,0
68469,12927,Salaried,737,1439683,7,55,12.56,1.77,2,20,0
121358,17410,Salaried,709,4906628,12,57,15.85,1.38,1,24,0
176079,56655,Salaried,662,2080015,13,54,12.97,2.12,1,20,0
46028,1864,Salaried,685,3356197,7,40,11.3,1.56,2,16,0
158744,5140,Student,727,1177890,8,45,15.52,2.18,1,24,0
173583,42972,Salaried,765,968763,12,24,16.08,2.01,2,25,1
55343,18380,Salaried,705,1211362,9,30,10.43,1.11,2,17,1
26224,1494,Self-Employed,703,2174693,8,30,11.4,2.53,3,14,0
153960,58854,Self-Employed,702,1037179,9,44,13.2,2.5,1,26,0
20819,3868,Self-Employed,702,1721982,1,41,10.27,2.97,3,11,0
160727,64121,Self-Employed,705,2803835,5,31,17.32,0.94,2,30,0
89986,2034,Self-Employed,726,2921131,5,47,14.12,2.62,3,16,0
99763,34964,Self-Employed,754,554933,3,36,9.65,2.68,2,30,0
179653,6551,Salaried,772,2603879,13,46,10.25,2.11,2,15,0
182091,49027,Self-Employed,751,2721124,8,50,17.57,1.77,2,21,1
132613,18816,Self-Employed,741,1424863,11,36,15.51,2.89,1,25,1
35990,8403,Salaried,740,4576016,10,27,15.48,2.93,2,20,0
125927,46419,Self-Employed,726,2228997,9,36,9.19,2.1,2,26,0
177922,22417,Self-Employed,643,3530806,7,55,17.01,1.4,1,19,0
159905,4165,Salaried,748,3677408,11,36,12.72,2.54,1,25,1
32041,1212,Salaried,776,2110244,5,32,14.77,0.72,2,25,0
185742,5536,Salaried,721,2600159,6,55,17.62,1.23,1,24,0
107124,5125,Salaried,756,661800,12,41,9.45,2.96,2,24,1
146154,7966,Self-Employed,649,2856814,10,56,13.08,2.54,3,29,0
95431,30586,Student,647,291095,13,37,8.97,2.85,1,13,0
156943,863,Salaried,687,2326370,7,52,13.25,1.99,3,12,1
85342,5383,Salaried,635,3933419,6,26,10.9,1.52,2,23,0
111675,17722,Salaried,604,3066142,8,44,17.16,2.95,1,19,0
163193,5367,Salaried,745,3759676,12,47,12.29,1.27,1,15,0
185131,2668,Salaried,780,4769229,3,40,14.52,2.39,2,20,0
125481,11138,Salaried,661,3094495,11,45,16.67,1.9,1,13,0
193830,52168,Salaried,691,4359073,6,22,17.85,1.07,1,19,0
20165,261,Self-Employed,742,2048045,12,29,13.29,0.54,1,25,0
17317,4672,Salaried,825,1485334,7,48,12.83,1.46,3,30,0
127655,37483,Salaried,646,275041,12,58,9.22,1.87,2,17,0
31964,3321,Self-Employed,654,2570933,6,23,8.62,0.96,2,18,0
50191,18760,Self-Employed,690,2804759,8,40,14.28,1.54,2,13,0
172407,5574,Student,693,3772976,3,26,9.12,2.04,1,26,0
90422,34505,Salaried,672,4546235,4,59,12.11,2.29,1,19,0
174987,57499,Self-Employed,811,4729017,7,53,8.53,0.63,1,22,1
184898,14981,Salaried,732,3101262,4,21,14.34,2.16,2,30,0
88967,31029,Self-Employed,662,4707448,10,57,12.54,0.64,3,30,0
190660,75157,Salaried,634,2968160,11,26,9.71,0.57,2,26,1
166850,31935,Self-Employed,723,2813742,8,54,11.32,0.88,2,28,0
40627,11370,Self-Employed,728,461731,2,35,13.91,2.13,3,26,0
149938,850,Salaried,725,3415823,13,46,14.74,0.63,1,30,0
113249,24979,Salaried,645,386274,3,34,12.89,0.55,1,13,1
136108,45950,Salaried,759,120621,14,27,16.14,0.79,2,15,0
41125,12470,Salaried,623,4191714,8,51,9.57,2.87,3,23,0
138531,39841,Salaried,643,1713144,11,44,9.3,2.77,2,18,0
141407,14933,Self-Employed,757,2007521,8,51,8.92,0.72,2,15,0
191275,4036,Salaried,742,645158,5,49,13.59,1.26,3,19,0
154839,41259,Salaried,736,841913,1,52,15.21,2.87,3,15,0
169608,5227,Self-Employed,734,920649,1,37,9.74,0.74,1,18,0
59504,19718,Self-Employed,768,3450175,9,34,14.57,0.74,2,22,0
51473,14095,Salaried,595,3924844,3,56,13.03,0.72,3,25,0
64792,11396,Salaried,755,4750796,14,44,17.88,2.94,3,25,0
85311,1985,Salaried,683,4906869,10,47,15.32,2.36,3,28,1
74431,3244,Salaried,674,106183,8,45,14.75,1.04,3,14,0
23989,6019,Salaried,720,2855559,13,52,13.92,0.61,2,20,0
169011,51819,Salaried,718,3330644,9,38,17.97,2.91,2,30,0
182101,62211,Salaried,600,1592096,4,38,17.81,1.56,2,24,0
175647,50120,Self-Employed,744,1376769,2,57,13.61,2.0,3,17,0
17915,6930,Salaried,705,792901,2,46,12.82,1.2,1,24,0
32817,12750,Salaried,710,1186001,4,29,12.89,2.4,3,20,0
144524,42690,Salaried,689,4057770,10,55,12.57,0.99,2,22,0
186613,16700,Salaried,723,4212627,7,28,13.55,2.47,2,11,0
36983,676,Salaried,658,3806158,11,40,11.1,1.08,2,11,0
153215,41715,Salaried,733,702900,9,42,17.3,0.74,1,21,0
193428,72917,Salaried,728,3601133,1,39,13.16,1.7,1,29,0
89988,7397,Salaried,694,234575,11,50,16.5,2.53,2,18,0
88961,11112,Student,699,95284,9,48,13.02,1.46,3,29,1
137315,8456,Self-Employed,700,199128,5,55,15.32,0.57,2,24,1
95316,29928,Self-Employed,721,2383161,14,31,11.7,1.88,2,16,0
181502,31807,Salaried,680,2416219,13,51,14.44,2.2,1,23,0
47868,16799,Salaried,665,3871963,13,59,13.23,2.35,1,26,0
150515,9480,Self-Employed,668,1655669,14,56,11.99,1.5,1,11,0
19806,4843,Salaried,655,3871936,2,50,16.87,0.74,1,18,0
21042,5066,Self-Employed,687,300113,14,43,9.57,1.96,2,22,1
160254,14394,Salaried,762,2248580,3,39,13.13,1.32,3,14,1
154792,8689,Salaried,695,285674,11,32,10.35,2.87,2,13,0
77953,19229,Salaried,665,3313779,10,35,16.68,1.76,2,30,0
109837,36106,Self-Employed,685,2121118,11,51,10.91,1.68,3,10,0
112768,20493,Salaried,767,2198278,4,57,14.52,1.27,2,18,0
90112,20522,Self-Employed,703,2381992,12,57,10.07,1.35,3,25,0
169865,60470,Self-Employed,767,2140167,2,35,12.35,1.78,1,28,0
181305,31039,Salaried,716,1253591,5,49,17.04,1.27,1,12,1
84546,1400,Salaried,699,2139659,8,46,10.08,2.73,1,12,0
171521,32765,Salaried,778,4803180,3,22,14.8,1.6,3,16,0
46699,15811,Self-Employed,760,603545,7,40,10.44,1.23,2,27,0
156919,22967,Salaried,790,1122998,1,35,12.45,0.89,1,29,1
105123,39547,Self-Employed,675,2842356,14,24,13.64,2.18,1,16,0
62238,22055,Self-Employed,611,1164003,7,42,13.98,0.56,2,25,0
70495,21200,Salaried,690,3707454,6,58,14.22,1.62,1,30,0
172662,64641,Salaried,706,1836239,11,43,14.58,1.88,1,13,0
148168,33086,Self-Employed,774,4283984,5,46,11.08,1.35,3,22,0
48049,12544,Salaried,676,1755765,9,31,12.31,2.37,2,19,0
152348,52116,Salaried,769,1245932,13,48,8.85,2.19,3,11,0
157268,50722,Self-Employed,678,252364,4,22,15.8,2.93,1,28,0
103796,12596,Salaried,686,1606396,1,28,16.45,1.77,1,23,0
91531,13582,Salaried,804,2343957,9,49,10.39,1.84,2,15,1
22098,6129,Salaried,627,668791,10,31,10.41,1.11,1,22,0
115554,37439,Salaried,697,2442859,10,57,8.9,1.46,3,21,0
131079,40361,Self-Employed,751,1370349,2,38,17.72,0.57,3,21,0
130565,19538,Salaried,765,861914,10,34,16.17,2.22,2,21,0
49574,15143,Salaried,691,3956668,13,30,11.93,1.28,2,20,0
25255,7181,Student,735,1188564,11,55,13.08,1.85,1,23,0
29015,3481,Self-Employed,747,440092,5,29,11.27,1.14,2,13,1
132611,35329,Student,754,149219,13,55,14.17,2.05,2,22,0
142192,10988,Salaried,711,4694252,1,31,15.31,1.62,1,17,0
34399,11818,Self-Employed,724,773924,14,32,12.75,1.7,1,12,0
123631,5239,Self-Employed,701,366292,4,23,16.8,2.86,3,23,0
175388,32367,Salaried,643,2523633,1,59,13.41,2.27,3,28,0
158360,4463,Salaried,647,2637251,7,34,9.87,1.15,2,27,0
75641,1453,Salaried,635,3456264,6,48,14.41,1.76,1,20,0
182393,41772,Salaried,761,4415990,14,31,12.89,1.67,2,22,0
176068,30137,Salaried,638,1042849,1,59,17.39,2.49,3,15,0
106807,28266,Student,581,3607769,12,45,12.22,2.58,2,27,0
138354,51973,Self-Employed,695,4467139,10,41,12.33,1.21,3,29,0
123613,45758,Salaried,675,570468,8,30,14.68,2.55,3,10,0
185672,42582,Self-Employed,607,2550302,13,35,13.51,0.95,2,11,0
163492,17784,Salaried,740,4502159,5,39,12.06,2.41,3,16,0
78348,30471,Salaried,691,2706980,1,42,17.9,1.12,3,14,0
115884,19323,Self-Employed,746,4080677,9,41,11.37,1.24,1,28,1
81141,15424,Salaried,697,4802258,11,52,11.14,2.63,2,11,0
167836,47937,Self-Employed,728,3113030,2,43,16.71,1.55,2,12,0
73793,21369,Salaried,691,2015572,8,33,8.53,2.98,2,29,0
20434,983,Self-Employed,643,3297933,5,25,10.41,0.88,3,19,0
122843,16213,Self-Employed,673,3035295,2,24,14.11,1.66,3,19,0
124700,45909,Salaried,669,1706974,9,48,10.04,2.33,3,30,0
24719,6149,Self-Employed,644,2978863,14,34,17.87,0.51,2,17,0
115154,25583,Salaried,720,838453,7,28,12.91,0.88,1,18,0
123654,11379,Salaried,721,4778525,6,29,14.17,0.55,2,11,0
71097,23830,Student,641,978492,13,55,10.02,2.98,2,12,0
26763,4354,Self-Employed,637,3238335,4,57,11.25,2.4,2,25,0
97823,27033,Self-Employed,730,2658779,3,41,14.34,1.43,1,13,0
120249,2759,Salaried,716,1565147,6,38,13.72,0.89,2,15,1
181993,22896,Salaried,655,286164,9,53,15.95,0.73,1,22,0
178149,53869,Salaried,779,659619,1,28,11.06,1.83,1,15,1
135768,43890,Salaried,722,1003688,11,37,14.71,2.94,2,19,0
193054,6377,Salaried,740,301879,9,51,11.26,2.19,2,26,1
65074,1481,Salaried,741,908410,9,54,14.07,1.41,2,17,0
20740,5510,Salaried,653,1458345,13,26,14.25,1.75,3,18,0
151378,16138,Salaried,639,1127285,2,42,9.66,3.0,1,11,0
35946,6207,Salaried,733,450204,13,34,13.71,1.8,2,26,0
39879,1096,Salaried,636,1186296,3,23,8.61,2.91,1,29,0
128047,46315,Salaried,673,3630560,9,32,13.26,0.54,3,20,0
139549,15880,Self-Employed,713,78279,14,56,15.13,2.3,3,27,0
143245,1612,Student,684,2370536,12,32,9.19,2.07,2,12,0
101385,18672,Student,652,2452290,8,22,17.42,2.21,1,18,0
192363,41631,Salaried,682,72710,8,22,12.86,1.93,3,17,1
178853,6243,Self-Employed,663,953781,9,35,17.41,0.61,3,16,0
161140,37133,Salaried,611,1318046,6,43,9.52,0.87,1,16,0
163363,50678,Self-Employed,729,3282488,2,49,17.52,2.81,3,30,0
158461,23979,Salaried,695,293653,6,37,9.54,1.08,1,17,1
154935,53882,Salaried,632,1281108,1,52,12.88,2.98,2,29,0
117294,44492,Salaried,684,3733602,7,27,17.41,2.2,1,14,0
145179,26287,Salaried,711,725145,6,50,10.71,1.61,2,12,0
99336,15229,Salaried,673,1869554,9,48,8.83,2.8,1,28,0
134976,27960,Salaried,812,4748796,4,34,16.03,2.49,3,11,0
86331,33357,Salaried,720,2414373,14,50,14.16,1.57,2,23,0
31019,8238,Salaried,689,3579225,9,37,13.38,0.67,1,30,0
58963,18406,Self-Employed,734,794571,11,52,8.83,2.67,2,11,0
170486,3053,Salaried,723,4038269,8,26,14.71,2.41,1,19,0
36144,14309,Salaried,714,2786600,8,44,10.13,2.48,1,29,0
85210,2908,Salaried,710,3115206,12,26,17.35,2.36,2,19,0
132145,22701,Self-Employed,744,1356569,14,47,15.01,1.19,2,26,0
141029,29206,Salaried,716,914858,4,38,15.22,2.65,2,11,1
142032,19604,Salaried,657,839872,4,44,10.71,0.51,3,10,0
187731,5152,Salaried,709,1050104,13,57,16.87,1.09,1,27,0
140044,47870,Salaried,750,2371570,2,44,13.61,0.62,1,13,1
67904,12431,Self-Employed,788,1464753,3,58,16.64,0.78,2,10,0
133609,23618,Salaried,800,2245235,1,54,11.07,1.83,1,26,0
70729,28117,Salaried,687,329088,6,35,15.68,0.59,1,12,0
153982,10851,Student,676,4976151,14,31,13.96,0.95,1,11,0
113257,34229,Self-Employed,640,2712262,4,42,8.96,1.08,2,27,1
193075,20131,Self-Employed,706,269779,2,44,12.35,2.14,1,13,0
183036,39231,Salaried,744,1632670,5,21,10.25,1.67,1,12,1
65214,7470,Self-Employed,723,2610454,4,38,11.91,1.65,3,21,0
152006,38190,Salaried,745,2006996,7,32,12.14,2.42,3,25,1
154480,54677,Salaried,765,2327979,13,48,13.01,1.64,2,20,0
160094,56749,Self-Employed,697,2920648,3,27,14.2,1.37,1,19,0
109737,17396,Salaried,703,4637526,12,43,13.92,2.91,1,28,1
139019,14834,Student,623,1423866,8,41,8.87,0.52,3,19,0
63887,3946,Salaried,821,3454479,7,54,15.63,1.26,2,30,0
30218,10651,Salaried,705,1228250,6,31,17.52,2.02,2,12,0
125079,45771,Self-Employed,711,3121624,14,42,11.81,2.46,1,15,0
147288,44870,Self-Employed,698,1915315,13,55,10.21,2.54,3,23,0
102610,29612,Self-Employed,666,1329145,11,49,13.63,0.62,3,21,0
196413,16809,Salaried,679,2311986,4,48,15.2,2.27,3,17,0
144945,4039,Salaried,686,2472151,13,38,14.95,2.3,1,11,0
73380,20822,Salaried,711,4096659,10,34,14.32,1.04,1,18,0
15421,1313,Self-Employed,679,2298450,4,38,9.89,0.78,1,23,0
37905,1177,Student,770,2210577,14,48,16.45,2.37,3,10,0
122484,25993,Salaried,691,4201723,6,44,12.54,1.12,2,12,0
121946,13906,Self-Employed,631,4622679,3,28,10.6,0.5,1,29,1
164749,43161,Salaried,742,2985850,9,28,9.32,1.06,1,15,0
24362,2193,Self-Employed,666,2567305,9,24,12.46,0.58,2,29,0
74925,11826,Salaried,715,821237,13,47,14.37,1.12,2,22,1
175331,12496,Self-Employed,759,114135,4,56,14.82,1.34,3,20,1
110734,8698,Salaried,700,1668749,13,25,17.65,1.18,1,24,0
125711,27956,Salaried,662,3837720,13,53,9.95,2.8,3,27,0
79030,1833,Salaried,691,1364025,6,54,17.86,1.08,1,28,0
39449,12933,Self-Employed,679,3999666,5,50,14.72,1.67,3,28,0
163965,33761,Student,696,2009528,3,28,12.82,2.89,3,15,0
184999,71064,Salaried,726,3542186,13,59,16.94,2.7,2,24,0
51888,20571,Salaried,673,3418473,12,46,15.1,1.27,1,30,0
93165,2944,Salaried,699,4059477,3,57,11.81,1.32,2,23,0
73643,20116,Student,726,1134611,9,54,16.9,1.98,2,14,0
16222,4640,Self-Employed,726,1858070,8,27,14.83,2.79,2,20,0
192318,53796,Self-Employed,721,3292574,2,48,15.14,0.52,1,29,1
118268,14090,Student,698,3056086,3,59,17.02,1.48,3,22,0
174289,56091,Self-Employed,656,2189934,4,59,12.76,2.62,3,22,0
163683,2055,Salaried,683,4550272,11,48,14.74,1.53,1,13,0
111156,7476,Salaried,711,3252765,7,34,15.57,2.3,1,18,1
182429,70667,Salaried,674,4367220,13,58,12.81,2.23,3,22,0
141688,35187,Self-Employed,779,3640430,2,24,9.29,1.01,3,17,0
117851,39568,Salaried,704,1996564,8,38,15.83,1.62,2,29,0
55345,21759,Self-Employed,748,4619691,3,45,8.95,1.92,3,20,0
80170,12868,Student,597,4093092,4,27,15.32,2.29,2,28,1
74343,23899,Salaried,754,779080,6,58,17.15,2.56,3,10,0
144450,48069,Salaried,644,1502796,13,48,11.8,2.4,3,18,0
84574,24071,Salaried,603,1538481,2,25,9.47,0.57,3,11,0
188347,21232,Salaried,708,1072791,9,23,10.71,2.18,2,13,1
138243,7533,Self-Employed,683,3020166,12,51,13.84,1.74,2,13,0
73452,5338,Salaried,711,409585,3,40,17.46,1.93,3,10,1
151841,46585,Self-Employed,726,4219896,3,39,13.37,1.43,2,27,0
90047,18624,Salaried,714,4232376,11,31,9.57,2.29,2,23,0
25701,1320,Salaried,769,1223364,9,23,14.46,2.18,2,22,0
16240,2569,Self-Employed,791,4955370,11,43,15.46,1.95,2,17,0
156650,20707,Student,689,4128001,10,27,12.24,2.65,1,15,0
55211,20088,Salaried,738,2442914,1,43,15.35,0.75,2,26,0
150746,37177,Salaried,603,4984879,4,27,11.59,1.25,3,20,0
66421,7270,Salaried,704,866346,6,54,16.0,1.74,2,24,1
38254,7336,Salaried,729,1283885,8,39,11.74,2.9,3,16,1
27897,6740,Self-Employed,715,798037,13,29,10.93,0.68,2,17,0
131773,51518,Self-Employed,625,1574138,7,38,16.85,1.34,3,20,0
174958,59780,Salaried,695,2448340,14,45,13.71,2.81,1,30,0
149178,24421,Salaried,748,4973012,9,34,11.21,2.74,3,11,1
89272,35674,Salaried,735,830048,4,45,17.38,2.66,2,29,1
174838,50971,Self-Employed,659,538563,13,39,15.06,1.27,2,20,1
65082,17737,Student,648,2659426,5,59,10.6,2.62,3,23,0
26299,4163,Salaried,727,2618551,9,35,14.34,1.76,1,22,0
174677,56875,Salaried,749,2079934,11,36,16.77,2.05,2,17,0
82124,26054,Salaried,717,3850389,10,47,15.11,1.1,2,21,1
84110,15384,Salaried,712,4792399,4,30,10.83,2.27,3,30,0
97419,37209,Self-Employed,641,817727,14,24,14.66,1.32,3,18,0
66719,6048,Salaried,695,4287374,5,39,14.38,1.36,1,19,0
139396,24539,Student,732,1586416,5,48,16.3,2.09,3,20,0
125083,40554,Student,767,1194360,14,41,10.19,1.1,2,20,0
179523,59551,Self-Employed,671,2568295,12,34,15.15,1.06,3,25,0
86251,15652,Salaried,752,898956,1,53,8.76,1.42,1,27,0
102175,29673,Salaried,756,2537549,6,30,15.11,2.45,1,30,0
122289,41990,Salaried,696,236674,14,39,17.62,1.06,2,18,0
147306,9328,Salaried,810,1701250,12,50,10.16,2.47,3,12,0
197472,56666,Salaried,716,3176435,4,42,11.46,2.24,2,13,1
149848,19268,Self-Employed,718,726233,2,23,14.04,2.2,1,29,1
35057,8335,Self-Employed,678,2925416,9,57,15.46,1.69,1,28,0
146648,15029,Self-Employed,761,2318292,10,38,11.77,2.36,3,19,0
16298,5942,Self-Employed,803,1651684,1,31,14.81,0.53,3,22,0
185490,35786,Salaried,727,179457,7,22,17.04,1.26,2,10,1
63598,10443,Salaried,776,4297464,3,32,15.4,2.2,1,21,0
154264,57037,Salaried,787,2407713,3,26,15.25,2.97,2,20,0
53531,6400,Self-Employed,709,2055884,4,49,12.13,0.51,2,14,0
173205,26452,Salaried,594,4380457,7,50,17.16,1.77,2,11,1
190446,33729,Salaried,711,2691405,10,22,11.13,2.81,1,26,0
129407,46334,Salaried,674,3874130,13,29,10.45,2.66,3,26,0
88143,8460,Salaried,763,1122576,3,22,11.96,0.56,1,29,0
134683,1303,Student,694,2817187,4,49,14.68,1.82,2,24,0
45979,15067,Student,684,2695640,6,53,16.69,0.51,1,13,0
110139,25056,Self-Employed,658,3933298,1,30,9.75,2.47,2,20,0
25166,8381,Student,696,2655882,4,54,16.23,1.27,2,10,0
194162,23359,Salaried,645,769440,12,28,16.22,2.41,3,19,0
86422,19501,Student,772,147385,5,57,14.08,2.86,2,27,0
122668,8014,Salaried,707,4242807,10,53,15.73,2.94,1,24,0
134581,11327,Salaried,696,2545927,6,26,10.23,2.74,3,28,1
67003,1145,Salaried,697,3140370,11,39,10.11,1.01,3,13,1
106078,29513,Self-Employed,677,4523037,1,52,16.7,0.99,3,15,0
31447,11280,Self-Employed,652,1118136,8,47,13.23,2.06,3,11,0
117109,13999,Salaried,682,3370540,4,21,10.84,1.86,3,22,0
102464,17404,Self-Employed,718,2145627,4,53,15.04,0.52,1,11,0
159643,30845,Salaried,641,2693664,1,52,16.97,1.48,2,22,0
158316,21080,Self-Employed,715,597288,5,25,14.51,2.77,2,24,0
75748,4782,Salaried,640,4169602,10,37,11.8,2.75,2,27,0
187026,41229,Salaried,753,746908,1,28,13.09,1.01,2,20,0
98566,10777,Salaried,754,2642861,13,54,15.65,1.45,3,14,0
59545,14539,Salaried,731,4553195,6,29,9.14,1.9,2,23,0
99281,24935,Salaried,699,3890904,11,43,10.56,2.63,2,25,0
180049,46016,Self-Employed,679,337800,3,55,12.89,1.83,3,23,0
178095,69075,Self-Employed,735,2013733,2,27,14.24,2.92,3,18,0
195015,58669,Self-Employed,761,553739,14,35,11.72,2.5,3,15,0
80691,22195,Salaried,670,4252281,13,40,11.33,2.88,2,18,0
43853,5274,Salaried,710,571606,9,45,8.89,2.33,3,14,0
75323,4678,Salaried,604,51699,3,23,8.81,2.69,3,20,0
140143,25289,Salaried,695,4226880,5,44,11.15,2.58,1,21,0
128032,29471,Student,748,1417835,11,54,13.54,1.13,1,26,0
92252,32967,Self-Employed,652,2075202,5,42,13.79,1.07,2,15,0
146112,51243,Salaried,674,3488255,3,31,13.19,2.66,3,29,0
79002,15719,Self-Employed,658,2540240,8,28,12.39,0.71,2,15,0
142482,19973,Salaried,672,1620710,4,59,10.9,1.52,1,24,0
69693,13310,Self-Employed,709,889405,2,55,12.31,2.55,1,26,0
84647,688,Salaried,623,3142027,5,58,9.82,2.53,3,12,0
123794,31269,Self-Employed,755,2101941,5,28,9.59,0.85,2,28,0
87948,17631,Salaried,730,1018895,10,57,11.35,1.72,1,11,0
120218,37442,Self-Employed,633,3149788,14,47,17.96,1.7,3,18,0
49920,7689,Salaried,732,266895,7,48,11.6,1.31,2,18,0
73794,28749,Self-Employed,667,2295389,1,54,17.4,2.79,3,16,0
158033,59752,Salaried,703,1681558,3,52,12.23,2.13,3,25,1
133262,166,Self-Employed,609,3919794,6,35,12.67,2.95,1,15,0
142328,2621,Salaried,707,4447084,3,37,16.07,0.67,2,18,0
45246,11776,Salaried,798,4103860,10,53,9.39,1.49,1,22,0
170573,55494,Self-Employed,706,2211488,7,36,10.23,2.59,2,11,0
159938,7259,Salaried,661,4787210,14,49,17.75,1.56,2,23,0
31941,12402,Salaried,697,2952324,10,29,13.31,1.15,3,14,0
92885,29377,Salaried,701,2986242,4,53,8.92,2.99,3,20,0
103855,13636,Salaried,709,473753,5,49,8.95,2.68,2,24,1
54715,6901,Salaried,721,4912850,3,33,17.12,1.87,3,15,0
191570,67266,Salaried,732,474967,12,41,16.8,1.9,1,15,1
72339,14147,Student,704,283708,13,41,12.85,0.52,2,25,1
124154,11586,Self-Employed,736,2708582,2,25,10.05,2.95,1,29,0
159322,60278,Salaried,694,867359,4,30,16.39,2.52,3,13,0
138633,34075,Student,684,3953034,4,26,11.58,0.59,2,14,0
46803,15049,Self-Employed,734,368719,14,33,12.48,0.94,3,15,0
171591,18602,Salaried,546,3854811,10,21,14.98,2.55,1,22,1
16208,3795,Salaried,657,4274098,2,40,11.86,0.72,2,23,0
90224,22923,Self-Employed,710,4329636,11,28,14.47,2.85,3,22,0
113669,5911,Self-Employed,693,2882132,6,30,16.91,3.0,1,19,0
45618,15541,Self-Employed,746,4541180,10,29,16.08,2.72,1,26,0
171671,30252,Self-Employed,680,1548809,14,23,12.13,2.35,3,27,0
84737,16155,Self-Employed,682,4135473,9,31,11.24,1.72,2,16,0
192017,2859,Salaried,748,84442,4,32,11.21,0.71,3,13,0
96695,2518,Self-Employed,742,3407165,3,30,11.81,2.33,2,30,0
17972,5041,Salaried,635,4297441,13,45,13.19,1.49,1,25,0
87023,12645,Self-Employed,722,1755740,4,45,12.46,1.93,1,19,0
123995,2642,Salaried,699,4650502,9,31,9.76,1.23,1,30,0
175797,54721,Self-Employed,752,4954291,9,56,10.05,1.11,3,29,0
91303,3341,Salaried,670,1405419,3,59,11.76,1.31,3,28,0
112428,18324,Self-Employed,660,3726968,14,46,13.84,2.53,3,12,0
159597,17595,Self-Employed,712,2148647,1,34,14.13,1.57,1,28,0
104890,11919,Self-Employed,689,2786885,6,59,13.12,1.28,2,22,0
186731,24029,Salaried,616,4361743,5,21,15.52,1.58,3,17,0
192811,2389,Self-Employed,644,4891643,7,24,15.5,0.58,3,27,0
137803,14995,Salaried,622,3554544,1,50,12.56,2.73,3,28,0
154942,44939,Salaried,754,2522269,5,32,9.68,1.88,1,27,0
43773,5783,Self-Employed,746,1014744,10,55,13.54,0.76,2,28,0
138157,53228,Salaried,682,1825283,2,33,12.12,1.22,2,13,0
164898,41762,Self-Employed,654,615663,1,51,9.81,2.96,2,22,0
158936,35631,Salaried,704,2675311,11,58,17.83,1.98,3,21,0
180483,60143,Student,753,3819273,3,43,12.01,1.23,3,24,0
75551,25758,Salaried,660,2643101,5,24,14.45,1.57,2,24,0
26629,4534,Self-Employed,682,708898,11,36,13.16,1.15,1,19,0
79317,5317,Student,696,3997518,4,27,9.86,0.58,2,28,0
132234,28094,Salaried,706,166805,5,42,9.03,2.61,3,30,1
83834,13202,Salaried,615,3870031,8,49,14.44,1.23,2,17,0
173419,5894,Self-Employed,670,1926740,2,31,10.85,2.6,2,28,0
172098,24255,Self-Employed,726,2728847,7,53,10.81,1.7,2,18,0
61716,6179,Salaried,812,3450184,8,49,17.59,0.96,1,16,1
152028,19236,Salaried,650,2890341,6,59,12.89,2.5,3,17,0
31549,3526,Salaried,690,4215539,14,32,8.78,1.44,3,18,0
90103,11251,Student,639,1031598,2,27,11.73,2.27,2,26,1
45421,4403,Salaried,647,1206397,7,59,14.05,2.59,3,24,0
175497,3455,Self-Employed,593,2805493,7,46,11.62,2.91,1,25,0
111936,7014,Salaried,735,1449479,5,29,8.76,0.71,2,16,0
149038,43856,Salaried,682,392756,5,54,12.72,0.52,1,19,1
116506,8704,Self-Employed,670,2038987,7,33,9.51,1.87,2,28,1
108726,26375,Salaried,713,3216120,9,56,14.38,1.16,2,15,0
126635,22854,Self-Employed,695,4742110,2,45,14.39,1.67,2,21,0
71282,18044,Student,792,794379,1,44,8.86,0.68,1,24,0
131035,1973,Self-Employed,667,826208,11,37,11.26,1.75,3,19,0
164986,64666,Self-Employed,643,1401170,12,22,12.43,0.81,3,27,0
68653,9588,Salaried,685,318847,1,33,13.73,2.6,3,13,0
33578,4050,Salaried,632,3528514,1,51,11.31,2.4,3,20,0
66633,14120,Salaried,630,4751653,14,49,11.23,0.69,1,14,0
25719,8946,Salaried,787,2908822,9,48,17.84,2.59,3,22,0
43328,3822,Self-Employed,703,1595509,11,47,8.9,1.31,3,19,0
152637,30172,Salaried,724,1718894,2,35,17.9,1.38,2,16,0
69189,6883,Student,629,4350633,9,51,8.95,0.95,1,20,0
141229,30137,Self-Employed,810,4959357,4,35,11.24,2.59,2,13,0
27935,8742,Salaried,724,205950,2,53,13.19,1.51,3,13,0
77616,28872,Self-Employed,757,2075163,14,40,9.86,0.62,2,14,0
174702,51794,Salaried,788,4657150,3,32,9.78,2.92,3,18,0
76610,5772,Self-Employed,717,4233121,11,57,10.93,1.14,2,10,0
190024,21100,Salaried,763,4862106,8,29,17.75,2.84,1,25,0
158698,24796,Student,704,2346412,11,43,12.11,1.25,2,14,0
137149,13463,Salaried,736,2768691,13,28,13.88,2.58,2,14,1
156632,21593,Salaried,765,2228840,6,52,15.19,2.16,2,16,0
121928,27961,Salaried,703,1878833,12,34,15.55,2.65,2,17,0
121420,19220,Student,700,4797466,13,47,15.04,2.94,3,28,0
43753,9661,Salaried,712,4682593,1,45,11.7,2.68,2,10,0
94619,31606,Student,718,454093,9,33,9.56,1.51,1,27,0
154896,31359,Salaried,686,2193075,9,41,11.18,2.54,2,20,0
144808,6094,Self-Employed,701,2278402,8,51,10.5,2.28,1,25,1
85048,19059,Salaried,690,53989,3,57,9.79,0.65,2,30,1
82586,31479,Salaried,697,2545236,13,25,8.73,2.82,3,20,0
145729,6583,Salaried,695,2998918,6,33,17.39,1.66,1,30,1
70500,27500,Salaried,611,1295692,4,48,17.25,0.84,1,18,0
107251,37647,Self-Employed,713,3389010,9,45,8.98,1.56,2,16,1
195930,48480,Self-Employed,691,2703878,6,55,10.14,2.01,3,24,0
184382,48366,Salaried,686,2077607,6,59,9.83,1.93,3,20,0
194479,55090,Self-Employed,786,2030943,11,27,11.17,1.94,1,28,1
64449,9189,Salaried,745,2817210,8,58,10.44,1.14,2,16,0
134283,40727,Salaried,767,895085,2,52,17.49,2.08,3,25,0
194611,5063,Salaried,697,1308255,10,23,9.3,2.77,3,12,0
53938,19567,Self-Employed,556,4827069,1,59,10.51,1.47,3,25,0
23458,4873,Salaried,688,762757,9,57,9.27,2.08,2,17,0
117794,20991,Salaried,716,203804,7,42,17.81,1.11,2,19,0
22474,7448,Salaried,656,4303361,14,28,17.22,0.62,1,18,0
153219,12715,Salaried,699,4162488,6,37,15.31,1.96,2,12,0
68536,7861,Self-Employed,668,4355950,7,47,12.55,0.62,3,16,0
117624,1906,Self-Employed,708,3769175,6,53,10.31,2.31,1,17,0
24846,8670,Salaried,672,3184734,2,37,10.6,2.18,2,12,0
169581,59920,Salaried,663,1333428,3,32,12.71,1.42,3,25,0
41457,15084,Self-Employed,759,3673409,4,47,15.8,1.53,3,23,0
119169,26231,Student,673,746715,11,28,11.01,2.79,1,16,0
71655,7331,Salaried,641,1250692,12,43,11.45,0.53,1,13,0
44452,14663,Self-Employed,768,2391132,6,49,14.2,1.91,2,15,1
131858,12839,Salaried,791,59401,12,40,10.76,2.81,2,16,1
83812,12623,Salaried,694,4164086,14,36,14.05,2.78,1,21,0
85603,4321,Self-Employed,630,3143083,5,37,12.18,1.96,1,16,0
20108,1658,Salaried,632,3456765,10,36,8.83,1.45,3,10,0
89567,2414,Self-Employed,660,924292,4,39,12.33,0.75,2,27,1
20697,3582,Salaried,679,1779455,14,28,17.24,0.93,3,20,0
105958,9673,Self-Employed,769,2297723,13,58,11.28,2.2,1,20,0
144898,5240,Salaried,699,2400390,9,58,11.57,0.54,1,26,0
144368,21681,Salaried,651,4409922,5,49,9.13,2.71,1,21,0
163204,39066,Salaried,741,1647152,10,56,14.34,1.97,2,28,0
141542,51890,Self-Employed,744,3509764,10,46,16.57,0.61,1,30,1
93936,35595,Salaried,734,1444350,9,51,11.85,1.1,1,27,0
71436,20358,Self-Employed,676,4469438,7,32,10.78,1.99,2,30,0
63802,8095,Self-Employed,672,2982894,4,37,17.59,0.59,1,22,0
143194,44510,Self-Employed,750,4860429,1,35,15.58,2.45,2,19,0
142924,14031,Self-Employed,734,2003572,9,29,13.89,2.8,1,28,1
16823,2328,Self-Employed,683,2835184,7,59,11.4,2.9,2,13,0
30606,5211,Salaried,695,3497264,14,32,10.6,2.33,2,24,0
150956,18745,Student,643,84936,8,52,15.3,2.64,2,27,1
110408,35179,Self-Employed,682,2336641,11,45,13.46,2.03,2,10,0
32276,10960,Salaried,643,3181081,14,59,13.45,1.65,3,28,0
175333,33202,Self-Employed,759,1909257,11,38,9.2,2.28,2,11,0
194014,35079,Self-Employed,639,4842848,14,35,13.37,1.06,2,19,0
76326,18028,Salaried,701,628990,3,52,16.32,0.77,2,27,0
38336,1338,Salaried,764,1972236,1,26,17.49,2.4,2,13,0
42396,3925,Salaried,639,2258581,14,55,9.51,2.9,1,19,0
79899,31704,Salaried,707,2255771,9,54,14.5,1.94,1,30,0
61047,5642,Salaried,616,1100236,6,58,13.9,1.71,2,13,0
136129,17962,Salaried,729,1688680,4,25,16.96,1.84,2,30,0
64141,14014,Salaried,676,4126545,4,38,15.64,1.7,3,27,0
128773,30623,Salaried,769,311984,10,36,17.67,1.61,2,29,1
47016,9593,Salaried,629,1635931,1,28,17.62,2.87,2,13,0
154188,13354,Salaried,699,378474,4,45,10.64,1.7,2,24,0
161146,59495,Self-Employed,680,3093730,10,52,15.39,0.7,1,27,0
170387,12297,Salaried,728,4068174,1,46,13.54,2.41,2,18,0
30183,11540,Salaried,660,4277686,11,42,10.54,1.48,2,29,0
87740,7377,Self-Employed,611,3078962,3,51,10.35,2.28,3,26,0
36946,9251,Salaried,686,2793226,6,30,9.27,1.95,1,12,0
107828,41481,Salaried,586,4036237,2,32,16.06,2.28,3,22,0
185325,72235,Self-Employed,696,1008952,8,48,11.58,0.65,2,16,1
194444,64994,Student,657,720507,9,26,16.64,0.58,3,23,0
42288,6438,Salaried,695,3332169,10,40,14.28,1.45,2,15,0
183588,32949,Salaried,655,4651101,1,25,14.9,2.23,2,23,0
123592,17829,Salaried,650,2848351,12,43,11.27,1.06,1,23,0
72408,6034,Student,724,2447784,8,29,12.84,1.58,3,23,0
149048,740,Salaried,667,1536632,6,49,12.42,2.95,2,29,0
192355,62891,Self-Employed,735,3180024,12,36,10.74,1.04,3,27,0
67925,12553,Salaried,714,1810145,7,42,16.41,2.62,1,18,0
33451,12027,Salaried,688,288939,2,28,14.41,2.56,2,21,0
152580,31945,Self-Employed,717,4391435,6,40,8.86,2.73,1,23,0
102248,13748,Salaried,663,4745448,6,34,16.29,2.79,3,25,0
110065,7883,Salaried,708,2480460,3,59,9.51,1.77,3,11,0
42959,8594,Salaried,666,3777131,12,57,12.34,2.2,3,25,0
27409,3002,Salaried,705,315268,12,54,13.93,2.05,2,27,0
185835,11152,Salaried,715,1574146,4,31,8.57,1.27,2,18,1
146921,24682,Salaried,684,1653447,13,53,14.7,1.2,2,17,0
49929,8951,Salaried,664,2898546,5,51,14.77,1.35,1,10,0
16806,6618,Self-Employed,728,2757713,3,54,14.7,1.05,3,14,0
121065,13321,Student,626,2465254,13,27,10.05,2.39,3,16,0
45207,1340,Student,671,123744,10,43,10.93,2.91,3,19,0
32914,3813,Self-Employed,704,1997953,11,27,10.85,2.67,1,20,0
19302,3493,Salaried,689,1946797,12,45,17.62,1.04,2,21,0
125454,28888,Self-Employed,668,4763849,5,23,9.14,0.63,1,10,0
115957,9253,Salaried,644,373073,6,58,12.57,2.39,3,15,0
118410,18531,Student,704,2608979,12,40,16.78,1.48,3,13,0
29661,10152,Salaried,702,144217,7,54,15.81,2.56,1,12,0
22619,1991,Salaried,691,3643934,13,50,16.31,2.45,2,13,0
132829,31636,Salaried,713,3753626,6,37,17.74,2.06,2,15,0
72110,19894,Salaried,707,1509603,10,30,12.18,1.14,3,14,0
173390,4071,Self-Employed,736,2993392,14,55,11.44,0.76,1,18,0
196607,11812,Self-Employed,638,3916903,7,40,8.79,1.13,2,13,1
90883,17067,Self-Employed,787,4942446,11,38,9.93,1.77,1,23,0
158552,2803,Salaried,714,2294316,14,47,13.84,2.95,3,24,0
109717,733,Salaried,699,4012705,6,56,10.0,0.66,3,13,0
112078,36367,Salaried,730,4813900,11,43,15.49,1.0,3,23,1
131227,46722,Salaried,756,4213136,8,52,8.85,2.07,3,19,0
126788,17184,Salaried,766,3207195,11,30,10.97,1.26,2,16,0
98405,16008,Salaried,683,1893072,2,31,15.11,2.65,3,27,0
75757,1283,Salaried,651,379901,4,58,10.93,0.85,2,29,0
120425,6415,Self-Employed,750,3721156,6,26,15.42,2.91,2,24,0
29253,7962,Salaried,735,428617,13,54,17.96,2.78,1,17,0
77389,19999,Student,669,194030,12,56,16.07,2.72,3,18,0
170556,59761,Salaried,665,1322473,3,57,11.75,0.93,2,14,0
120481,11543,Salaried,718,256328,8,37,17.06,1.32,1,15,1
186863,40384,Salaried,715,1455797,4,32,8.99,2.51,1,21,0
25637,713,Self-Employed,742,4204865,8,41,15.39,2.52,3,16,0
117396,39014,Self-Employed,779,3966804,9,39,8.72,2.26,3,16,0
156083,61466,Salaried,723,3939829,8,23,10.16,1.62,1,24,0
177794,59242,Salaried,708,3610104,10,38,17.88,1.28,2,28,1
136229,9004,Salaried,657,1771667,4,39,11.93,2.91,3,22,0
32921,13130,Salaried,599,838214,5,26,16.29,0.85,1,27,0
20873,2235,Salaried,691,2897908,7,36,12.07,0.61,1,19,0
118028,969,Self-Employed,781,2310294,3,28,16.48,0.52,2,17,0
159447,36286,Salaried,718,4652949,9,38,17.67,2.44,2,20,0
52850,4010,Self-Employed,688,2604741,5,59,12.64,0.64,1,17,0
173197,47152,Salaried,676,914931,5,32,13.81,1.85,2,17,0
126409,15266,Salaried,650,4946017,1,30,14.47,1.42,3,24,0
94778,30514,Salaried,767,2736206,9,27,17.38,0.87,1,11,0
123299,9288,Salaried,601,3022959,9,21,10.94,2.35,2,29,0
96931,33284,Self-Employed,695,1021197,6,56,14.31,0.64,2,22,0
138052,47808,Salaried,770,2652388,12,41,11.58,1.3,2,27,0
131298,2793,Salaried,634,2378028,14,57,10.56,1.91,2,21,0
35312,12625,Salaried,619,4539671,2,44,9.31,1.51,1,17,0
139798,50534,Salaried,646,488462,3,45,14.4,1.15,2,26,1
98088,1367,Salaried,746,4075651,14,27,16.88,2.82,3,15,0
179770,64636,Self-Employed,666,157624,5,37,11.84,2.83,3,25,1
31034,4815,Salaried,670,648240,1,49,13.75,1.54,1,23,0
175162,49046,Salaried,760,894083,8,50,14.6,1.48,1,19,1
72201,3680,Self-Employed,761,4931283,8,27,12.44,1.27,3,11,0
159289,60117,Salaried,849,4623799,5,53,17.08,2.64,3,22,0
119645,19798,Self-Employed,732,1199161,4,27,11.95,1.92,1,10,0
95824,29099,Self-Employed,649,3118781,9,44,9.69,0.72,3,27,0
46926,933,Salaried,702,496613,9,31,9.87,2.63,3,23,1
135962,45202,Self-Employed,725,1718314,11,29,16.96,1.84,1,12,0
38562,8165,Salaried,716,912468,8,32,17.89,1.54,1,24,0
41010,1439,Salaried,659,1750322,6,55,11.24,1.34,2,18,0
185455,17441,Self-Employed,706,3462698,2,24,9.86,0.75,2,22,1
116671,20651,Salaried,671,3165287,12,56,13.08,2.89,3,14,0
161604,12441,Student,622,319803,3,48,15.24,2.35,1,14,0
185929,17081,Self-Employed,659,4425336,12,33,14.32,0.83,2,11,0
89271,30280,Salaried,754,1742618,14,43,17.54,1.78,3,10,0
163769,37169,Salaried,664,1013166,5,39,16.27,1.89,3,26,0
76750,23117,Salaried,641,1850375,3,57,16.76,0.92,3,28,0
106694,25797,Salaried,766,4571664,12,59,13.65,1.57,3,26,0
187776,41329,Self-Employed,732,1268302,2,44,11.61,2.11,1,18,1
179312,23516,Salaried,668,187405,7,36,15.17,1.21,3,19,1
145750,41098,Salaried,731,2046257,6,53,12.67,1.33,2,24,0
56032,16546,Self-Employed,736,1081004,8,32,11.23,0.81,1,22,0
43786,5325,Salaried,741,3601785,2,54,9.95,1.53,3,30,0
149723,56897,Salaried,681,1385785,11,27,13.51,1.96,2,30,1
101920,40318,Salaried,736,253487,13,31,14.15,0.79,2,26,0
187573,73211,Self-Employed,710,4949792,1,51,13.9,2.04,1,16,0
178100,58371,Salaried,702,2932998,13,49,9.61,1.49,1,13,0
190432,67353,Salaried,627,4457245,13,33,13.91,2.2,1,12,0
169366,14076,Salaried,751,2484206,11,51,10.1,1.29,2,10,0
48180,7606,Salaried,795,3270865,5,22,14.81,1.92,2,16,0
101724,14637,Self-Employed,713,67455,8,59,12.58,2.03,3,14,0
154340,10946,Salaried,700,4868122,7,35,16.56,2.23,1,26,0
49042,18773,Salaried,696,1837817,5,31,15.89,2.39,1,26,0
41143,4161,Salaried,718,1182531,6,54,15.38,0.84,1,24,0
189988,53014,Self-Employed,691,1172362,5,59,15.16,2.91,1,12,0
21941,8531,Salaried,716,4456485,6,24,13.82,2.61,2,12,0
161612,41704,Self-Employed,703,1004815,8,31,9.08,1.91,1,11,0
109066,25598,Salaried,752,3197636,9,49,14.73,2.73,2,17,1
64739,6145,Salaried,728,1140225,5,22,12.94,1.46,2,22,0
127365,4121,Student,746,4115577,1,36,12.96,0.59,1,15,0
48818,12470,Salaried,660,4218128,12,59,12.1,2.32,2,14,0
192607,72267,Salaried,718,567116,11,33,17.33,2.86,2,22,0
34723,4208,Salaried,670,1063729,6,57,10.87,0.9,1,10,0
151197,56920,Salaried,668,2000781,4,37,11.51,2.11,1,27,0
47585,18076,Salaried,709,4126538,12,41,17.65,2.53,3,16,0
61714,5010,Salaried,614,1139960,11,39,16.2,2.76,2,26,0
184443,51523,Salaried,638,3683999,14,27,8.63,1.19,2,17,0
166014,2916,Salaried,720,1109407,9,58,17.11,0.82,3,28,0
53304,7850,Salaried,733,1807725,3,28,10.65,1.12,3,25,1
28546,9689,Salaried,652,3230427,1,33,15.21,1.94,1,23,0
48206,536,Salaried,656,219766,11,57,13.75,2.8,3,29,0
134002,24502,Self-Employed,716,473638,14,22,13.6,1.96,1,19,1
161722,64411,Salaried,642,2558815,3,31,15.32,2.8,1,11,0
144840,57283,Salaried,660,3518471,3,44,10.47,2.43,1,30,0
98698,8628,Salaried,685,4625334,5,26,10.01,2.0,2,25,0
179664,14241,Salaried,648,4267184,9,46,14.69,0.55,2,22,1
103833,33817,Salaried,721,2110418,1,27,11.26,1.33,1,14,0
88285,11312,Salaried,739,3081073,11,59,17.75,0.64,3,27,0
104896,39314,Student,690,707087,7,39,12.79,1.31,2,29,1
120036,47635,Self-Employed,743,3527947,2,26,9.56,0.66,2,20,0
91363,7274,Salaried,696,2640671,1,49,15.02,0.92,3,14,0
65773,4571,Self-Employed,689,3503349,13,59,11.41,1.53,2,22,0
47558,15750,Student,729,2126062,7,22,9.91,1.79,3,10,0
55698,3765,Salaried,681,4290943,9,39,12.52,1.04,3,15,1
180756,37045,Student,769,2766879,6,24,17.66,2.33,2,20,0
153023,20514,Self-Employed,824,3453622,8,26,12.41,1.98,3,19,0
35840,6065,Self-Employed,646,399811,2,57,11.8,2.23,3,10,0
99252,33827,Self-Employed,649,3279750,8,48,12.72,2.33,1,25,0
44548,13191,Self-Employed,740,3869789,8,50,8.62,2.32,1,22,0
178176,58493,Salaried,695,239069,4,27,9.76,2.84,2,30,0
153653,20470,Self-Employed,760,2919349,11,29,16.57,1.09,3,25,0
70370,13411,Salaried,756,4699770,9,45,17.79,1.18,2,24,0
151999,35185,Salaried,702,2397384,1,53,10.0,0.74,2,16,0
64860,8437,Self-Employed,696,4942011,4,21,13.59,1.98,1,23,0
165399,38929,Salaried,609,419667,5,26,17.68,1.49,3,20,1
170659,8961,Self-Employed,758,4647965,14,38,9.99,1.74,2,22,0
53157,6183,Salaried,639,3009066,7,30,10.27,0.92,2,14,0
19617,3800,Self-Employed,625,2071971,10,48,17.3,2.12,1,27,0
169011,50784,Salaried,629,1309859,6,31,15.2,2.05,1,12,0
60883,21328,Salaried,670,1063955,7,53,9.94,1.16,1,21,1
192405,69457,Self-Employed,783,1206411,12,21,12.24,1.66,2,16,0
79870,22779,Salaried,694,104181,13,33,9.03,2.74,3,29,0
177521,40136,Salaried,628,3920191,13,57,12.61,2.43,1,24,0
103043,22099,Salaried,655,882082,9,40,15.89,1.07,1,10,1
168668,23448,Salaried,759,4486912,4,21,13.76,2.7,3,28,0
30633,6400,Salaried,655,1300126,4,23,14.65,0.67,2,19,0
77990,9863,Self-Employed,710,553477,11,38,11.6,1.53,2,23,1
19075,4802,Salaried,769,4389727,6,34,10.03,0.7,3,24,0
184155,39375,Salaried,715,3790465,13,51,8.62,2.81,1,11,0
194326,69108,Salaried,743,2632869,12,47,16.3,0.6,3,26,1
21294,1021,Self-Employed,686,3624654,8,37,14.55,0.88,2,19,0
169184,14245,Salaried,735,830470,9,49,10.68,2.79,2,14,1
194736,66873,Self-Employed,688,4477739,1,56,12.48,1.96,1,15,0
124202,22973,Salaried,629,450114,4,57,16.11,2.49,1,15,0
112347,3467,Student,696,4056113,6,46,13.62,0.54,3,15,0
191642,20768,Salaried,728,1087201,3,37,11.35,1.55,2,23,0
30148,10186,Self-Employed,651,4145411,12,42,11.04,2.96,2,22,0
185469,49262,Salaried,700,874941,2,45,10.57,1.95,3,22,0
155743,10983,Salaried,562,2338556,4,22,16.33,2.62,1,19,0
187111,55127,Salaried,614,2569410,9,42,14.03,2.91,2,25,0
138859,19478,Self-Employed,606,4915253,2,25,15.24,2.21,2,16,0
159806,17767,Salaried,669,601488,2,24,16.67,1.32,1,12,0
31402,5201,Salaried,673,90454,2,56,17.88,1.27,2,24,0
190963,26089,Salaried,616,2635891,4,26,10.87,0.68,1,14,0
162021,44241,Salaried,679,2967615,6,41,10.22,1.57,3,17,1
143169,17064,Salaried,623,81191,1,33,12.89,2.79,1,14,1
52092,5958,Self-Employed,625,499738,12,57,8.83,1.7,1,11,0
86344,29281,Self-Employed,662,4304154,10,45,16.02,2.78,3,28,0
73676,1449,Salaried,691,4904167,11,46,16.9,2.54,2,20,1
168019,65387,Salaried,772,4237440,9,59,15.02,2.96,2,20,0
28008,3122,Salaried,623,2004727,9,40,11.05,2.87,1,12,0
171838,37855,Salaried,702,4719145,10,53,9.67,2.27,1,22,0
173972,8897,Salaried,783,4689561,10,34,12.13,2.68,3,29,0
153528,12907,Salaried,716,4231721,14,56,16.42,2.37,3,28,0
80880,18810,Student,734,1660444,3,37,11.8,2.26,2,24,0
89891,21412,Salaried,780,463951,13,41,8.83,2.29,2,15,0
27877,10078,Salaried,699,1979023,13,36,11.11,2.3,3,22,0
62632,6866,Self-Employed,743,495228,13,36,17.9,1.45,1,27,1
135005,30465,Salaried,661,1517388,4,40,14.93,1.56,3,27,0
55511,10394,Salaried,667,4372317,8,49,17.06,1.24,2,10,0
197317,48473,Salaried,680,1002941,3,48,15.86,0.87,1,30,0
183939,3008,Salaried,725,3998353,4,28,13.63,1.65,3,30,0
24219,1936,Salaried,711,1448745,10,44,9.91,2.75,2,20,0
164576,51887,Self-Employed,689,1787820,8,23,11.81,2.13,1,25,0
165035,18514,Salaried,636,3124177,3,45,14.05,0.64,1,10,0
160985,2712,Student,696,3863852,9,39,16.77,2.53,1,28,0
79800,1985,Salaried,621,3064207,6,53,11.05,2.84,1,17,0
160322,60824,Salaried,763,1503876,8,22,9.65,2.57,1,28,0
134931,34358,Salaried,694,2700766,6,35,13.81,2.32,3,25,0
130509,45340,Salaried,740,4598491,14,42,10.18,0.88,1,12,0
88521,24906,Salaried,618,1749793,11,30,14.3,1.37,3,11,1
55224,21061,Self-Employed,785,1276420,8,38,11.0,1.91,1,21,1
40832,5833,Salaried,667,306602,9,42,10.69,0.69,2,19,1
49850,3969,Salaried,646,4480003,3,47,12.29,0.77,1,11,0
35646,5393,Self-Employed,684,4557999,3,33,14.14,2.84,3,30,0
113620,15090,Salaried,733,3297808,11,53,13.68,2.26,2,14,0
121862,45283,Self-Employed,724,586369,13,25,10.82,1.19,2,14,1
162432,36244,Salaried,755,3252197,4,46,16.97,1.32,3,15,0
160579,35133,Self-Employed,716,1521114,8,33,9.54,1.46,2,12,1
47021,13523,Self-Employed,740,4233696,4,47,8.87,0.69,3,19,0
125494,42371,Self-Employed,655,3110820,13,34,14.23,2.35,1,14,0
145436,13477,Self-Employed,669,4096423,14,44,9.67,0.94,1,29,0
153418,38889,Salaried,713,3812464,3,23,13.3,2.51,3,14,0
194282,63925,Salaried,751,3209651,14,50,17.54,2.61,1,24,0
120157,47049,Salaried,691,1203607,3,55,15.14,2.1,2,26,0
142455,30703,Salaried,727,3781275,5,34,14.37,2.42,1,26,0
103122,35773,Salaried,763,936485,7,32,13.96,0.93,1,27,0
32761,10024,Salaried,664,460668,8,48,10.21,1.94,2,19,0
135919,45015,Salaried,693,3528045,5,49,12.61,2.19,2,16,0
31752,5126,Salaried,749,2230242,12,37,11.75,2.15,1,20,0
67827,17914,Salaried,766,3588066,11,41,17.55,0.79,1,23,0
158409,60937,Salaried,699,2435362,9,43,10.8,1.36,1,18,0
76482,29053,Self-Employed,758,1958336,2,40,12.98,1.31,3,26,0
94753,18992,Self-Employed,671,1700282,10,31,17.41,1.93,3,11,0
45649,10296,Salaried,696,460775,12,54,16.0,2.41,1,26,0
63037,3571,Self-Employed,703,4342615,6,30,17.66,1.93,1,26,0
35484,2887,Salaried,780,3815169,14,30,14.28,2.39,2,29,0
88432,17356,Self-Employed,660,1012831,11,26,11.67,0.75,1,19,0
133126,5652,Student,715,1578714,6,56,16.35,2.7,1,21,0
63513,18257,Salaried,782,4252260,1,44,11.27,1.84,3,21,0
147266,27616,Salaried,687,3327561,11,32,10.07,0.59,3,24,0
23287,5466,Salaried,678,1203689,14,43,15.21,2.11,3,18,0
199874,74845,Salaried,718,3927119,14,47,14.57,1.79,2,27,0
158180,9844,Salaried,683,2227923,14,57,16.85,1.05,1,25,0
124154,2842,Self-Employed,727,2329676,1,26,17.64,2.41,3,16,0
85495,9818,Self-Employed,645,3140803,7,21,16.64,2.83,2,23,0
111964,11925,Salaried,634,4573320,6,26,9.07,1.31,1,13,0
146073,49901,Salaried,663,1068656,4,42,14.81,1.73,1,12,0
126164,45138,Self-Employed,660,1656249,9,44,15.95,0.82,2,21,0
199640,32388,Salaried,671,4282934,9,45,17.83,2.82,1,25,0
177449,10945,Salaried,680,874051,7,35,12.06,1.3,2,13,1
175672,3609,Self-Employed,705,1016779,14,46,10.11,0.99,2,13,0
194581,34912,Self-Employed,642,4554936,13,28,16.6,1.7,3,12,0
124523,31084,Salaried,719,1066489,4,44,11.52,0.61,2,18,0
60225,15241,Student,669,2921167,9,58,14.18,1.13,3,23,0
192762,25916,Self-Employed,674,3766641,9,26,12.2,0.67,1,21,0
65271,9609,Salaried,696,2406198,2,55,12.32,0.82,3,19,0
18850,3937,Self-Employed,691,2703740,9,21,15.46,0.78,2,23,0
154973,60770,Self-Employed,775,4613923,9,56,11.93,2.68,3,21,0
81327,14315,Salaried,740,3270424,1,32,15.08,2.83,1,21,0
70217,13947,Self-Employed,681,1624746,11,58,8.64,1.69,3,11,0
144870,32388,Salaried,772,2318386,12,31,11.58,2.08,1,28,0
182935,43434,Student,699,4002865,4,32,11.53,2.24,2,22,0
52994,7931,Salaried,742,3138164,12,59,15.61,1.48,3,19,0
115645,220,Self-Employed,579,2054431,6,27,11.49,1.43,1,30,0
120142,5231,Self-Employed,759,2599948,8,31,14.52,2.19,1,10,0
78758,6869,Salaried,752,3223635,8,56,15.04,1.44,3,10,0
133630,44527,Self-Employed,690,3654224,12,51,14.76,1.95,3,17,0
76329,27430,Salaried,750,3271789,4,53,14.23,1.79,3,15,0
101158,24895,Salaried,699,965884,12,33,12.43,1.81,3,29,1
198839,67532,Self-Employed,776,4308612,14,38,12.05,2.57,3,12,0
160869,49261,Self-Employed,704,493086,9,44,13.86,2.26,1,22,0
138006,15889,Salaried,704,1649981,4,29,9.11,2.9,2,21,0
97455,31866,Self-Employed,633,1725038,9,51,16.82,2.48,1,29,0
48673,2131,Salaried,758,684514,1,30,16.34,0.86,3,25,0
113186,8708,Salaried,755,643160,11,22,11.79,2.35,3,20,1
26416,2375,Student,757,3404241,6,58,13.88,2.16,2,13,0
89497,7602,Student,773,2166068,8,35,17.36,2.12,3,17,1
142375,21259,Salaried,703,3078362,2,23,11.08,1.7,2,16,0
151401,32106,Self-Employed,703,4353876,12,51,15.55,0.66,3,25,0
122604,4335,Salaried,662,3718381,2,26,9.29,2.88,1,21,0
116645,30993,Self-Employed,747,3398725,7,23,13.47,2.63,2,15,0
97387,9156,Salaried,754,1412658,14,31,16.9,1.72,1,15,1
69941,25089,Salaried,744,3802195,11,35,13.74,0.9,3,20,0
114180,24538,Salaried,751,1100850,8,48,14.35,2.56,1,21,0
95849,13549,Self-Employed,714,3679786,8,30,17.12,1.58,1,25,0
86564,32498,Self-Employed,693,876885,8,58,15.3,1.48,1,25,0
66092,20780,Salaried,740,1335769,11,27,15.11,2.16,2,25,0
55344,6607,Student,603,4529854,14,35,14.07,2.4,2,13,0
136760,42195,Salaried,722,2683892,13,38,14.51,0.66,2,21,1
163504,18343,Salaried,670,418989,12,38,16.14,2.42,1,14,1
131508,47841,Self-Employed,710,1768527,10,44,17.8,2.33,1,18,1
24011,3909,Salaried,718,2962148,10,22,16.06,1.97,3,27,0
25677,4029,Salaried,638,3347240,1,40,15.22,1.35,2,18,0
192437,59850,Self-Employed,660,1607391,6,54,9.79,0.91,3,25,1
43595,605,Salaried,688,2855873,7,46,16.26,0.76,1,30,0
103008,20827,Self-Employed,656,4294908,6,27,15.49,0.5,2,10,0
83523,19173,Salaried,821,4738584,10,58,15.82,1.02,3,14,0
145061,22036,Salaried,687,4859958,12,50,10.7,1.53,1,28,0
85724,9461,Salaried,768,2883202,9,25,17.08,1.11,1,12,0
56901,17326,Salaried,759,646107,13,31,9.42,1.27,1,10,0
124870,9381,Salaried,724,1297786,6,21,10.91,1.48,2,23,1
111070,12057,Salaried,810,4156571,8,54,14.8,1.27,2,27,0
32069,9657,Salaried,780,2537232,13,21,14.9,2.31,3,17,0
43389,904,Salaried,697,1624158,2,39,11.48,1.73,1,23,0
122359,1556,Salaried,639,3316249,12,22,15.16,0.55,2,29,1
45064,4784,Student,741,4563600,10,41,12.19,1.07,2,29,0
177754,68383,Salaried,653,3650995,14,40,8.5,2.27,1,22,0
121979,10304,Salaried,751,941591,9,43,10.04,1.25,1,30,0
40609,8957,Self-Employed,677,2188127,8,41,16.88,2.8,3,25,0
90298,32846,Self-Employed,653,1982657,5,44,10.62,2.28,3,18,0
95794,9803,Salaried,628,4466100,7,24,9.57,1.22,3,16,0
194264,53502,Salaried,661,442716,4,32,14.98,1.79,2,12,1
109242,41073,Self-Employed,722,1035955,10,42,12.69,2.17,2,29,1
110924,43051,Salaried,777,4473877,9,40,16.07,0.98,2,10,0
46546,16179,Salaried,673,633199,10,38,16.68,1.12,2,17,0
118865,30496,Salaried,635,2192161,5,21,16.54,1.77,2,23,0
129473,3875,Salaried,787,4546325,14,50,11.47,2.81,1,22,0
59650,18146,Self-Employed,648,94868,5,53,13.3,1.36,3,16,0
130328,1822,Salaried,682,2664745,7,44,14.68,1.51,3,22,0
113882,5004,Self-Employed,711,4181368,11,34,11.56,0.98,3,16,0
158168,16097,Salaried,611,2750191,5,56,8.89,1.98,3,29,0
93126,21407,Self-Employed,691,2648318,4,25,13.21,2.35,1,29,0
136618,16248,Self-Employed,684,4124610,2,31,8.62,1.6,2,14,0
28617,8794,Salaried,659,654093,14,44,17.53,2.38,2,13,0
157647,4109,Self-Employed,682,2323754,11,51,16.07,1.26,2,13,0
199048,43512,Self-Employed,663,2317215,12,33,10.32,2.27,3,15,0
105033,5378,Salaried,619,309585,13,36,11.23,1.15,3,23,0
75730,25994,Student,691,4928162,10,44,17.84,2.45,1,12,0
142671,13663,Salaried,782,4264698,5,33,12.05,2.58,1,12,1
161525,43617,Salaried,766,3256433,13,44,15.95,2.49,2,12,0
170102,17659,Salaried,643,3819461,13,46,12.74,1.04,2,13,0
185137,27102,Salaried,682,1848421,9,22,16.71,2.24,2,18,0
167729,55450,Salaried,672,3262924,13,36,15.19,1.85,2,25,1
184933,22841,Self-Employed,674,1821542,8,58,8.72,2.97,2,28,0
62704,22314,Salaried,764,3807613,1,21,11.3,1.4,2,25,0
89800,7754,Salaried,740,3268437,7,31,13.8,2.43,3,21,0
46563,4618,Self-Employed,682,1092352,9,55,17.3,1.43,1,15,0
166907,17472,Salaried,619,3442885,9,49,9.47,1.49,1,29,0
155002,32597,Salaried,704,595101,3,57,14.21,0.78,3,30,0
112733,10547,Salaried,688,1322980,5,37,11.37,1.1,2,30,0
109729,37804,Salaried,728,187585,9,59,16.95,0.91,2,12,0
178963,49399,Salaried,629,4112305,10,48,15.77,0.9,2,30,0
106585,31856,Self-Employed,730,4218437,11,49,12.01,0.52,1,14,0
187370,31919,Salaried,598,293805,10,23,10.09,2.48,1,16,1
135980,43012,Salaried,663,550155,8,30,8.61,1.67,2,14,1
26800,6839,Salaried,683,2997053,5,34,14.4,2.51,2,18,1
43617,17258,Self-Employed,763,56630,6,32,12.36,2.03,3,24,0
78579,26273,Salaried,732,1595903,8,50,11.49,2.58,2,30,1
189884,19190,Student,711,1727388,1,52,17.86,1.76,3,29,0
127689,660,Salaried,796,1017353,2,52,12.93,0.74,2,15,1
140219,978,Salaried,746,1289530,13,52,15.62,2.04,2,17,0
82867,16031,Salaried,693,3323951,6,46,10.19,2.19,2,29,0
111324,25698,Student,716,4220241,2,21,8.63,2.07,3,14,0
126702,22265,Self-Employed,761,1636752,10,22,12.47,2.5,3,26,1
67242,14187,Salaried,736,4166374,3,37,14.82,2.33,3,19,0
23625,1629,Salaried,774,1776596,14,50,13.31,1.58,1,10,0
107390,8859,Self-Employed,701,3233206,1,59,16.96,2.55,1,25,0
45457,1821,Salaried,696,494908,9,27,12.62,2.23,2,30,0
165305,15219,Student,613,4985072,5,47,11.45,0.8,3,10,0
192342,43674,Salaried,727,3016062,2,29,17.2,1.85,3,12,0
76038,2331,Salaried,781,1134136,13,42,12.36,2.32,2,15,1
169061,13453,Self-Employed,771,3852657,2,54,11.06,1.88,2,26,0
83768,30582,Salaried,796,4122541,8,21,9.43,2.87,2,11,0
153701,32520,Salaried,643,3646823,10,29,16.04,0.75,2,14,0
178216,58467,Self-Employed,655,2213002,10,40,16.34,2.31,3,20,0
36754,1600,Salaried,710,380297,4,39,8.82,2.56,1,19,1
44669,11724,Salaried,688,2993097,11,56,11.91,2.26,3,24,0
19389,245,Salaried,706,1691920,10,24,15.62,1.46,1,27,0
71735,10840,Self-Employed,701,4654863,13,29,17.49,1.46,2,26,0
36310,298,Salaried,830,3916167,12,42,12.09,1.97,1,23,1
103359,15649,Salaried,786,1261648,8,38,16.78,1.49,3,22,0
103279,1382,Salaried,670,2781114,13,32,12.24,2.71,3,29,0
96127,5163,Self-Employed,700,2594131,4,59,10.21,0.77,3,11,0
151990,46906,Salaried,683,2993300,14,29,8.53,2.1,3,21,1
65966,3526,Student,699,2255309,7,26,11.64,0.84,3,20,1
16087,6401,Salaried,704,4667532,2,39,12.1,1.85,3,28,0
88547,35368,Student,703,2500892,10,27,17.48,2.29,2,21,0
183324,34099,Self-Employed,771,2203907,7,36,10.46,0.91,1,13,0
23084,8742,Salaried,644,4133868,14,25,12.13,2.26,2,19,0
39776,7556,Salaried,687,1430696,1,36,8.74,0.85,1,21,0
120187,1777,Self-Employed,715,3505498,11,21,15.75,2.05,1,16,0
15604,4661,Salaried,601,2224146,2,57,17.19,1.76,1,15,0
124389,6447,Salaried,749,1950882,3,59,10.76,1.25,3,17,0
81446,20380,Salaried,707,1905662,4,39,12.58,0.78,3,20,0
183454,31460,Self-Employed,630,3558095,12,57,9.66,2.34,3,15,0
51431,11519,Self-Employed,733,3078969,4,37,12.84,1.45,1,30,0
90278,14178,Self-Employed,615,3654258,1,46,9.77,0.72,1,12,0
85415,17695,Student,628,3257204,3,42,13.47,2.43,1,30,0
152703,52464,Salaried,693,3125977,1,28,15.48,1.08,2,29,0
139121,47758,Self-Employed,698,4121118,12,53,13.76,2.34,3,28,0
179466,5886,Salaried,764,2764263,9,22,10.83,1.91,3,10,0
110191,20446,Salaried,748,4134899,10,50,11.86,0.99,3,13,0
65705,6744,Salaried,619,3499491,10,40,14.57,0.69,2,28,0
130675,41572,Self-Employed,639,1706914,6,38,14.1,1.98,2,29,0
59174,9468,Student,653,984906,5,30,9.8,0.56,2,26,0
61982,6657,Salaried,661,4800899,5,44,16.53,0.66,1,28,0
49314,13691,Salaried,694,4792638,8,24,13.01,2.26,2,23,0
113859,24781,Salaried,753,3736517,12,57,10.04,1.85,1,19,0
36874,6371,Salaried,676,3368808,7,24,9.67,1.32,1,30,0
83536,5515,Salaried,724,2385825,4,33,17.67,1.85,3,18,1
105642,29039,Self-Employed,664,1329948,6,45,11.17,1.98,3,25,0
108074,31246,Salaried,692,3369892,9,33,17.13,1.91,2,24,0
156341,9362,Self-Employed,724,2732275,1,38,12.4,2.11,1,25,0
20333,7462,Salaried,775,4873029,14,44,12.17,2.85,1,27,0
150976,4898,Student,656,1294457,1,22,15.16,1.47,1,30,0
19572,6867,Self-Employed,723,3591308,12,53,8.59,1.25,3,19,0
30625,6846,Salaried,635,1308583,13,39,11.71,0.6,3,12,0
87449,34328,Salaried,557,4852279,9,29,11.38,0.87,3,16,0
133632,42715,Student,690,3621510,5,48,16.75,0.77,3,16,0
136732,3810,Self-Employed,721,1260185,2,55,13.53,1.34,3,29,0
177181,68666,Salaried,801,2161188,1,59,11.96,2.02,3,20,0
100612,31795,Self-Employed,688,695002,5,30,11.03,0.62,2,12,1
103209,14299,Self-Employed,640,2337354,6,21,14.11,2.32,2,27,0
92863,26198,Student,667,105450,4,41,9.94,1.49,2,21,0
94926,36698,Salaried,633,816018,2,29,10.84,2.91,2,26,0
105007,38871,Self-Employed,679,92642,5,35,11.29,1.92,1,18,1
54956,9711,Salaried,714,4576165,9,55,14.28,2.43,3,14,0
171528,52254,Salaried,601,2580586,9,25,12.05,2.65,3,27,0
149363,46351,Self-Employed,678,3179019,9,42,13.3,2.72,2,18,0
139796,22891,Salaried,655,1920902,3,43,14.68,1.8,1,22,1
16817,3180,Student,686,1520113,6,27,17.58,1.49,2,12,0
198081,26952,Salaried,686,2692906,8,43,15.77,1.9,3,13,1
40210,1237,Salaried,767,4462570,1,45,12.35,1.51,2,27,0
16433,4087,Salaried,677,2525516,2,47,15.61,1.1,1,29,0
57830,4963,Student,728,2813940,6,26,17.52,1.31,3,30,0
98787,15027,Salaried,772,4991218,2,54,13.24,1.08,1,24,0
118384,20157,Self-Employed,737,1475692,5,29,12.4,1.17,2,29,0
180002,29330,Salaried,708,3557747,10,53,9.24,0.73,3,15,0
134430,47633,Salaried,743,4853016,6,26,16.98,1.57,1,18,0
118632,12511,Salaried,766,4243508,3,57,10.84,1.09,1,20,0
117529,46530,Salaried,598,3324471,1,51,9.11,1.62,1,22,0
78910,17736,Self-Employed,691,4680364,4,54,13.6,2.48,3,13,0
184985,45262,Self-Employed,771,549328,8,49,16.54,1.62,3,24,0
142804,16883,Salaried,798,3763673,1,34,12.36,2.89,2,26,0
73029,22064,Salaried,692,4944680,10,56,15.94,0.87,2,21,0
65637,18927,Salaried,682,2012639,4,56,16.45,2.63,3,15,0
191300,34817,Student,651,409364,1,35,12.82,1.12,1,16,0
142830,35034,Student,727,2731347,10,28,14.11,2.83,3,26,0
69714,27673,Self-Employed,750,1210794,7,46,13.57,1.07,3,20,0
56951,22268,Salaried,692,2148466,11,56,17.42,2.37,3,21,0
121425,16205,Self-Employed,667,1149536,13,41,15.39,0.66,3,22,0
114920,37446,Salaried,699,3265164,7,48,17.29,2.07,2,10,0
155197,61031,Salaried,728,953385,14,24,10.59,1.05,2,27,0
170929,27945,Self-Employed,734,3521967,7,36,11.45,2.18,1,28,1
79814,25513,Student,700,2013922,2,42,9.17,2.09,3,20,0
186630,59675,Salaried,700,4254994,10,32,13.25,2.81,3,27,0
176891,8448,Self-Employed,765,3198402,4,36,16.8,2.07,2,19,0
40378,10355,Self-Employed,644,4330983,4,58,11.61,1.52,2,15,0
66704,8343,Salaried,685,4001356,9,57,9.72,0.98,3,11,0
186600,9668,Salaried,748,3748579,2,49,9.15,2.14,2,14,0
82262,5228,Salaried,722,4506041,9,38,12.75,0.79,3,19,1
128624,48498,Self-Employed,670,3318156,14,30,10.06,2.57,1,24,0
128837,30525,Salaried,762,2842662,3,59,11.79,1.12,1,23,0
76439,411,Self-Employed,723,2889699,13,38,16.29,1.81,1,15,0
111975,42180,Salaried,739,4046119,13,21,12.15,1.99,3,23,0
143381,9632,Self-Employed,728,3839976,3,59,14.29,1.41,2,30,0
112706,31933,Salaried,683,1007437,3,41,13.27,2.16,1,23,0
189284,33859,Salaried,796,4334223,3,21,15.33,1.13,3,21,0
114147,22737,Student,833,2284736,6,35,9.98,0.59,1,13,0
109019,34329,Self-Employed,688,1149882,13,24,17.24,2.9,1,21,0
36060,10831,Self-Employed,721,4617576,8,40,14.61,1.3,2,30,0
89261,26414,Salaried,632,2883461,2,30,11.07,2.28,3,26,0
59908,19042,Self-Employed,701,2902292,13,43,9.67,1.77,2,28,0
156216,5855,Student,755,1866201,10,54,9.92,2.17,2,25,0
179370,13516,Salaried,701,3613173,6,53,15.94,0.78,2,27,0
65771,16176,Salaried,706,3549946,2,54,14.09,1.8,1,15,0
18602,858,Student,742,4207026,8,59,12.12,1.48,1,18,0
83208,12570,Student,738,1246424,10,30,11.66,1.63,1,28,0
106205,22508,Student,732,279462,5,40,16.63,2.92,3,21,0
101752,2229,Salaried,717,4283668,9,21,16.81,0.84,2,20,0
179712,63989,Self-Employed,742,777793,7,33,14.02,2.39,1,25,1
85023,14314,Salaried,612,1244917,4,21,13.48,1.33,2,11,0
105517,34422,Salaried,707,3667106,10,25,16.26,1.23,2,27,0
21769,7873,Salaried,697,3384939,14,36,15.62,1.18,2,15,0
99824,1453,Self-Employed,711,3151095,3,35,12.3,1.37,2,14,0
30195,10030,Self-Employed,629,477757,2,48,9.29,1.39,2,18,0
190604,14506,Salaried,718,2070781,9,51,15.8,1.18,1,22,1
15013,1171,Salaried,695,2368744,4,43,10.1,2.17,3,16,0
157913,43352,Self-Employed,798,4782979,11,37,8.66,0.62,3,10,0
61965,18574,Self-Employed,740,641646,14,54,16.51,1.33,3,19,0
144656,1127,Self-Employed,699,4302112,13,33,13.99,1.2,3,27,0
173683,26991,Salaried,678,3624090,8,34,16.97,2.38,2,21,0
44172,9950,Salaried,668,3287230,3,31,13.1,0.87,1,12,0
121772,14102,Salaried,674,4651217,12,48,17.3,2.85,1,14,0
117821,29248,Salaried,661,1844706,13,52,11.86,0.93,2,23,0
36025,10226,Salaried,629,1332613,8,55,15.38,1.43,2,24,0
172022,29212,Salaried,748,1819318,2,51,11.36,1.0,1,21,1
47310,13706,Self-Employed,682,4354845,12,37,8.51,1.22,1,13,0
68901,46,Self-Employed,733,3883264,14,29,12.11,2.4,3,25,0
189733,62422,Salaried,676,1257949,7,30,15.51,1.69,3,20,1
99579,17515,Salaried,662,4521007,3,28,9.93,0.91,3,13,0
117687,5572,Student,749,2278409,13,41,13.3,0.62,1,15,1
80496,29722,Self-Employed,579,2694139,2,33,10.52,1.07,3,25,0
67245,25720,Self-Employed,710,920785,5,25,9.21,2.86,1,11,0
157388,26467,Salaried,754,1796775,7,26,14.37,2.61,1,22,1
30895,6333,Self-Employed,627,4276261,13,50,17.54,1.6,2,17,0
185699,62739,Student,771,872910,4,51,11.45,1.7,1,21,0
129080,6193,Salaried,763,3720334,2,37,14.02,2.75,2,30,1
100333,22769,Salaried,662,2449153,9,31,17.56,1.98,2,15,0
79738,16538,Self-Employed,638,3389029,5,40,14.68,2.7,1,12,0
90007,12343,Salaried,699,4468654,11,29,14.89,1.73,1,24,0
64297,18358,Self-Employed,698,1352204,3,22,10.2,1.0,3,17,0
122100,22716,Self-Employed,656,3149472,12,57,13.18,2.31,1,11,0
137862,43079,Student,607,2254953,8,21,11.99,1.82,3,25,1
108807,24734,Salaried,666,3080668,2,24,12.97,2.17,3,22,0
88521,22259,Salaried,708,4654579,1,56,16.11,0.89,1,10,0
155467,36128,Salaried,736,4098102,4,45,12.88,2.12,3,20,0
131999,25025,Salaried,707,2744884,8,23,9.1,1.46,2,10,1
189144,37487,Salaried,781,3029052,13,29,17.1,1.33,2,17,0
161941,12625,Self-Employed,685,701552,6,42,13.68,2.18,1,11,1
24337,6776,Self-Employed,734,2387569,9,43,17.28,1.98,1,22,0
22919,4101,Self-Employed,676,4893878,7,32,13.94,2.12,1,30,0
193640,3749,Salaried,705,3388129,10,30,9.16,2.91,2,11,0
45184,13618,Salaried,670,173041,9,54,13.75,2.25,3,13,0
40240,15179,Self-Employed,634,369029,3,30,13.97,2.1,2,11,0
45488,6012,Salaried,671,4530079,7,50,10.54,2.03,3,22,0
74061,18341,Salaried,653,1821477,10,42,12.97,1.5,3,13,0
113471,15105,Salaried,708,1050461,6,26,12.86,2.6,1,30,0
137216,10323,Salaried,686,2507799,3,22,14.42,1.45,1,24,0
162634,25025,Salaried,640,726579,4,50,10.97,2.25,1,30,0
113298,13522,Salaried,630,3782065,13,22,14.03,1.23,2,21,0
126463,3550,Salaried,762,1249482,11,52,10.79,0.87,2,21,0
71525,22694,Salaried,704,2974790,5,36,12.74,0.82,2,14,1
31257,8596,Salaried,733,3112340,11,32,9.67,2.09,1,19,0
89360,6435,Salaried,640,3860163,9,21,8.85,1.32,1,11,0
28617,8906,Salaried,601,3048513,3,28,11.55,1.19,3,17,0
111917,43965,Salaried,689,1999418,14,33,11.11,1.98,3,14,0
171448,42877,Self-Employed,820,3634380,14,35,12.37,0.56,1,17,0
19041,984,Salaried,701,2555922,3,28,17.64,1.12,2,22,0
60707,1453,Salaried,699,4373932,9,30,13.46,1.35,1,22,0
107524,22370,Student,649,2286754,12,25,13.76,2.27,2,24,0
152050,24191,Salaried,679,3271946,4,39,17.45,1.86,1,24,0
25532,9316,Salaried,640,4721544,12,58,17.25,2.64,1,20,0
99082,14939,Self-Employed,698,2249021,2,31,16.9,1.34,3,19,0
181948,63784,Student,664,1679716,4,40,9.43,1.24,2,15,0
46633,18246,Self-Employed,758,858354,12,40,14.53,0.58,2,14,1
196897,26560,Student,660,1556752,9,41,16.18,2.88,1,14,0
172158,31184,Salaried,743,1547277,10,38,16.44,1.75,3,17,1
115918,771,Salaried,701,2974285,6,30,13.99,1.76,1,10,0
180922,27004,Salaried,678,89131,12,54,8.67,2.81,1,11,0
103328,4882,Salaried,673,4205723,5,46,17.75,1.22,2,26,1
175374,13354,Salaried,800,1355263,10,50,12.99,1.33,1,16,1
78924,9923,Salaried,679,3445534,13,29,12.24,2.14,3,18,0
159160,56683,Salaried,804,369658,6,51,12.25,2.46,1,13,1
17399,4955,Salaried,614,606201,1,24,12.53,2.25,3,16,0
124816,26069,Salaried,815,1212838,1,26,10.8,2.47,2,19,0
139808,6061,Salaried,688,3812881,14,34,11.61,1.94,2,25,0
106776,2722,Self-Employed,744,3532282,9,24,17.86,2.66,1,19,0
163965,40703,Student,739,3320264,3,46,12.0,1.88,3,16,1
67670,6215,Salaried,704,3729159,4,59,13.5,1.07,2,11,0
63354,7564,Self-Employed,764,2505804,12,37,16.56,1.85,3,11,0
180128,19631,Salaried,748,2953941,3,39,13.51,2.28,2,17,0
15999,6338,Self-Employed,700,4388689,6,26,11.58,2.13,2,23,0
147906,40522,Student,741,3641915,5,49,13.48,1.11,3,27,0
96698,31250,Self-Employed,696,895244,11,31,9.58,0.6,3,10,0
193363,35778,Self-Employed,695,2617551,12,36,9.74,1.13,3,26,0
144650,56544,Salaried,701,2722948,7,50,15.09,2.96,2,26,1
30819,6275,Salaried,733,3314713,3,45,17.22,0.96,3,14,0
143846,6437,Salaried,700,631839,1,31,15.39,1.66,1,25,0
84950,19340,Salaried,650,2583993,2,27,9.21,2.1,3,16,0
162165,41923,Salaried,707,3853647,2,46,12.33,2.7,2,24,0
129047,18213,Student,632,1997517,7,42,8.52,2.4,3,28,0
53581,7097,Salaried,623,2571016,6,45,13.36,2.77,3,30,0
144157,28051,Salaried,660,3510579,10,39,10.34,2.01,3,11,0
108910,1069,Salaried,663,415652,8,51,16.75,2.66,1,25,0
66724,23349,Self-Employed,644,3824754,3,46,9.49,1.16,2,18,0
19647,6051,Self-Employed,671,2498606,5,56,8.51,1.58,1,29,0
131957,17998,Self-Employed,722,2836786,4,43,12.79,2.61,1,27,0
27566,375,Salaried,738,3325565,14,33,9.98,1.31,2,19,0
90681,9009,Self-Employed,669,1235034,12,45,15.51,2.68,2,29,0
179030,9910,Self-Employed,719,583244,10,22,17.24,1.41,3,30,0
30038,4648,Student,625,2438640,5,22,8.9,1.41,2,13,0
55269,13377,Self-Employed,705,98071,7,36,12.26,1.27,3,11,1
116798,2141,Self-Employed,717,2203640,9,29,17.97,1.87,1,23,0
190877,49423,Salaried,601,1042890,5,48,15.46,0.82,3,10,0
23800,1092,Student,735,2310614,10,33,17.56,0.59,2,17,0
152676,9649,Self-Employed,721,3493984,5,55,10.06,2.74,3,20,0
85222,12835,Salaried,678,2753583,3,33,10.6,2.82,1,10,0
53816,5144,Self-Employed,746,4175906,1,51,9.97,0.69,2,14,0
123893,23362,Salaried,620,2377561,5,41,11.37,1.87,2,22,0
99201,7348,Self-Employed,570,191638,2,52,15.38,1.85,3,26,0
179504,44944,Student,724,1815112,8,54,10.07,1.43,3,19,0
59429,11025,Salaried,709,4178877,11,28,13.48,1.92,3,16,0
72906,11375,Salaried,745,2334268,1,22,11.06,1.65,1,22,0
61459,176,Salaried,684,1871551,1,58,16.38,1.72,1,30,0
86945,13598,Salaried,748,2662288,11,52,8.56,2.39,2,13,0
161230,29999,Self-Employed,721,1675583,1,48,10.62,1.81,2,30,0
145900,31404,Salaried,729,2271476,2,57,14.25,1.31,1,22,1
118944,6183,Salaried,703,4930608,5,21,9.42,1.95,3,10,0
69613,4668,Salaried,691,1174695,3,30,12.93,2.1,3,20,0
105581,21318,Self-Employed,653,89041,6,24,12.64,2.16,1,30,0
87952,34459,Salaried,703,2454594,2,55,16.6,2.05,3,18,0
17305,3406,Student,728,3823516,6,30,14.44,2.16,1,22,0
152875,30139,Student,683,2020296,1,31,14.58,1.28,3,20,0
156995,59526,Self-Employed,760,4921979,9,34,17.54,1.62,3,17,0
19376,5455,Self-Employed,707,2622874,5,58,17.83,2.17,2,16,0
82244,30071,Self-Employed,794,3739430,2,32,14.71,2.39,3,29,0
139770,53532,Self-Employed,738,2402974,12,37,13.46,1.59,3,24,1
40458,5899,Student,670,295829,13,36,14.28,1.41,1,24,1
96280,7624,Salaried,715,3442742,2,55,12.13,2.29,1,30,0
52137,19560,Salaried,755,3594367,5,22,17.88,1.06,1,21,0
150877,50000,Salaried,710,516857,10,31,15.2,0.52,1,26,0
176945,33459,Salaried,726,626872,11,23,11.26,1.68,3,15,1
19661,5646,Salaried,730,4080251,11,49,9.05,0.93,1,22,0
15851,2708,Salaried,689,1690186,8,38,8.92,1.45,2,25,0
18748,6646,Self-Employed,739,2773540,7,40,10.45,1.23,1,10,0
51646,3916,Salaried,750,2534320,8,34,10.71,2.44,3,22,0
48170,15821,Self-Employed,722,3491245,4,54,12.44,1.33,2,16,0
179462,60678,Salaried,750,990787,6,51,10.54,2.1,3,22,0
54274,12859,Salaried,626,3479827,7,38,14.49,2.18,2,16,0
109198,19808,Self-Employed,747,1224732,11,50,10.51,1.64,2,17,0
38222,1189,Salaried,710,4249308,6,45,10.28,0.7,2,27,0
84614,21747,Self-Employed,728,3071942,7,39,12.98,2.25,3,26,0
78614,10499,Self-Employed,713,2793893,10,28,16.94,0.69,2,25,0
52243,2379,Salaried,716,2151241,6,48,12.95,0.75,3,26,0
100364,11578,Self-Employed,693,606024,6,28,12.43,0.99,2,17,1
120944,16515,Self-Employed,720,2793437,3,51,13.99,1.2,1,16,0
184425,11836,Salaried,755,4865771,5,23,10.94,2.62,1,27,1
110982,7113,Salaried,597,417994,3,23,11.86,2.19,2,13,0
141200,26576,Self-Employed,786,3875641,7,42,10.53,1.47,2,11,0
86706,27682,Self-Employed,741,3471745,13,37,13.93,2.95,1,25,0
32350,8483,Salaried,717,763879,4,56,15.13,1.11,1,27,0
77454,6035,Self-Employed,622,719819,2,37,14.9,2.02,3,17,0
78216,25825,Student,683,1992316,13,34,10.92,2.62,1,23,0
113774,29012,Salaried,695,445981,10,29,15.91,2.51,3,27,1
25775,9990,Student,702,3686836,14,50,10.93,0.73,2,28,0
126407,19498,Student,642,4040431,5,41,9.93,2.24,3,13,0
152965,49596,Salaried,709,1541660,12,32,11.82,1.14,2,23,0
101327,36869,Salaried,640,1070867,13,57,14.18,1.39,3,11,0
165450,14681,Student,765,3906025,9,52,9.85,1.72,3,26,0
106045,2675,Self-Employed,721,2756496,5,31,14.66,2.48,3,15,0
131882,8769,Self-Employed,688,4849041,9,40,16.7,0.92,2,17,0
160190,44158,Self-Employed,756,2851893,11,55,11.28,0.77,2,25,0
199208,25780,Salaried,735,325925,11,31,12.78,0.88,3,30,0
155691,25053,Salaried,727,2901329,2,28,10.67,1.05,2,10,0
80149,26015,Self-Employed,657,2249382,5,24,11.93,0.65,3,27,0
121233,27461,Salaried,722,2668492,3,47,8.71,2.82,2,12,0
53568,5143,Salaried,712,4189217,10,58,17.56,1.3,3,27,0
148121,10013,Self-Employed,717,813112,11,50,12.45,0.94,1,19,0
83549,12498,Salaried,807,230430,11,47,15.99,2.09,1,11,1
150232,22943,Self-Employed,695,4206045,5,41,9.86,2.47,3,28,0
142676,38613,Salaried,727,1727733,14,40,16.22,2.38,2,20,0
155783,37156,Salaried,724,1136757,8,24,16.67,2.3,3,28,0
60498,2655,Salaried,590,1507264,11,31,15.3,0.63,1,12,0
114104,33760,Student,700,3522508,9,33,17.08,2.46,1,19,0
179533,42643,Self-Employed,747,4537793,2,29,10.09,1.75,3,25,0
187058,33539,Self-Employed,686,4950009,13,24,13.03,2.12,1,12,0
141738,3187,Salaried,754,3963796,11,32,14.39,2.89,3,28,1
114306,148,Self-Employed,831,4505141,9,29,14.16,2.53,1,29,0
112355,8571,Salaried,724,2693643,6,33,16.68,2.56,2,30,0
97620,23279,Self-Employed,696,3470098,11,46,10.55,0.95,2,16,0
121907,42756,Self-Employed,666,2405548,10,58,10.17,1.69,2,26,0
73659,19746,Salaried,641,244615,9,33,10.91,2.87,3,17,0
73677,6233,Self-Employed,652,4430230,14,59,16.97,1.96,3,12,0
70403,6750,Salaried,729,3658507,5,48,17.44,0.76,2,16,0
135143,26248,Salaried,651,2856332,1,39,13.91,2.33,2,19,0
20068,2596,Salaried,764,2734013,3,44,13.26,0.61,2,28,0
126099,9082,Self-Employed,715,139966,3,39,14.25,2.36,1,24,0
190292,9528,Salaried,711,1742322,1,33,14.35,2.7,2,24,0
15223,1759,Self-Employed,703,4086148,12,33,10.12,1.56,1,14,0
165827,4384,Self-Employed,676,329650,6,48,15.02,1.53,2,12,1
174444,5423,Self-Employed,717,2399806,4,22,12.8,1.26,3,12,0
160673,22553,Student,675,2000667,9,30,13.42,2.69,2,13,0
68305,12341,Salaried,716,3662804,14,42,8.79,1.87,1,24,0
101257,6526,Salaried,795,645951,7,33,15.76,1.95,2,25,1
131197,10150,Salaried,677,2097161,9,29,16.44,2.15,1,14,0
103625,33996,Self-Employed,611,4864576,14,53,14.38,1.25,2,30,0
70347,1007,Salaried,681,91171,13,34,15.61,1.58,1,17,0
150142,3893,Salaried,566,2177643,12,40,13.47,2.35,1,19,0
167480,5892,Salaried,670,2573556,2,35,14.37,2.96,2,30,1
68252,20975,Self-Employed,658,2285778,3,52,12.25,0.59,2,11,0
104153,14008,Salaried,777,1834194,8,53,16.02,0.61,3,23,0
134541,29312,Salaried,691,513782,4,37,12.95,1.57,3,14,1
168576,57894,Self-Employed,712,2549214,7,44,14.96,2.15,3,16,1
184999,47451,Self-Employed,643,3596513,14,50,14.4,1.47,1,20,0
39063,3389,Self-Employed,697,3923360,14,33,15.17,3.0,1,12,0
43673,971,Self-Employed,703,4570246,8,36,15.96,0.99,3,21,1
52080,12858,Salaried,723,1141661,7,22,13.37,0.52,3,23,1
155926,11470,Self-Employed,655,933586,6,37,16.22,0.98,2,10,0
34535,4139,Self-Employed,606,4236564,10,52,13.22,2.72,3,25,0
75623,8080,Salaried,639,3770317,12,28,17.59,0.86,1,24,0
138611,20781,Self-Employed,674,1571651,12,23,15.65,1.7,2,10,0
21617,4309,Salaried,713,3171180,1,32,10.13,1.55,3,22,0
131941,3739,Salaried,681,3523248,4,40,16.38,2.16,3,24,0
24441,6162,Self-Employed,697,1057609,4,36,13.74,0.64,3,26,0
135346,24341,Salaried,650,4977892,11,34,17.85,2.15,2,18,0
142208,29179,Self-Employed,731,1417202,11,36,15.33,1.39,2,14,1
44705,296,Self-Employed,724,2789112,13,53,9.3,2.82,2,21,0
133671,12923,Salaried,753,1020987,14,50,12.25,2.62,3,26,0
62857,15799,Self-Employed,692,1480584,5,32,13.41,1.5,2,20,1
168718,17698,Student,743,1488977,12,35,16.47,2.98,2,20,0
130013,23614,Student,684,389801,4,38,15.43,0.63,2,17,0
166529,8746,Salaried,635,3949844,7,48,12.01,2.47,2,24,0
48842,3524,Student,625,2286895,5,43,14.71,1.58,1,11,0
170306,36562,Salaried,645,1931585,9,34,13.98,1.58,3,19,1
96200,30007,Student,732,4213830,11,50,9.7,0.93,2,30,0
16355,1194,Self-Employed,641,875998,2,53,10.73,1.79,1,23,0
82207,32527,Student,720,1429298,7,35,11.74,0.71,1,14,0
126940,47053,Salaried,719,2957135,6,27,10.36,2.04,3,26,0
184675,54607,Salaried,730,4988565,4,35,9.93,1.1,3,27,0
77962,8322,Self-Employed,799,4561810,5,58,9.05,2.31,2,28,0
128722,38633,Self-Employed,634,506879,9,31,16.79,2.02,3,16,1
30683,8788,Self-Employed,655,413645,7,49,11.24,2.37,3,27,0
142562,24048,Salaried,705,1243511,1,51,11.26,2.37,3,21,0
169256,44189,Salaried,698,2143138,7,45,10.46,0.99,3,24,0
198340,61281,Salaried,685,3472399,5,44,13.02,0.5,2,23,0
96211,27833,Salaried,775,2075920,11,39,13.39,1.41,1,19,0
119734,15852,Salaried,651,3445122,11,22,10.48,2.8,3,26,0
42045,1851,Self-Employed,695,4577833,6,42,14.28,1.94,1,10,0
33735,3045,Salaried,697,3763326,14,40,15.37,2.32,1,13,0
121360,47096,Salaried,637,505727,8,53,12.05,2.7,1,18,0
99024,15871,Self-Employed,694,2545154,10,28,14.06,2.77,3,13,0
164276,36210,Student,720,630705,14,45,13.27,1.82,3,28,1
106194,16759,Salaried,701,2041042,12,29,10.36,1.85,2,14,1
78572,26046,Salaried,657,773888,14,54,15.44,2.63,3,27,0
107810,1088,Salaried,638,748739,12,43,16.11,2.52,3,24,1
98273,18440,Salaried,640,4432001,8,25,14.66,2.25,3,29,0
119544,30613,Salaried,713,1865048,6,45,11.58,2.01,1,17,1
48760,4591,Self-Employed,575,1259345,13,28,17.3,2.04,2,11,0
116024,32251,Salaried,684,3579838,2,36,12.83,1.41,1,22,0
112487,5197,Salaried,767,4412695,13,35,11.03,2.6,2,22,0
86651,26579,Student,654,3960338,12,21,12.38,2.04,3,23,0
187692,23002,Self-Employed,705,3669392,7,42,15.07,1.06,3,24,0
54185,6424,Self-Employed,722,3593997,9,23,16.54,1.1,1,30,0
104365,37093,Salaried,688,990920,7,58,11.89,2.65,1,21,0
44563,10911,Salaried,638,3926983,12,34,10.71,2.06,1,14,0
72174,21859,Salaried,615,2144581,11,56,14.45,1.5,2,12,0
142944,9793,Salaried,660,2442208,1,38,17.25,0.97,1,27,1
35563,533,Self-Employed,708,2967281,12,38,10.24,2.03,3,12,0
185760,30058,Salaried,599,2777128,5,23,16.13,0.96,2,23,0
88040,31656,Salaried,722,1630515,1,30,13.03,1.68,2,11,0
110079,28475,Salaried,793,1609339,9,59,16.1,2.19,3,27,0
74004,15268,Self-Employed,659,991939,4,21,13.3,1.91,1,22,0
51062,8051,Salaried,747,1593759,6,47,12.08,2.81,1,11,0
184585,40299,Self-Employed,726,69178,14,47,15.12,0.6,3,21,0
24068,5546,Salaried,735,160225,7,31,17.06,1.2,3,11,1
42260,1654,Self-Employed,705,3383404,6,25,11.54,0.64,3,17,0
41926,5114,Student,642,4599264,1,27,12.88,0.99,3,14,0
57195,21081,Salaried,678,2703415,11,39,10.68,0.81,2,20,0
78055,18401,Salaried,713,663856,10,49,10.24,2.33,2,22,0
101146,37264,Self-Employed,708,1815331,10,35,15.89,1.42,1,30,0
182383,41070,Student,653,2165760,4,55,10.41,2.81,2,26,0
141473,44040,Student,725,4066253,12,57,16.04,0.56,2,25,0
183469,37145,Salaried,712,411666,10,32,12.58,2.13,2,28,1
25412,6847,Self-Employed,715,3507385,7,50,17.95,2.93,3,24,0
121106,26850,Self-Employed,689,4197783,4,40,10.37,0.94,2,27,0
177261,9856,Salaried,658,141061,8,57,9.38,1.61,1,15,0
102778,7367,Salaried,725,611857,10,23,9.22,2.25,2,13,1
96641,19017,Salaried,725,2074388,7,29,16.44,2.08,3,13,1
44959,7006,Salaried,697,1135437,1,59,12.66,1.92,2,22,0
133503,18253,Salaried,662,606264,1,46,8.53,1.32,1,18,1
116715,865,Salaried,764,1498883,11,22,16.81,2.32,2,19,1
122601,42725,Salaried,692,56222,9,43,16.83,2.13,1,23,1
26455,7143,Student,654,4339301,1,43,16.16,0.91,3,17,0
154666,35069,Student,719,4908995,2,41,10.86,2.91,1,12,0
24678,9156,Salaried,785,1295004,2,36,12.04,1.89,1,18,0
38681,5245,Salaried,712,4881196,7,29,15.58,1.81,3,10,0
174775,48581,Student,652,1855946,4,33,13.15,2.62,1,24,0
50257,2661,Salaried,708,4043837,11,48,9.96,2.1,2,24,0
104744,27395,Salaried,707,3397412,1,47,10.81,0.69,2,16,0
158174,28725,Salaried,803,926318,2,37,17.74,1.77,1,24,0
192071,47284,Salaried,733,2210876,5,58,9.93,2.45,2,16,0
118861,8416,Salaried,706,3406131,4,56,15.4,2.25,2,22,0
132725,25927,Self-Employed,737,1358118,2,21,13.04,2.93,3,21,0
80906,31658,Self-Employed,663,1074601,2,38,15.61,0.56,1,27,0
106313,26412,Salaried,691,2838486,1,29,14.78,1.15,2,16,0
125119,16656,Salaried,681,204043,2,33,12.67,1.87,1,16,1
116368,3151,Self-Employed,654,63465,3,35,11.86,2.05,1,24,1
145886,8200,Salaried,701,4674875,3,24,15.67,1.19,2,18,0
136799,7161,Salaried,669,2751220,8,53,11.57,2.57,3,15,0
57600,1854,Salaried,626,4785804,14,44,15.98,0.91,3,18,0
33070,7464,Salaried,759,3959028,11,56,14.96,0.5,1,28,0
45478,3906,Salaried,637,3773772,13,30,13.99,2.88,3,29,0
51958,9492,Self-Employed,825,2526953,9,56,12.0,1.48,2,25,0
134143,18756,Self-Employed,724,1136246,7,40,10.45,2.89,2,25,0
194645,33318,Self-Employed,703,4374033,10,31,15.25,1.19,3,10,0
91321,24354,Salaried,700,2821115,10,32,9.37,0.66,3,22,1
57723,22801,Salaried,829,1974548,14,38,17.72,2.43,1,28,0
95480,9612,Salaried,653,1007779,1,50,17.8,2.59,3,13,0
91162,29328,Self-Employed,711,2161251,4,57,9.74,1.73,1,28,0
158160,48556,Salaried,633,524641,6,40,9.49,0.68,2,19,1
127535,17616,Student,708,4763506,7,45,12.42,2.14,3,22,0
185839,42656,Student,680,1036734,13,32,17.65,0.96,1,10,0
56451,16857,Salaried,644,4850290,8,41,12.3,2.62,1,22,0
98380,20693,Self-Employed,745,4458735,5,45,11.96,1.19,1,19,0
29725,2897,Salaried,655,1060446,10,31,15.18,2.62,1,24,0
198535,19258,Salaried,676,2415986,8,29,10.2,1.57,2,24,1
71598,25152,Salaried,698,3549551,1,45,11.95,1.99,3,16,0
164988,43844,Salaried,647,4076477,4,55,11.27,2.47,1,23,0
152287,41367,Student,655,2838036,7,52,14.21,0.6,3,17,0
39206,8242,Salaried,686,4364951,13,34,10.05,2.55,3,28,0
115108,7845,Salaried,659,1638137,8,21,13.71,0.85,2,27,0
181378,40571,Salaried,734,2927672,7,37,16.65,1.4,3,24,0
37015,7357,Salaried,717,4081793,9,45,13.38,1.68,2,18,0
86324,17632,Salaried,603,3910124,3,28,14.99,2.74,2,21,0
86225,20595,Self-Employed,661,3239357,12,25,9.21,0.56,1,30,0
161253,28766,Self-Employed,653,556516,7,25,12.77,1.9,2,23,0
133951,35347,Student,608,1844040,2,55,9.4,2.11,1,11,0
27471,3801,Salaried,691,4675518,11,39,14.19,1.29,2,14,0
72801,25581,Salaried,724,3802741,1,43,11.17,1.23,2,14,0
56822,20267,Salaried,739,3253398,11,29,11.23,1.73,3,23,0
110838,16705,Student,681,3527611,5,50,9.23,0.97,1,13,0
165044,44001,Salaried,702,2042704,9,36,11.45,1.67,3,11,0
97103,11923,Salaried,680,1837649,1,53,13.31,2.41,2,10,0
19917,1042,Salaried,684,1723915,13,22,14.05,2.61,1,11,0
136112,32574,Salaried,665,1392773,2,34,9.13,1.46,2,22,1
16663,5880,Salaried,658,2916370,14,21,14.69,2.04,2,29,0
95998,25842,Salaried,655,736978,13,46,13.14,0.5,3,26,1
78608,10029,Salaried,678,1725768,5,45,13.6,1.88,1,22,0
158254,29770,Salaried,691,2093014,11,36,16.41,2.94,1,26,0
116733,23656,Self-Employed,692,1745041,10,35,11.75,1.28,1,14,1
83863,17829,Self-Employed,662,638328,9,46,10.15,1.99,2,17,0
51441,15596,Salaried,768,1055209,5,36,13.74,2.41,1,21,0
85323,9157,Salaried,650,2590471,6,34,17.48,2.02,2,18,0
175130,47999,Self-Employed,700,4862346,6,49,13.42,1.55,2,27,0
20987,5292,Salaried,679,2193393,3,44,16.4,0.88,2,25,0
41949,7850,Self-Employed,667,2253511,4,35,15.69,1.66,1,28,0
125850,1997,Student,735,1925313,9,39,13.42,1.24,3,17,1
127440,38228,Self-Employed,785,2161828,11,28,14.65,2.24,2,16,0
159365,48933,Salaried,703,1397865,3,54,12.36,1.6,3,30,0
199518,2837,Self-Employed,642,4654131,3,22,13.54,2.62,1,18,0
99305,11249,Self-Employed,677,197883,7,47,13.32,0.98,1,21,1
33328,956,Salaried,625,2422261,5,30,15.24,1.54,1,23,0
193250,71275,Salaried,729,4485899,7,55,12.39,1.89,1,19,0
134925,20823,Salaried,689,4907164,6,43,9.45,0.82,1,25,0
44819,1187,Student,660,4982177,3,28,15.99,1.97,3,11,0
146583,38219,Self-Employed,706,2092846,6,48,15.01,1.23,1,15,0
146630,55395,Salaried,639,3267890,1,43,17.53,1.07,1,20,0
81940,24328,Self-Employed,717,1656282,14,24,12.57,0.85,1,13,0
71471,22435,Self-Employed,655,4182622,13,34,9.24,1.37,1,14,0
189157,42990,Salaried,699,3470063,3,49,9.66,2.82,1,14,0
124028,17060,Salaried,680,1671376,12,21,15.85,0.58,2,26,0
124613,44020,Salaried,697,1694347,10,24,9.14,2.63,2,14,1
119711,46842,Salaried,764,335209,14,52,17.12,1.49,3,20,0
34504,10026,Self-Employed,649,3680168,5,53,11.18,1.9,1,18,0
31390,4835,Salaried,754,2642897,5,46,17.04,1.78,3,24,0
174761,37582,Salaried,754,2504567,11,37,15.85,2.81,3,12,0
52323,7956,Self-Employed,651,3165177,11,59,16.78,2.43,1,25,0
89335,22137,Salaried,705,896248,6,43,10.53,2.96,1,18,0
178938,47598,Salaried,744,4659561,8,52,14.16,2.49,2,15,0
161202,5168,Self-Employed,688,791462,9,35,9.39,1.24,1,18,1
188401,52669,Salaried,662,1761591,2,33,10.42,2.91,2,28,0
98894,3078,Self-Employed,753,3677709,14,22,11.44,2.96,3,15,0
93512,4697,Student,700,4661735,14,39,15.54,0.81,3,20,0
112614,29091,Self-Employed,711,3133734,6,44,8.73,2.75,2,11,0
53430,4172,Salaried,705,2784763,6,44,17.08,2.16,2,27,0
126560,8103,Salaried,694,578567,10,31,9.17,2.8,1,16,1
99266,18711,Salaried,788,3818022,14,42,12.08,2.79,2,30,0
101870,29323,Salaried,731,4094361,14,35,9.27,2.73,2,13,0
36585,10634,Salaried,683,925585,6,30,15.81,2.71,1,16,0
96772,35740,Salaried,651,1333420,3,47,9.84,0.79,3,26,1
111538,17124,Salaried,711,2326760,1,29,16.91,0.86,2,13,0
139215,40326,Student,619,3683896,1,48,13.54,0.79,1,22,0
110896,38561,Salaried,777,173913,1,21,17.51,0.73,1,29,1
116690,22639,Salaried,771,3613236,6,37,11.26,1.38,2,28,0
116460,24838,Salaried,612,87864,8,51,12.82,2.21,3,13,0
73541,6180,Student,695,2556040,5,30,15.1,1.39,1,22,0
182276,58247,Salaried,714,2160601,6,57,16.4,2.3,2,10,0
153543,26950,Self-Employed,573,877784,2,49,12.5,2.55,3,11,0
23066,7925,Self-Employed,663,3530297,9,38,16.98,2.17,2,16,0
18783,5867,Self-Employed,766,184775,6,58,9.62,1.66,1,26,0
38160,11359,Self-Employed,807,3611145,13,59,15.23,1.24,1,16,0
185840,71404,Self-Employed,766,823074,14,26,11.81,0.81,1,22,0
58403,13420,Salaried,711,1496737,2,32,9.46,1.73,2,26,0
41771,3617,Salaried,712,896610,4,34,12.17,2.3,1,10,0
117554,45659,Salaried,698,4672740,10,30,16.86,1.87,2,11,0
166855,44077,Self-Employed,773,4356916,2,40,17.82,2.3,3,15,0
100093,21574,Self-Employed,758,1075714,14,35,12.23,1.34,3,21,0
164553,7078,Salaried,721,4418449,11,51,16.92,0.67,3,22,0
96613,14604,Salaried,596,1302734,13,27,13.34,2.43,3,29,0
50381,18070,Student,678,1287761,11,30,15.31,1.05,1,29,0
29275,5123,Salaried,664,1038264,4,30,8.93,2.04,1,18,0
143507,34658,Self-Employed,739,3222846,3,59,13.79,2.51,2,26,0
138312,8783,Salaried,713,1476008,8,48,9.17,0.85,3,27,0
42729,4359,Salaried,663,3481162,14,50,11.05,2.0,3,17,0
172910,23721,Salaried,679,3245934,10,57,13.88,2.22,2,17,0
109010,39278,Salaried,770,2330295,4,23,16.17,2.37,2,20,0
92665,36676,Salaried,725,2291854,4,35,13.83,0.87,2,17,0
190755,57252,Salaried,705,4931759,2,41,17.39,2.56,2,27,0
115474,45534,Student,646,3333125,6,57,16.2,0.74,3,27,0
82839,15863,Self-Employed,651,1196613,7,32,9.98,1.8,1,22,0
121624,28832,Salaried,660,4467265,13,24,12.2,1.61,3,10,0
195221,50990,Student,736,1637975,11,29,14.85,1.05,2,24,0
56772,3232,Salaried,778,1725045,12,59,17.41,1.25,1,15,0
169524,51349,Salaried,688,551632,10,48,17.88,0.91,3,15,0
44270,15967,Salaried,669,4188200,8,43,15.75,1.56,2,22,0
64836,18623,Salaried,757,3000951,1,42,13.95,0.59,1,11,0
173222,57364,Salaried,717,2704825,9,44,15.69,2.72,1,28,0
22886,7789,Salaried,720,223125,6,46,11.1,0.91,2,26,0
188012,18741,Self-Employed,712,4888622,12,50,11.19,2.72,1,10,0
198275,38007,Salaried,799,1078384,11,53,14.72,2.66,3,23,0
147195,42011,Salaried,751,3603594,3,36,16.78,1.63,3,25,1
195906,57292,Salaried,681,4418597,2,42,17.71,1.74,3,24,0
115849,20425,Salaried,782,3549354,6,38,11.74,1.25,1,18,0
98382,30378,Salaried,633,3424373,3,27,16.07,2.99,1,28,0
51157,11934,Salaried,691,1079412,8,46,16.59,2.18,2,17,1
34519,5263,Salaried,730,2942940,3,28,14.42,2.88,2,24,0
118117,23140,Salaried,757,4768770,14,26,11.8,1.54,1,19,1
37168,6177,Salaried,644,409149,1,50,14.38,2.71,3,11,0
126308,36754,Student,809,4722753,1,59,14.05,1.62,1,27,0
126392,28786,Salaried,672,2388739,5,43,14.26,2.67,3,29,0
87035,21605,Self-Employed,732,399590,9,52,14.38,0.83,2,11,0
110415,28005,Student,679,2317787,12,42,16.55,2.09,1,30,0
75733,17783,Salaried,663,3438838,9,29,10.12,2.2,1,21,0
60975,2682,Self-Employed,657,3678011,7,51,11.99,2.14,1,19,0
143416,47555,Salaried,665,4474611,8,27,14.07,1.62,3,21,0
150633,47074,Salaried,750,4225822,7,29,11.19,2.21,2,16,0
71284,25404,Salaried,648,707165,9,33,17.79,1.1,3,11,0
135498,23069,Salaried,613,2580516,3,23,11.0,1.99,2,10,0
41994,8555,Salaried,629,1585763,10,55,12.96,1.89,3,11,0
27126,4993,Salaried,692,1033268,14,53,16.83,1.3,2,30,0
103181,40720,Salaried,635,2427405,1,41,9.26,2.45,3,26,0
44017,10323,Salaried,707,398344,6,51,16.3,0.7,1,29,0
61770,5639,Salaried,706,879367,6,54,13.92,0.93,3,17,0
70797,18798,Student,658,380583,7,52,8.8,1.68,1,30,0
191495,54528,Salaried,581,1363732,9,55,17.08,2.73,1,21,0
96285,22073,Self-Employed,636,1505415,9,35,8.87,1.94,1,11,1
91989,25076,Salaried,663,4115128,13,52,13.39,2.61,3,18,0
80661,3775,Salaried,792,665142,12,26,8.97,1.79,1,26,0
78499,12135,Self-Employed,783,2530201,12,41,9.18,2.46,3,26,0
90966,19519,Salaried,696,4261856,11,53,16.93,1.31,2,19,0
111794,32651,Student,655,4202691,7,52,15.78,2.54,3,22,0
99127,2565,Self-Employed,701,2558327,14,39,10.37,1.5,3,14,0
73528,12601,Salaried,716,514974,11,53,14.39,1.9,3,23,0
15568,1442,Salaried,700,586139,7,48,16.05,0.94,2,23,0
47023,13815,Salaried,718,4129189,8,51,16.95,2.8,2,24,0
94900,9321,Salaried,665,527481,10,41,12.95,2.25,2,14,1
83308,918,Self-Employed,725,4071798,11,54,17.03,2.65,1,15,0
178450,13113,Self-Employed,658,1511249,12,35,13.32,1.02,3,18,0
103272,5690,Self-Employed,717,2628877,9,34,15.04,0.67,3,18,1
56556,15381,Self-Employed,728,1704344,13,39,17.8,1.34,1,30,0
193183,61213,Self-Employed,715,3264010,8,35,10.74,1.79,1,13,0
83786,23580,Self-Employed,785,3430029,5,26,10.1,2.51,3,10,0
169053,64907,Self-Employed,671,1418663,14,29,11.75,1.49,1,24,0
199858,65412,Salaried,591,2017502,4,57,10.06,1.17,1,23,0
198667,78827,Salaried,725,2493748,1,40,11.2,1.43,2,10,0
93306,11559,Student,688,2122519,7,54,15.56,2.26,1,15,0
69097,24745,Salaried,691,1954989,4,58,13.04,1.34,1,17,0
115236,18135,Salaried,623,4581464,10,46,12.06,2.95,3,12,0
58376,12672,Salaried,665,4631649,1,38,12.0,0.94,1,26,0
157656,29834,Self-Employed,771,4574493,8,48,10.35,2.38,1,29,0
147144,44648,Student,676,3502429,3,29,12.75,1.97,1,14,0
199342,25012,Salaried,683,4440413,6,52,14.43,1.08,2,27,0
188324,69631,Student,680,3502766,14,26,9.82,2.38,3,16,0
59101,7293,Student,712,605319,8,34,17.74,1.62,2,26,0
112900,44180,Salaried,819,3121340,3,48,12.71,2.21,1,24,1
72845,6074,Salaried,680,656379,6,44,17.51,2.16,3,29,1
77784,16467,Self-Employed,645,2718334,13,33,9.78,0.78,3,25,1
33170,12385,Salaried,749,1084422,6,32,15.79,2.6,1,22,0
80131,28562,Self-Employed,689,4513312,5,39,14.37,2.2,2,16,0
25893,5060,Salaried,754,4793694,13,41,16.29,2.45,1,24,0
179204,40330,Salaried,718,2245568,11,47,14.21,1.62,2,14,0
108919,18913,Salaried,649,1683874,14,39,17.65,0.99,1,21,1
145971,41335,Salaried,801,128269,12,44,14.46,1.32,3,19,1
50381,16868,Salaried,730,760144,5,46,15.95,2.75,3,28,0
172029,48980,Self-Employed,663,263222,7,48,16.84,2.85,2,19,1
148634,18415,Self-Employed,756,3253075,8,38,15.29,1.7,1,16,0
127144,9954,Salaried,691,3909564,5,56,13.48,1.25,2,24,0
148495,5242,Self-Employed,673,540915,3,49,11.09,2.33,3,18,0
152361,14948,Salaried,754,2118372,8,37,16.62,2.41,3,15,1
35691,12552,Salaried,688,1963848,3,24,13.07,2.54,2,30,0
56308,895,Salaried,614,4025071,12,49,14.4,0.58,2,20,0
94912,27719,Self-Employed,680,877297,14,24,9.25,0.52,2,15,1
141318,21718,Salaried,680,864501,6,30,13.22,1.39,2,29,0
176604,32637,Self-Employed,651,3768543,1,45,15.13,0.88,2,24,0
41126,6419,Salaried,619,2358278,12,51,14.05,2.51,1,22,0
41975,11475,Student,735,133017,13,23,12.76,1.83,2,15,0
146505,18340,Salaried,685,1158691,4,22,10.62,2.56,2,29,1
83581,24792,Student,636,87161,10,45,11.44,0.94,3,30,0
74091,9976,Student,682,4402172,13,26,15.16,2.07,3,24,0
168593,64964,Self-Employed,774,1702155,5,46,10.63,1.95,1,15,0
123056,32321,Self-Employed,682,3278997,5,28,14.41,1.35,2,25,0
115534,34559,Salaried,656,2780219,2,55,14.1,1.79,2,10,0
35734,12664,Self-Employed,776,712834,13,47,17.72,1.97,3,15,0
81877,19198,Salaried,713,3695636,3,45,9.08,2.72,3,25,0
85249,18019,Self-Employed,750,1472990,3,38,9.53,0.64,3,10,0
91290,8238,Self-Employed,698,3168256,7,21,13.31,2.56,2,16,0
24802,2909,Self-Employed,696,4025250,1,59,13.51,2.95,2,19,0
152438,10080,Self-Employed,695,4649393,1,23,8.88,2.33,1,30,0
19364,907,Self-Employed,619,2735014,13,24,16.35,2.34,3,17,0
130282,40715,Salaried,711,1916909,10,57,13.2,1.04,3,30,0
96184,6911,Salaried,827,3389837,13,35,11.79,1.81,3,14,0
19530,4032,Self-Employed,771,2477811,13,28,11.53,2.26,3,27,0
113743,3209,Salaried,732,1672910,11,58,16.68,2.01,3,13,0
122587,26612,Salaried,674,2990397,10,39,10.37,1.46,2,29,1
78103,20599,Self-Employed,638,3933062,6,46,10.02,2.85,2,25,0
171003,4869,Salaried,736,3270179,5,59,10.53,1.78,3,19,0
198613,13969,Salaried,696,1733799,9,30,14.44,2.92,3,25,1
194002,61960,Student,690,3728639,12,58,16.2,1.91,2,17,0
117675,17829,Student,740,3244813,11,34,11.64,2.48,2,28,0
175443,57928,Salaried,683,105554,13,39,10.15,2.36,1,10,0
76436,28783,Self-Employed,685,2096176,10,50,10.49,2.15,2,18,1
24109,4008,Salaried,746,3114810,7,25,14.38,0.54,1,15,0
110470,43387,Salaried,664,112667,3,51,10.84,0.69,3,22,0
198509,18790,Salaried,673,4492985,12,27,16.83,1.95,3,22,0
106885,14853,Self-Employed,697,2662078,4,39,9.49,2.78,3,27,0
59506,6810,Salaried,623,3794006,8,51,8.81,2.0,2,23,1
23645,9446,Student,599,3679035,7,59,9.34,1.09,2,11,0
102895,40218,Student,705,4105550,13,44,16.53,1.3,3,25,0
21036,4835,Salaried,744,383441,4,54,14.69,2.06,3,26,0
174454,27663,Salaried,714,862056,13,43,17.6,1.99,1,25,0
156224,40144,Salaried,659,87121,1,26,11.69,2.89,2,23,0
90964,2383,Salaried,728,2730911,12,58,10.52,1.82,2,22,0
112743,15767,Salaried,724,1827040,5,56,13.84,1.39,1,25,0
103938,25441,Salaried,689,861290,1,47,13.61,1.81,3,10,0
121073,9742,Salaried,689,3884571,9,31,14.11,2.47,3,26,1
19875,707,Self-Employed,653,3908880,7,25,11.8,1.85,2,10,0
23237,6269,Self-Employed,652,1188489,7,37,8.56,1.32,2,19,0
32550,12872,Salaried,763,2323173,2,27,8.83,1.35,3,14,0
38645,3956,Student,644,3011348,2,47,14.81,2.39,1,16,0
55588,16893,Salaried,763,3265910,4,35,13.47,0.67,1,13,0
134050,32324,Salaried,636,370531,13,33,16.3,1.19,1,10,0
80548,23176,Salaried,717,1830068,12,31,11.35,0.88,2,10,0
108354,3240,Salaried,712,968851,2,46,16.25,2.86,1,19,1
168869,24637,Salaried,603,3255837,4,42,12.54,0.73,2,12,0
164830,29621,Salaried,735,4954738,4,48,9.42,2.4,2,14,1
75952,23059,Self-Employed,724,1372544,9,44,17.79,2.08,3,22,1
54834,19965,Self-Employed,617,4136034,11,49,13.36,2.08,3,30,0
187686,41412,Self-Employed,733,114548,11,29,14.48,2.41,1,18,0
20613,5216,Self-Employed,665,1391783,3,24,14.87,1.5,1,17,0
143160,17424,Self-Employed,703,4414293,3,38,11.94,1.5,2,20,0
198530,1083,Salaried,671,1556831,4,36,15.6,1.22,3,23,1
34602,4552,Salaried,753,1532226,6,53,16.77,1.99,3,17,0
125798,14235,Salaried,800,2854622,1,49,12.18,2.82,2,30,0
56841,10839,Salaried,620,3809880,5,59,14.74,2.81,1,19,0
42393,9461,Self-Employed,666,1765185,14,30,15.69,2.26,1,12,0
117818,34713,Salaried,651,2582678,14,29,10.31,2.77,2,13,0
194381,53715,Salaried,653,3611627,4,51,11.66,2.91,3,21,0
30268,10499,Self-Employed,724,410431,3,48,9.53,2.49,2,18,0
89321,5197,Salaried,706,3228009,12,23,14.22,1.52,2,20,0
19008,1395,Self-Employed,706,4488030,10,34,16.11,1.71,1,20,0
146678,10332,Self-Employed,707,518881,14,45,14.3,2.83,3,25,0
40233,6638,Self-Employed,729,3576969,6,35,10.21,2.18,1,22,0
69472,14638,Self-Employed,733,2976769,14,22,13.69,2.55,1,23,0
98089,23009,Salaried,753,1842220,1,44,16.43,0.79,3,16,0
88157,17023,Salaried,655,4580102,12,34,11.38,0.98,1,21,0
108400,13795,Salaried,675,2710227,2,27,16.41,1.36,2,28,1
21958,6647,Salaried,817,4629546,1,56,15.95,0.97,2,17,0
199874,31501,Self-Employed,667,2622379,4,44,8.71,2.77,3,13,1
73759,20993,Salaried,741,220614,5,47,10.77,1.04,2,26,1
122626,8820,Salaried,731,4542968,3,57,13.66,1.89,2,11,0
105816,42325,Salaried,670,1899241,4,58,15.32,0.71,2,22,0
142298,20011,Salaried,727,4763935,13,50,16.87,0.89,2,30,0
89397,16516,Salaried,683,2631026,11,47,14.59,1.12,1,16,0
135612,29677,Student,765,1778777,10,59,12.11,2.96,2,27,0
190341,56575,Salaried,669,1819291,7,35,10.25,2.49,3,19,0
142063,7107,Salaried,752,3934666,14,46,15.72,2.18,1,13,0
80146,9502,Salaried,719,4533474,14,21,10.46,2.79,2,30,1
150280,29713,Salaried,799,489887,11,24,15.11,2.89,2,17,1
23670,8414,Student,712,3839319,3,49,10.22,1.63,3,30,0
31692,6798,Self-Employed,756,1608840,4,21,9.37,1.32,1,22,0
32441,10465,Salaried,830,701627,5,42,10.89,1.29,2,23,1
197385,42525,Salaried,750,1152999,6,31,11.21,0.59,3,30,1
88052,12119,Salaried,750,573757,9,30,14.65,1.2,1,26,0
195133,7755,Salaried,736,3739349,9,37,10.03,1.39,1,21,0
143005,38986,Salaried,641,2243740,6,56,17.34,0.59,2,13,0
169897,45667,Self-Employed,696,3354489,3,46,13.77,2.71,3,18,0
56102,7261,Self-Employed,709,2335561,6,41,13.16,2.62,3,24,0
54548,11982,Salaried,720,1204682,8,33,12.63,1.13,2,24,0
73614,2881,Self-Employed,713,4574065,13,29,13.88,2.51,2,27,0
183995,44405,Self-Employed,772,2205935,7,31,8.71,2.49,2,15,0
168335,65082,Salaried,686,4802307,1,31,17.91,1.34,3,11,0
149418,27744,Student,688,2879832,7,26,13.8,2.24,1,18,0
127398,20588,Salaried,605,2098380,8,21,8.83,1.22,2,14,0
51349,5662,Salaried,606,1755318,6,26,14.1,0.68,2,21,0
120096,133,Salaried,714,2960798,12,33,12.65,1.76,1,14,1
56467,529,Salaried,695,186624,2,42,8.73,1.6,1,21,1
121577,13389,Student,662,4477654,1,51,17.28,0.85,3,24,0
109743,10911,Self-Employed,698,1937494,14,42,8.6,1.73,2,11,0
131568,35774,Salaried,633,51215,1,57,13.99,2.87,3,20,0
51153,3181,Self-Employed,555,89181,7,47,17.64,2.33,1,28,0
50216,1518,Salaried,649,141814,5,34,10.76,2.35,2,26,1
155313,34982,Salaried,643,2651759,5,25,10.91,2.39,3,27,1
94187,18605,Salaried,673,757680,7,56,8.5,2.36,3,19,0
87119,33326,Self-Employed,745,3818016,8,52,9.13,0.55,1,14,0
137071,36358,Self-Employed,680,1846637,11,54,8.93,2.81,2,30,0
165187,61684,Self-Employed,658,208818,1,27,16.32,2.58,3,26,0
48726,12941,Salaried,607,4598195,8,30,16.45,1.19,3,10,0
117639,2415,Student,759,3323297,7,37,15.4,1.88,1,22,0
184790,4320,Self-Employed,717,3935904,4,50,11.85,2.04,2,11,1
171021,47188,Salaried,698,813616,1,41,16.3,0.83,1,26,1
32180,8166,Self-Employed,670,1476599,9,33,13.63,1.13,3,24,0
58139,12793,Student,702,492819,2,21,11.39,0.56,2,17,0
39741,6553,Salaried,741,4432548,11,21,12.65,2.66,1,11,0
24128,8287,Salaried,683,4601984,1,53,9.12,0.56,2,17,0
128060,12317,Salaried,617,2341934,9,58,17.48,1.3,2,14,0
116181,4606,Salaried,670,1128235,12,45,14.38,0.7,2,26,1
27553,7155,Self-Employed,760,2753930,10,46,15.45,2.45,3,13,0
51499,19372,Self-Employed,697,1686056,11,33,14.93,2.81,2,21,0
33528,1798,Salaried,755,3141555,14,48,14.84,1.91,1,27,0
93549,30827,Salaried,690,4406069,14,53,8.66,0.85,2,15,0
67184,10518,Salaried,669,3344393,12,57,13.49,1.9,2,14,0
158583,20406,Self-Employed,673,1404159,5,50,16.31,2.43,3,28,1
25629,6354,Salaried,732,88392,11,28,8.92,2.3,1,14,1
56945,11558,Salaried,678,538208,13,21,17.58,2.35,2,19,0
193775,38645,Salaried,726,428883,11,32,12.53,1.2,3,28,0
101453,36827,Self-Employed,753,4182912,8,25,11.25,0.68,3,13,0
116449,32151,Self-Employed,714,2849455,8,44,13.55,0.87,2,22,0
106718,26268,Salaried,597,330570,3,26,16.11,2.89,2,22,1
112685,37531,Salaried,716,90480,2,45,13.01,2.03,2,26,0
32839,5621,Salaried,713,2053548,8,21,14.63,2.32,3,27,0
127514,15052,Salaried,746,962300,12,45,13.25,2.75,2,28,0
112293,31540,Salaried,633,1892275,3,21,14.5,2.63,3,26,0
55928,6825,Salaried,674,575500,2,52,9.81,1.05,1,12,1
148791,28890,Salaried,727,4303837,10,23,8.87,0.65,2,22,0
103531,29017,Salaried,643,3686671,2,39,9.8,2.81,1,22,0
166313,5871,Salaried,736,3977878,10,49,11.22,2.95,1,12,0
77784,30055,Self-Employed,750,489896,13,22,10.91,1.92,1,11,0
117237,14356,Salaried,730,4708560,13,29,14.34,2.72,3,24,1
53950,14382,Salaried,743,898795,1,37,12.83,1.08,3,12,0
25349,1344,Salaried,709,1559219,1,56,8.87,0.78,3,25,0
139479,7742,Salaried,598,2859386,6,37,8.83,1.75,3,19,0
145854,37910,Self-Employed,723,3146567,12,32,9.36,2.53,1,29,0
195982,14250,Self-Employed,690,3240288,12,40,11.85,2.14,3,11,0
111501,31856,Self-Employed,692,2103422,9,23,8.56,2.09,1,24,0
126988,3195,Self-Employed,763,1401016,11,24,13.19,0.54,1,17,0
133484,15930,Salaried,732,1864080,13,37,11.93,1.29,3,22,1
177186,20575,Salaried,680,77575,3,57,13.78,2.85,1,10,1
126317,46979,Self-Employed,702,4358555,5,35,15.35,0.84,3,11,0
183254,13628,Salaried,674,4255309,4,53,10.88,2.32,1,18,1
145324,57913,Student,731,1681397,11,36,9.99,2.4,2,29,0
62328,12050,Student,748,1998745,10,31,11.14,2.33,3,29,0
135748,506,Self-Employed,634,4418782,6,40,8.52,2.97,1,28,1
69520,24128,Salaried,648,2505546,7,58,9.64,1.52,3,21,0
180302,25629,Salaried,673,2797208,1,44,15.63,2.21,1,21,1
78423,15673,Student,681,89917,3,36,10.62,0.98,3,19,0
34867,2691,Salaried,712,1048142,2,50,17.95,1.5,2,28,0
188227,10336,Salaried,674,4525859,9,54,10.09,1.73,2,29,0
127473,10604,Salaried,696,3964623,8,21,15.99,1.04,3,19,1
121639,20003,Self-Employed,705,314031,5,44,15.2,2.77,3,28,0
197236,66863,Student,778,1310095,5,44,11.56,2.29,1,18,0
199338,31269,Self-Employed,722,3207702,4,29,11.64,1.21,1,14,0
61818,23918,Self-Employed,726,3165222,12,42,13.85,0.84,3,12,0
70531,17530,Self-Employed,702,2278033,14,32,16.6,1.22,2,28,0
89999,3685,Salaried,765,3114041,12,37,12.17,2.06,2,13,1
141493,51152,Salaried,647,3164411,11,45,9.08,2.57,3,23,1
79645,15490,Student,584,3205495,14,48,12.06,1.76,1,15,0
177552,25886,Salaried,729,1039347,14,35,10.47,0.76,3,22,0
46342,5462,Student,690,4637468,14,50,17.42,1.12,3,16,0
135448,4375,Student,708,3123031,14,47,15.12,1.36,2,21,0
39053,14156,Self-Employed,857,4482966,9,42,8.98,2.09,2,29,0
137611,48498,Salaried,665,731639,4,30,11.28,1.12,1,23,0
189531,39662,Self-Employed,644,3233748,3,51,8.98,1.08,1,22,0
92153,28281,Self-Employed,637,1513107,3,47,16.39,1.22,3,20,0
26036,6477,Self-Employed,648,2576209,8,32,17.11,1.98,3,15,0
131307,3873,Salaried,684,3933572,14,51,9.57,1.73,3,16,0
63459,12100,Self-Employed,689,3560640,12,52,12.68,2.6,3,19,0
38133,13011,Self-Employed,710,2537591,3,52,17.35,2.24,2,24,0
63499,4251,Salaried,626,3676277,3,55,9.88,2.17,1,18,0
194905,3051,Salaried,695,1855000,12,41,11.27,0.89,1,12,1
56382,20357,Salaried,704,2697957,14,30,11.39,0.64,1,14,1
193911,52745,Student,675,2232408,9,36,8.79,1.77,1,19,0
149367,9576,Self-Employed,778,100973,13,27,8.84,0.68,2,24,1
126117,45932,Salaried,720,4906319,6,24,17.55,1.41,3,12,0
153949,54936,Salaried,759,2781096,6,47,13.93,0.57,1,30,0
195919,19106,Self-Employed,749,4374967,4,45,11.41,0.94,1,27,0
90975,24509,Student,656,4662168,14,51,12.1,0.78,3,12,0
117293,44765,Self-Employed,786,3695464,1,31,15.29,2.5,2,16,0
53107,3899,Salaried,714,4089768,7,40,11.98,1.37,2,30,0
129846,27184,Salaried,685,3197756,12,56,10.66,0.7,1,23,0
47959,7137,Self-Employed,683,3127895,5,37,9.47,1.16,1,25,0
167554,27529,Salaried,716,1125587,10,31,15.42,2.21,1,28,1
140947,41395,Salaried,729,183426,2,50,10.22,2.36,2,13,1
124798,46858,Self-Employed,698,2236785,8,55,9.16,0.8,1,12,0
114829,28901,Student,756,4535139,7,58,12.56,2.45,3,12,0
136392,9846,Salaried,628,1315379,14,42,8.88,1.43,2,18,1
84967,29193,Salaried,693,198439,8,47,17.67,2.2,2,13,0
25455,5686,Salaried,596,1613108,6,57,14.46,2.18,3,28,0
150120,33274,Salaried,674,1126859,13,55,9.95,2.48,3,20,0
108780,27121,Salaried,678,1252716,7,24,10.14,2.24,2,24,1
16918,5921,Salaried,619,695674,13,36,13.91,0.6,1,13,0
119997,27398,Self-Employed,718,3809096,8,36,11.89,1.8,2,17,1
90051,25091,Salaried,757,3067542,3,41,15.86,0.92,1,11,0
66162,1425,Self-Employed,729,3725548,9,46,13.69,2.92,3,27,0
36844,14252,Salaried,720,3539575,2,56,12.62,1.14,1,12,0
27448,4719,Salaried,727,100445,12,39,17.65,1.55,3,12,1
25155,1316,Salaried,714,1348810,7,37,12.21,0.99,1,30,0
111767,11920,Salaried,763,3981626,4,46,12.31,0.84,1,28,0
74605,26672,Salaried,763,618696,9,42,14.82,2.0,3,21,0
40200,6333,Salaried,698,393514,12,48,16.19,1.73,1,23,0
128423,49282,Salaried,644,1542039,4,21,14.45,1.44,2,22,0
169628,65619,Salaried,702,1211925,12,56,15.14,0.71,1,25,0
48673,6793,Self-Employed,679,1287393,7,57,12.04,2.34,2,26,0
101042,21484,Salaried,693,153618,7,22,13.06,0.51,3,27,1
17370,4440,Self-Employed,653,4703895,4,37,10.37,1.64,1,22,0
30050,7801,Self-Employed,649,2692830,12,58,14.96,2.08,1,22,0
99535,33659,Salaried,726,4431044,9,41,10.6,1.58,2,17,0
15864,1686,Salaried,750,1110348,6,29,8.51,0.82,2,16,0
26058,927,Salaried,659,4146488,7,33,17.37,2.45,3,17,0
147182,2425,Salaried,709,190650,10,31,11.41,1.31,2,26,0
18160,5072,Salaried,756,317558,11,36,10.37,0.84,2,10,0
189391,73456,Self-Employed,733,277497,6,36,11.05,1.88,2,12,1
75486,11556,Self-Employed,632,4182564,12,22,11.64,0.55,1,13,0
112855,23410,Salaried,715,1758074,10,28,13.01,1.31,1,28,0
198167,54486,Salaried,715,2815327,11,33,9.16,2.38,1,11,1
131719,29257,Salaried,698,3315653,10,37,9.0,2.78,1,20,0
166550,6304,Self-Employed,671,4221791,5,59,11.28,1.98,1,20,0
185592,22335,Salaried,739,3312593,1,44,11.31,1.04,2,28,0
171834,8669,Salaried,738,2715296,12,23,9.62,1.05,2,11,0
116252,29863,Self-Employed,753,2011153,4,50,12.35,2.01,1,14,0
24044,9153,Salaried,764,3607640,1,33,11.2,1.52,1,28,0
185143,56342,Salaried,585,3165392,7,39,8.75,0.94,3,18,0
160943,30849,Salaried,709,822127,13,27,16.91,2.47,3,16,0
108705,41850,Student,681,4224675,1,29,16.92,1.0,2,21,0
142483,22840,Salaried,662,742946,13,39,10.49,1.3,3,28,1
137362,46066,Self-Employed,697,1285039,9,42,10.05,0.65,2,27,0
23402,7949,Salaried,670,3795132,8,38,13.7,2.25,3,27,0
109510,696,Salaried,796,4662350,5,43,14.49,1.19,1,30,0
109549,32575,Salaried,767,58623,6,22,17.6,1.08,1,18,1
195563,32405,Salaried,774,4892003,13,31,12.08,1.26,2,11,0
180436,65686,Salaried,643,3106843,4,51,14.37,2.69,2,11,0
190282,33448,Salaried,797,2929395,11,53,16.84,1.8,2,24,0
20075,7598,Salaried,766,4003598,11,34,12.77,0.89,2,25,0
183870,58117,Salaried,737,1503980,13,36,9.66,2.44,3,23,0
99545,33248,Self-Employed,761,4520333,3,31,12.09,1.02,1,28,0
63764,13985,Salaried,750,2439849,7,53,9.8,1.53,3,24,0
112453,2151,Salaried,762,1585561,11,27,8.66,1.92,1,12,1
43325,9134,Salaried,591,1354371,9,51,15.64,1.96,1,15,0
85679,15441,Self-Employed,739,3384299,11,34,10.77,0.67,3,15,0
153158,7735,Student,664,4663005,5,48,8.52,2.59,2,30,0
198204,71269,Self-Employed,787,170010,12,36,16.79,1.7,3,29,1
118637,8692,Salaried,753,4945762,11,39,12.72,2.97,3,18,0
60731,2261,Salaried,823,4803451,12,37,10.77,2.29,3,20,0
72168,16544,Salaried,706,2376475,10,46,11.0,2.98,1,13,0
179727,32509,Self-Employed,623,395003,5,26,10.79,1.63,2,23,1
111326,34919,Self-Employed,791,4505223,10,29,10.35,0.85,1,22,0
20475,5537,Salaried,679,3459541,5,37,16.49,2.32,3,24,0
72476,2306,Self-Employed,675,3178011,13,51,10.12,2.44,3,26,0
168746,37705,Self-Employed,710,4301184,3,32,13.84,2.63,1,17,0
68139,25340,Salaried,680,3605899,2,43,9.23,1.25,1,20,0
155880,37417,Salaried,770,100800,2,25,17.52,1.78,2,20,1
133730,10101,Salaried,675,2590712,9,56,14.23,2.64,3,25,0
66178,11083,Salaried,653,2230024,12,56,17.08,2.66,1,12,0
55717,14722,Student,655,3232963,14,23,12.28,0.56,1,24,0
182002,58576,Salaried,656,2746025,12,44,16.2,2.18,1,22,0
169219,855,Self-Employed,642,813071,10,37,16.61,2.0,1,16,0
28054,6201,Salaried,706,1004108,13,59,15.18,0.71,3,14,0
170874,51768,Salaried,562,599630,8,46,9.38,2.83,2,21,0
78777,6642,Salaried,693,1021659,12,24,8.65,1.61,1,12,0
154525,47213,Salaried,766,4809392,14,32,10.1,2.19,1,21,0
76277,13664,Salaried,670,2037733,12,21,9.62,2.71,2,14,1
66344,22366,Self-Employed,629,2665755,14,41,15.39,0.83,3,28,0
130228,20716,Salaried,686,1884325,11,39,13.79,2.64,1,28,0
144269,25403,Salaried,693,547641,10,41,13.5,2.31,2,10,1
95075,32295,Self-Employed,749,2528259,4,38,10.9,2.6,2,29,0
149019,12507,Salaried,765,2850818,10,23,9.97,1.74,3,21,1
120267,18193,Student,643,909236,10,52,10.46,0.58,2,15,0
85704,22521,Self-Employed,726,2422519,8,30,12.3,2.18,3,30,0
34276,1967,Self-Employed,692,1793201,12,35,15.53,1.44,2,27,0
146274,1931,Salaried,670,4613558,3,25,10.92,1.51,1,30,0
43453,1177,Salaried,746,468725,13,24,15.14,1.6,3,25,1
56225,16891,Salaried,717,3933258,7,48,13.17,1.73,2,20,0
20485,5205,Salaried,655,1032557,11,24,16.91,2.15,1,19,0
45751,7262,Self-Employed,687,4933966,7,35,10.71,2.32,2,12,0
171037,23257,Salaried,597,2376452,8,37,12.78,2.44,1,27,0
17697,3183,Salaried,683,4816026,12,23,9.42,2.18,3,21,0
152666,41242,Salaried,676,2563546,4,30,11.68,2.51,1,23,0
133070,41367,Salaried,760,3834031,8,43,13.32,0.81,2,13,1
83450,33036,Self-Employed,696,1161643,12,38,15.46,2.59,1,19,0
32079,1432,Self-Employed,700,889294,5,21,10.38,1.47,1,16,0
67803,10326,Salaried,685,2982488,5,55,10.57,1.82,3,25,0
43734,4325,Salaried,691,3361853,13,51,14.5,1.58,1,18,0
63798,1061,Salaried,734,1627368,14,21,12.13,1.69,1,12,0
174703,56119,Student,674,1339209,1,23,13.08,1.21,2,11,0
31629,12289,Self-Employed,638,1473898,6,23,16.44,0.92,2,15,0
112936,25301,Self-Employed,645,758664,14,57,13.24,0.76,3,19,0
186462,37056,Self-Employed,643,211805,2,39,14.7,1.63,3,13,0
105155,9796,Salaried,841,749664,9,49,14.74,0.81,3,13,1
105769,40611,Salaried,682,291006,12,45,16.13,1.11,2,19,1
102745,18047,Self-Employed,663,1209487,13,53,14.56,0.83,1,19,0
130786,24002,Salaried,616,212943,11,56,9.12,0.77,3,22,0
119824,697,Self-Employed,665,1301983,7,49,11.75,2.71,2,15,0
90364,16813,Salaried,748,973660,2,46,17.9,2.19,2,16,0
91718,33988,Salaried,779,1799258,6,24,10.37,2.81,3,14,0
146374,26627,Salaried,735,3887525,14,34,14.07,2.11,2,24,0
28354,6549,Salaried,682,3001599,9,47,16.51,2.61,1,17,0
138198,23811,Salaried,763,2642490,8,53,14.07,1.89,2,19,0
171411,49051,Salaried,693,2337922,10,42,12.04,1.66,2,21,0
141799,12046,Salaried,613,1114435,13,23,9.26,1.82,1,26,1
186130,8228,Salaried,732,1435300,12,43,11.94,1.3,3,25,0
188284,37282,Self-Employed,717,4792499,7,41,10.23,2.14,2,10,1
73071,26668,Self-Employed,651,3825379,10,43,17.63,2.74,1,13,0
15685,3140,Salaried,654,4244733,8,24,15.29,2.46,3,17,0
196418,12665,Salaried,680,3873194,2,41,15.62,1.66,1,15,0
59334,14338,Salaried,694,3784278,13,57,12.64,2.88,2,30,0
26095,3817,Self-Employed,767,3218940,12,51,9.54,2.96,1,19,0
93377,21896,Salaried,671,512748,12,41,11.03,1.73,3,27,0
42584,1578,Student,696,1603507,12,46,10.97,2.66,3,22,0
107052,10400,Salaried,706,2251251,3,55,13.12,0.51,3,14,0
173212,53683,Student,703,4491962,2,58,12.88,0.67,1,21,0
158738,58173,Self-Employed,708,2693409,10,44,12.62,0.56,1,30,1
74801,23225,Salaried,774,4624000,10,31,13.21,2.43,3,27,0
73576,8537,Salaried,720,1284162,2,49,17.88,0.7,3,17,0
131713,8598,Salaried,722,2395764,4,23,11.33,0.54,3,23,1
70614,6930,Salaried,691,1604769,14,21,14.35,0.87,2,24,0
28147,633,Salaried,786,465109,7,39,10.78,1.27,2,14,0
179965,62820,Salaried,721,2665698,13,42,12.93,1.66,2,14,0
186090,37106,Student,740,1196268,1,34,10.4,0.66,3,26,0
109334,4995,Salaried,686,2339169,2,34,13.8,1.75,2,22,0
160518,20869,Salaried,731,3191654,12,36,11.02,1.12,3,26,0
129785,20783,Self-Employed,796,4896241,9,53,8.85,1.19,1,20,0
194033,30412,Salaried,753,3201314,8,33,16.25,2.55,3,10,0
80383,20367,Student,649,4248396,1,58,9.72,2.97,3,22,0
49511,3249,Self-Employed,629,1882837,12,32,12.0,1.66,2,27,0
126816,43404,Self-Employed,732,1268128,13,58,13.03,1.3,1,15,0
145736,14140,Self-Employed,676,991217,1,59,12.61,2.83,1,22,0
141444,48526,Salaried,729,4741032,8,53,15.39,1.75,1,30,0
72613,27524,Salaried,734,2614920,13,53,14.17,2.33,2,29,0
193512,72437,Salaried,626,744901,9,49,11.31,1.53,2,20,0
21679,1409,Salaried,675,2890887,12,25,8.99,1.01,2,28,0
64260,1915,Salaried,675,4108761,5,26,15.79,2.14,2,29,1
137593,44769,Salaried,665,3378469,9,51,11.85,2.16,2,18,1
55317,3184,Student,727,3143016,14,36,16.95,1.65,3,22,0
51815,11849,Salaried,665,1272216,4,51,12.25,1.17,1,24,1
97611,4612,Self-Employed,620,977659,7,45,15.32,2.58,2,20,1
196528,14504,Salaried,696,1750954,2,53,17.43,1.19,1,25,0
45292,6454,Student,772,1367901,13,33,14.69,2.15,2,26,0
191859,55959,Student,699,3400795,1,30,12.43,1.46,3,14,0
68204,5084,Self-Employed,661,3143696,6,44,13.89,1.68,1,23,0
179659,19948,Salaried,654,4750411,8,30,13.66,1.03,2,24,0
76803,27135,Self-Employed,747,2147410,1,51,14.06,2.12,3,18,0
60914,6502,Salaried,724,1583416,13,33,9.89,1.06,3,23,0
20689,2282,Self-Employed,799,4543705,10,23,15.14,1.71,1,19,0
125427,11531,Salaried,694,1212139,12,54,9.88,1.32,2,22,0
73303,16647,Salaried,633,1422792,8,48,8.64,2.91,3,26,1
177181,18098,Salaried,708,4089324,6,39,14.44,2.96,3,10,0
101356,19510,Salaried,689,598116,3,43,9.61,2.38,3,23,0
39922,12404,Self-Employed,723,3868868,6,52,15.82,2.96,1,21,0
37407,9210,Salaried,733,3958759,12,33,16.73,0.78,1,16,0
115993,21754,Salaried,736,4193820,14,53,17.47,2.98,2,12,0
106494,22865,Self-Employed,705,464744,4,54,14.81,0.76,2,30,0
44303,13793,Salaried,747,4399646,8,53,13.08,1.54,1,10,0
80441,3307,Student,689,4247991,14,25,11.85,1.1,1,22,0
122674,3365,Self-Employed,758,3017246,8,23,13.16,2.88,1,11,0
74079,14018,Self-Employed,790,63555,14,27,10.31,2.09,3,18,0
125643,29938,Salaried,692,4348450,1,44,11.81,1.99,1,27,0
44335,7280,Salaried,721,4963498,3,42,15.32,2.99,2,13,0
79796,10552,Salaried,679,3560981,5,43,10.57,2.03,3,25,0
140748,45919,Self-Employed,677,4935935,9,50,11.01,2.12,1,15,0
173374,23140,Salaried,771,1268203,2,38,15.62,0.61,2,29,0
161886,9963,Salaried,586,321297,1,52,10.19,2.65,1,12,1
168878,29540,Salaried,625,1528764,9,27,10.84,2.93,2,20,0
177371,69364,Salaried,625,3449850,7,53,8.67,2.9,3,14,0
59657,20600,Salaried,593,4037141,7,25,15.34,1.05,3,10,0
115552,2149,Salaried,721,3211446,1,48,14.37,1.06,2,17,0
17196,496,Salaried,774,1807190,6,28,15.1,1.42,2,28,0
115283,11221,Salaried,703,390370,14,35,10.54,1.28,3,13,0
142008,35503,Self-Employed,639,3160255,4,24,15.03,1.26,3,18,0
121096,10388,Student,687,805452,13,54,14.17,2.01,2,12,0
197266,40616,Salaried,686,4318539,2,25,11.98,2.51,2,14,0
52516,11237,Salaried,683,1463590,6,53,12.66,2.84,1,25,0
153304,34924,Self-Employed,735,4071506,14,25,13.9,0.67,1,17,0
158572,36476,Salaried,685,748661,9,58,13.19,1.19,3,15,0
36101,10473,Self-Employed,698,2901454,4,54,14.6,1.14,3,12,0
186823,329,Self-Employed,718,1785454,10,46,10.22,1.39,1,25,0
107491,7313,Self-Employed,633,2878234,8,21,13.64,1.56,1,17,0
54409,20042,Salaried,630,3730250,2,24,12.78,1.47,3,22,0
140631,1503,Salaried,769,1456314,5,59,12.88,2.88,3,14,0
57704,17377,Salaried,663,2435871,3,46,12.96,1.59,2,15,0
81270,5468,Student,632,1083141,13,53,16.87,1.88,2,12,0
63827,311,Salaried,748,1569273,9,53,16.28,2.37,3,17,0
199304,55829,Salaried,669,3094221,7,28,14.48,2.31,1,13,0
130605,50682,Salaried,646,214767,8,40,15.31,1.96,2,30,1
128883,27075,Salaried,632,1622565,8,36,8.91,2.65,3,26,0
107126,6723,Salaried,622,3856459,7,41,15.57,2.06,1,17,0
196840,27443,Salaried,652,3278127,12,46,13.12,2.69,1,30,1
141119,23700,Self-Employed,647,3473495,9,43,11.52,1.26,3,28,1
123929,39076,Student,615,4186331,3,38,9.83,0.83,2,23,0
119961,33385,Salaried,670,3224024,13,51,9.21,2.55,2,18,0
70439,23976,Salaried,703,337047,7,32,8.93,1.46,3,21,1
118390,13802,Self-Employed,635,3812493,2,21,10.04,2.13,1,22,0
40420,6583,Salaried,660,1917893,8,29,8.79,2.34,2,17,0
61834,11227,Salaried,701,2135024,13,23,15.46,1.32,3,12,0
42711,8223,Salaried,737,555113,14,46,10.86,1.76,2,24,1
194375,44829,Self-Employed,684,4260328,1,29,12.0,2.74,3,29,0
90342,29399,Salaried,674,3138860,8,36,16.32,2.7,2,28,0
104289,11578,Salaried,676,1900229,5,44,9.59,2.37,2,13,1
36203,4143,Salaried,638,2780086,9,34,16.44,2.41,2,11,0
65552,19414,Self-Employed,728,3428328,13,23,14.58,2.74,3,14,0
87616,22811,Student,703,1586765,13,54,11.75,2.34,3,30,0
196646,62990,Salaried,660,2009459,5,53,9.62,1.35,1,11,0
176307,18374,Salaried,643,774042,3,44,9.37,0.8,2,16,1
34144,12492,Salaried,667,4802989,5,29,11.69,1.55,2,20,0
185425,60586,Salaried,636,4682541,11,33,9.83,0.72,3,21,0
32004,3585,Student,608,4592597,7,22,11.04,0.79,2,13,0
190600,37953,Salaried,674,430146,8,27,9.0,2.88,3,12,1
169719,67281,Salaried,666,4565288,2,41,14.15,2.19,1,17,0
129647,29591,Salaried,675,1715449,5,39,9.88,2.63,2,27,0
76373,28611,Student,663,772674,1,45,15.69,2.11,3,14,0
122669,13913,Salaried,740,1033390,7,42,10.57,1.55,3,25,1
142540,12441,Self-Employed,670,366062,9,31,16.08,0.56,2,21,1
46199,2823,Salaried,741,1779843,14,53,10.3,2.89,1,18,0
74951,24328,Salaried,663,1898263,14,52,15.35,0.68,3,17,0
161031,54990,Salaried,652,4470030,3,41,11.66,2.03,2,14,0
185598,50553,Salaried,681,3103477,8,59,14.04,0.76,1,29,0
55399,8801,Salaried,679,1091101,3,40,8.87,1.21,3,28,1
59235,2743,Salaried,575,4875246,10,28,13.2,0.96,1,24,0
164465,30987,Student,678,967455,4,57,9.91,1.88,3,29,0
76216,30180,Self-Employed,660,1285984,3,29,13.12,2.72,2,20,0
102867,27936,Salaried,700,1995246,5,45,9.84,2.09,2,29,1
126346,41582,Salaried,715,3394161,14,45,12.65,2.16,2,22,0
22766,8480,Self-Employed,718,2425327,3,53,9.55,2.77,1,22,0
120949,18574,Salaried,675,1473752,13,22,10.59,2.37,1,30,1
113304,39639,Salaried,701,581491,2,39,14.15,2.66,2,26,1
26202,2537,Self-Employed,687,3785452,5,40,17.78,1.54,3,30,0
162267,5195,Salaried,729,1561090,10,49,12.77,2.66,1,25,1
172143,49521,Self-Employed,776,4802922,8,26,15.03,2.11,1,26,0
135196,8629,Self-Employed,679,4016918,4,37,13.62,0.84,3,28,0
185145,72991,Salaried,713,4289879,12,45,13.23,0.6,3,23,1
130513,17275,Salaried,666,3621542,8,58,9.11,1.11,2,16,0
29798,9213,Self-Employed,533,4858042,14,24,9.87,1.45,1,18,0
66602,22545,Self-Employed,714,4410851,2,50,16.89,2.59,3,11,0
59281,13802,Salaried,792,2202101,9,40,12.4,2.35,3,28,1
165834,27374,Salaried,744,4408482,5,23,14.34,2.89,2,15,0
53970,11115,Salaried,642,3418984,4,43,13.52,1.9,2,10,0
57505,18608,Salaried,694,1612600,12,38,12.1,2.37,1,16,0
97801,5933,Salaried,688,1732079,2,46,12.18,1.19,3,25,0
198769,19365,Student,707,2291612,7,56,13.78,2.2,2,11,0
173904,8206,Salaried,748,391002,9,28,9.84,2.27,1,13,1
21994,6203,Self-Employed,652,4155891,1,37,12.18,2.62,2,29,0
175946,46125,Salaried,664,4819752,10,51,12.75,1.84,1,23,0
113159,23520,Salaried,732,56076,4,57,17.86,2.12,3,20,0
43698,8389,Salaried,796,1345682,6,53,11.84,1.01,2,18,0
43535,8583,Salaried,739,4109136,6,47,14.62,2.34,1,14,0
158373,5341,Salaried,735,1099929,13,24,9.81,2.6,1,12,0
83556,236,Student,736,353312,7,42,9.12,1.98,3,29,0
135739,15103,Salaried,663,299561,1,46,16.78,0.79,2,11,0
54330,16152,Self-Employed,706,2974790,10,52,15.44,1.28,1,19,0
99453,13330,Self-Employed,733,3315548,6,44,11.52,1.69,1,30,1
120035,42142,Student,729,4441932,13,55,13.29,2.19,1,19,0
108423,2242,Self-Employed,723,4774139,6,57,9.79,1.3,1,16,0
44703,14193,Salaried,673,4974908,7,52,15.22,2.6,2,24,0
102756,22438,Student,685,240680,1,27,9.17,1.43,2,14,0
71493,19725,Salaried,631,2789057,11,53,15.69,0.61,1,17,0
32236,3100,Student,695,1360418,6,51,13.69,2.48,2,27,0
198358,24404,Salaried,604,617792,11,32,11.15,2.11,2,29,1
116603,21347,Self-Employed,759,398655,6,31,16.69,2.5,3,15,0
198393,50522,Salaried,742,1642017,5,44,17.87,1.37,3,20,1
76899,22787,Self-Employed,817,4412744,12,28,10.92,0.54,1,17,0
37564,10985,Self-Employed,717,3088952,8,52,16.16,0.68,3,13,0
140129,36030,Salaried,701,4894451,5,58,15.63,0.78,2,16,0
36843,11637,Salaried,710,4712001,14,42,15.6,2.51,1,11,0
53243,642,Student,642,832004,2,54,17.59,1.25,3,24,0
65220,10296,Salaried,689,956422,3,39,13.12,2.99,1,18,1
148636,48793,Self-Employed,651,3372795,3,40,14.9,2.4,1,30,0
33256,10635,Salaried,730,2731785,5,34,16.33,2.0,3,28,0
62640,21656,Salaried,642,1398779,14,53,13.06,2.96,2,28,0
138694,37098,Student,704,3750199,7,30,13.07,1.29,2,14,0
32116,11406,Salaried,758,3200240,9,36,11.53,0.91,3,28,0
46642,13239,Self-Employed,678,4247400,5,24,15.92,2.34,3,12,0
127231,8643,Salaried,788,3082178,6,47,15.02,1.2,3,21,1
182983,38462,Self-Employed,740,4206466,2,48,12.79,2.9,3,16,0
176525,42189,Salaried,720,3991592,11,36,12.48,2.97,1,14,0
142957,28262,Salaried,677,110990,7,53,9.19,2.82,2,21,0
88642,13901,Self-Employed,778,1337196,9,39,8.56,2.86,2,13,0
43141,5933,Salaried,823,404598,6,41,13.52,2.04,3,29,1
107417,27353,Student,623,665974,12,42,12.47,2.23,2,28,0
74596,8847,Self-Employed,693,751385,3,29,16.06,0.74,2,22,0
136867,52515,Self-Employed,745,2793402,6,29,13.66,2.41,2,24,0
99393,7406,Salaried,733,156534,5,29,17.4,1.01,3,19,0
23221,7581,Salaried,817,4897491,4,47,10.36,2.6,3,10,0
121296,32847,Salaried,735,661447,6,37,17.91,2.9,2,12,0
171699,38188,Self-Employed,797,798856,1,28,11.33,1.03,3,27,0
85591,9487,Salaried,662,3976872,1,36,14.6,0.7,2,25,0
124151,3217,Salaried,766,3413734,8,38,13.27,1.71,3,21,0
19984,1582,Salaried,715,888338,10,53,11.92,2.48,2,25,0
137894,2263,Salaried,572,3077238,14,21,9.82,2.43,3,20,1
35273,3419,Salaried,719,593289,4,32,9.78,2.24,2,20,0
191514,21535,Self-Employed,702,804410,10,26,15.26,2.55,3,23,0
75708,14408,Salaried,743,367539,2,25,12.09,0.94,3,26,0
40438,10401,Student,726,1090124,14,36,17.63,2.13,2,28,0
31235,9825,Self-Employed,721,2699600,3,38,11.59,2.01,1,20,0
18895,5764,Salaried,751,4502047,1,38,17.84,0.88,2,13,0
140543,20756,Salaried,710,4266931,10,21,10.45,1.54,2,19,0
177942,21056,Salaried,723,4776926,2,39,9.48,2.63,1,28,0
195866,51651,Student,703,2606771,11,28,11.47,2.93,3,13,0
189930,60239,Self-Employed,730,3227217,1,23,16.91,2.16,1,20,0
188451,70197,Salaried,603,3499795,7,45,13.46,2.8,2,16,0
138662,34531,Salaried,591,1314454,1,25,9.79,0.83,1,29,0
159514,61912,Self-Employed,662,4316037,4,39,10.42,2.94,3,18,0
86894,2501,Salaried,571,230250,13,38,11.46,0.58,2,11,0
46236,11749,Self-Employed,697,4368860,1,51,14.11,1.82,2,10,0
28400,6789,Salaried,640,4887642,1,53,11.66,1.23,3,17,0
143360,5176,Salaried,668,3563680,7,38,15.6,2.53,3,28,1
91173,13150,Self-Employed,636,3609029,12,59,14.35,1.04,2,25,0
164054,42640,Self-Employed,704,2115430,12,36,16.8,0.53,3,23,1
96024,3482,Self-Employed,651,4951968,12,36,13.26,1.54,1,13,0
152846,35579,Self-Employed,686,3901638,7,58,11.65,0.66,1,28,0
18735,2434,Salaried,599,277660,4,27,17.96,1.23,1,15,0
26612,6222,Self-Employed,796,4501700,7,34,11.88,2.11,1,24,0
18528,3832,Self-Employed,774,2144751,4,45,12.57,1.24,3,22,0
132070,475,Self-Employed,766,331354,10,52,16.19,1.11,1,28,0
104491,3264,Salaried,699,4202119,10,58,9.34,0.89,1,13,0
75339,16270,Self-Employed,670,2536756,7,42,12.17,0.84,2,11,1
81604,10895,Salaried,641,4521779,12,36,9.31,1.81,3,12,1
141730,16955,Student,695,1128518,6,49,9.82,2.2,3,23,0
175335,26149,Salaried,730,547193,9,36,8.54,1.63,3,13,1
144558,14834,Student,652,2836021,6,32,8.59,0.81,2,25,0
187185,36825,Salaried,716,1312572,4,37,12.11,2.12,2,20,1
19944,6340,Salaried,744,3628027,9,57,16.19,1.89,3,22,0
124518,38707,Salaried,727,935461,5,47,14.08,1.45,1,10,0
109940,4429,Self-Employed,735,4070960,10,45,14.53,1.33,2,22,1
89800,15972,Self-Employed,775,506503,10,33,13.43,0.96,2,24,0
140363,51803,Self-Employed,670,2780318,6,28,16.29,0.87,2,16,1
33993,7615,Student,674,3310196,4,25,16.86,1.35,3,14,0
135246,24853,Self-Employed,620,2013600,9,32,16.57,0.6,1,15,0
140619,49184,Salaried,683,1711248,6,23,16.22,1.59,2,18,1
74168,28468,Self-Employed,685,869866,5,55,10.24,2.0,2,15,0
198149,73514,Salaried,664,3112397,10,53,14.14,2.85,3,15,0
48059,7598,Salaried,737,4250815,4,42,14.03,2.06,1,11,0
104220,25682,Salaried,673,4880976,3,29,13.52,2.06,2,30,0
116946,31335,Salaried,714,3795106,4,38,13.07,1.44,3,15,0
60992,20311,Self-Employed,734,484010,2,49,9.35,0.83,3,19,0
34227,6249,Salaried,669,3842591,3,59,9.47,1.62,2,14,0
51644,11948,Salaried,733,700372,10,47,17.07,2.0,3,29,1
172777,48312,Salaried,698,1982867,3,56,14.49,2.31,3,21,1
168882,10225,Salaried,696,845331,8,37,10.99,2.57,2,15,1
186466,32736,Salaried,743,2013172,11,54,11.15,1.14,3,15,0
26438,7103,Salaried,699,2781405,6,23,14.3,1.1,1,17,0
186571,66406,Self-Employed,633,2680008,13,25,12.37,1.91,1,26,0
155085,28673,Salaried,696,1423638,8,34,12.69,1.92,2,27,0
192506,69289,Self-Employed,719,4436852,6,23,9.08,1.04,1,20,0
197630,15713,Salaried,680,4856465,13,43,9.82,1.97,1,10,0
71619,25841,Salaried,740,1224939,3,59,12.24,1.36,2,16,0
24313,9007,Salaried,689,3948669,10,50,15.15,2.1,3,17,0
29966,8926,Self-Employed,650,3771074,14,43,8.96,1.23,1,12,0
100282,12353,Salaried,727,622352,13,47,11.68,1.98,3,28,1
163302,51961,Self-Employed,752,1994457,3,30,15.1,2.42,2,25,0
186313,4982,Self-Employed,646,2473767,7,45,16.02,2.95,1,17,1
42186,1971,Salaried,686,430428,10,33,10.31,2.78,2,15,0
27084,4494,Salaried,747,4732798,11,36,15.45,1.76,3,11,0
106900,1338,Self-Employed,720,1948483,14,54,17.58,1.72,2,21,0
64390,23851,Salaried,683,4150086,10,57,17.11,1.59,1,30,0
96645,20162,Salaried,634,1440757,6,42,16.0,0.57,2,15,0
91246,11325,Salaried,683,182196,1,37,15.27,0.91,2,23,0
143317,24029,Salaried,700,918316,8,43,10.73,0.65,2,16,1
155919,37640,Student,672,2322200,12,56,14.52,2.24,3,18,0
197319,14946,Salaried,705,2673425,6,29,14.61,1.53,3,16,0
37847,13235,Salaried,696,713525,2,22,12.36,0.66,3,24,0
110847,42670,Salaried,641,4997801,11,52,13.18,2.23,3,21,0
48451,22,Salaried,790,2366175,10,42,15.09,2.11,1,26,0
100415,12749,Self-Employed,731,2871474,10,33,17.54,2.3,3,24,0
131556,24878,Salaried,720,3902786,8,28,11.31,2.0,3,24,0
167291,66442,Student,534,1862850,8,21,10.84,0.9,1,30,0
116969,38422,Student,757,2672176,10,37,14.22,0.65,3,23,0
120160,36726,Salaried,664,2198591,9,32,9.74,2.54,2,20,0
145839,52235,Salaried,729,870122,3,24,14.03,1.04,3,20,1
171476,26211,Salaried,714,1760761,14,33,9.34,1.86,1,29,1
102563,29394,Salaried,666,1046257,13,51,13.16,1.71,2,22,0
139572,22588,Self-Employed,740,651085,1,27,14.39,2.8,1,22,0
108054,18599,Self-Employed,751,853498,4,43,9.17,1.88,2,17,1
118919,3967,Salaried,669,4845336,1,44,10.47,1.95,2,16,0
52056,8691,Self-Employed,665,2423788,11,25,11.69,1.3,2,29,0
188018,71193,Student,643,1889481,6,25,12.0,2.9,1,22,0
51638,11958,Salaried,654,3737063,6,37,14.92,2.03,2,20,0
66071,23303,Salaried,730,2486066,8,50,13.53,0.51,2,28,0
167551,22900,Salaried,635,3185297,8,29,12.13,1.89,2,15,0
122960,38528,Self-Employed,687,3068001,14,26,12.78,1.41,2,17,0
133192,20592,Self-Employed,724,3834862,10,45,8.62,0.58,2,28,0
86417,13326,Self-Employed,755,2715526,14,39,15.82,1.58,3,14,0
59187,9081,Salaried,690,4017100,4,36,8.89,2.43,1,19,0
27568,10679,Salaried,789,4214647,7,41,16.38,1.76,2,10,0
170510,68017,Salaried,671,1754350,10,22,13.64,2.1,2,21,0
183503,32628,Self-Employed,584,74836,3,30,13.51,2.1,2,16,1
178464,55636,Salaried,668,4773822,2,36,15.19,2.18,2,17,0
87974,9066,Student,677,1719931,5,57,16.67,1.47,2,27,0
118809,39323,Self-Employed,716,4603192,6,35,17.46,1.43,3,16,0
111159,3765,Salaried,728,4175148,8,33,13.66,0.51,3,23,1
78469,3807,Salaried,702,4199249,11,33,9.93,0.89,2,29,0
106984,30228,Salaried,678,1406805,14,52,16.85,2.88,2,27,0
74193,26296,Self-Employed,557,1275758,9,28,8.89,2.61,2,30,0
140092,8491,Salaried,726,815758,10,38,16.17,1.19,1,13,1
33740,4171,Student,697,1592890,7,56,14.96,1.5,1,19,0
178825,26140,Salaried,723,4107356,1,46,17.09,2.85,3,20,0
74223,3176,Self-Employed,660,135642,13,30,17.03,1.13,3,20,0
92942,11290,Self-Employed,682,3684847,14,51,9.0,1.83,1,29,0
138641,41142,Self-Employed,660,4990508,8,53,14.29,0.56,2,28,0
195032,46104,Self-Employed,662,4501396,9,49,9.68,2.05,3,10,0
56833,9278,Salaried,699,1221710,11,25,9.25,2.83,2,11,0
81058,30709,Salaried,775,673509,14,33,12.76,2.71,2,18,0
138146,45806,Salaried,760,4780626,8,21,9.43,1.75,3,26,0
71004,3428,Self-Employed,710,960149,5,43,15.42,2.12,1,14,1
131209,36564,Self-Employed,645,2400972,4,23,17.7,1.92,1,11,0
57920,16630,Salaried,656,1607046,1,23,13.91,0.67,1,13,0
35655,468,Salaried,645,3140712,6,27,10.73,0.9,2,16,0
187462,27818,Self-Employed,734,2667313,9,56,16.51,2.91,2,30,0
83843,2969,Salaried,622,2116882,2,55,16.6,1.14,2,26,0
121944,19613,Salaried,727,4036830,11,35,15.46,1.46,1,12,1
63581,11099,Salaried,680,3730879,10,23,14.34,1.77,2,18,0
60697,17336,Salaried,750,3367448,7,49,16.74,2.95,3,10,0
166039,13979,Salaried,644,3483845,1,50,10.05,2.22,2,29,0
150351,32653,Salaried,677,3424678,5,59,17.35,2.07,3,30,0
189457,59568,Salaried,671,980866,5,38,17.5,1.81,1,25,1
50564,7428,Salaried,633,4248766,11,31,16.78,2.25,2,12,0
146904,29779,Self-Employed,727,127815,2,58,10.88,2.16,2,28,1
88902,26765,Salaried,729,4639757,6,21,16.65,2.76,1,25,0
58788,15204,Salaried,697,2601502,5,49,13.23,1.85,2,10,1
114700,3582,Self-Employed,727,2031109,2,30,14.15,1.55,3,21,0
20586,430,Salaried,668,680206,11,48,16.49,2.52,1,29,0
161519,58185,Salaried,627,2335792,2,51,8.78,2.5,3,15,0
33589,12996,Salaried,707,3509415,3,39,11.95,0.92,1,12,0
194949,19657,Salaried,728,310022,12,23,16.25,1.09,3,16,0
129186,36427,Self-Employed,703,3976610,2,56,16.23,2.9,3,12,0
89789,15564,Salaried,723,1013713,6,35,16.56,1.61,3,22,0
68796,16600,Salaried,644,390439,2,53,10.11,1.8,2,25,1
95454,4192,Self-Employed,634,2117182,5,46,15.21,1.28,2,23,0
134472,29284,Self-Employed,598,360540,5,36,9.89,1.7,2,18,1
154740,42386,Self-Employed,719,2031620,9,56,15.96,2.36,2,17,0
114373,861,Salaried,750,354965,13,53,10.83,1.71,2,24,0
30521,9441,Self-Employed,730,2613325,11,40,15.51,1.29,3,28,0
70937,12754,Salaried,677,4023182,2,33,12.82,0.74,2,22,0
41472,13527,Self-Employed,631,605301,8,53,17.87,2.82,3,23,0
54624,11705,Student,697,4478773,6,25,14.01,2.68,1,20,0
25868,3947,Salaried,709,751456,7,57,14.51,2.48,3,27,0
135808,21906,Salaried,744,4024657,11,34,12.0,2.24,2,12,1
110470,16752,Self-Employed,673,4311331,3,47,15.48,1.79,1,13,0
181602,44347,Salaried,693,1232151,7,43,13.2,2.74,2,12,0
102054,18266,Self-Employed,692,2587895,9,34,8.67,2.48,1,22,1
171789,14263,Salaried,667,2162830,3,24,14.28,2.54,3,25,1
81184,25317,Salaried,670,2444663,12,59,16.39,1.27,1,22,0
128565,34824,Salaried,663,2124495,1,39,10.75,1.56,2,19,0
66047,24779,Salaried,724,2107240,7,24,10.6,2.27,1,27,0
149096,44575,Self-Employed,693,149256,8,50,14.28,1.43,3,17,0
117426,20563,Self-Employed,702,3062225,10,39,16.27,1.73,1,16,1
59279,18443,Salaried,804,2787255,11,51,10.87,2.12,3,26,0
90623,17908,Salaried,694,215006,13,51,17.36,1.59,1,15,0
45405,11928,Salaried,752,4420542,1,29,17.31,2.48,3,24,0
67647,8042,Student,662,1223525,4,33,10.41,0.79,3,18,0
73865,325,Salaried,713,1383090,11,34,11.01,2.3,3,19,0
101609,18611,Self-Employed,698,90857,14,30,15.16,0.86,3,17,0
91611,36152,Salaried,608,2357497,5,51,17.54,2.84,2,16,0
65855,24913,Student,677,652342,6,57,15.24,1.29,3,14,0
18298,727,Salaried,628,3263097,6,43,12.73,2.49,2,27,0
92129,13495,Self-Employed,675,211439,8,47,10.11,1.8,3,25,1
156308,48239,Salaried,708,2296074,14,26,12.88,0.73,1,24,0
151726,27989,Salaried,738,4195761,10,46,14.26,1.96,1,19,0
103600,25125,Salaried,724,2264029,1,22,11.64,2.78,2,30,0
130042,19248,Self-Employed,729,2739199,3,33,13.35,0.89,1,10,0
100638,10060,Salaried,714,3442614,6,39,9.74,1.3,3,15,0
127482,48353,Self-Employed,686,1002986,2,21,12.8,1.6,1,24,0
165327,2926,Self-Employed,728,4635996,6,52,9.36,1.19,2,11,1
197954,27485,Salaried,741,2497092,5,42,8.97,2.86,1,21,1
117158,6346,Self-Employed,610,4821708,2,49,16.64,1.44,2,10,0
192851,44239,Salaried,646,1130001,9,22,10.45,2.15,3,24,1
63053,4692,Student,639,1099330,11,58,13.96,1.06,3,22,0
182641,60794,Self-Employed,797,3388318,1,31,9.92,1.05,1,10,0
77345,24851,Student,614,3025262,12,37,10.99,0.94,1,10,0
54464,11779,Student,717,148477,6,28,11.93,1.59,1,13,0
153111,51800,Self-Employed,708,1857953,11,42,9.86,1.83,3,30,0
172991,65206,Self-Employed,725,4632922,2,24,8.94,0.53,1,23,0
87836,5287,Student,620,2693270,11,31,16.83,2.58,3,30,0
82303,9580,Salaried,680,2346492,7,28,8.61,1.78,2,26,0
46967,6303,Salaried,682,4156655,14,29,9.08,0.89,1,22,0
171052,64681,Self-Employed,687,440374,4,46,16.15,0.67,1,21,0
24217,1532,Self-Employed,740,205894,5,22,11.18,0.66,2,15,1
49884,16012,Salaried,726,2694252,2,36,15.37,1.14,2,28,0
30921,297,Salaried,709,179604,14,51,9.89,1.75,2,29,0
133372,27783,Salaried,651,3343266,3,26,10.75,2.65,2,25,0
63113,11915,Salaried,679,269928,3,41,13.94,2.76,3,30,0
85956,15500,Salaried,729,2918220,2,46,17.89,2.58,1,25,0
19882,2261,Student,617,1960283,11,39,9.2,1.32,3,21,0
162642,52628,Salaried,725,1768776,14,48,12.31,1.27,3,29,0
175166,50765,Salaried,659,3521770,2,28,8.91,2.97,2,29,0
132379,48211,Student,639,1438284,8,34,10.39,2.2,1,22,0
80047,55,Salaried,714,4417227,11,44,17.12,1.26,3,10,0
184098,39415,Salaried,713,2683739,1,57,9.42,1.32,3,27,0
133525,1119,Salaried,663,3547706,14,46,16.64,1.59,2,11,0
176190,57110,Salaried,654,4230975,6,51,10.19,2.05,1,11,0
143920,33797,Salaried,696,404563,12,52,16.69,2.74,1,10,0
112338,22264,Salaried,745,3974089,10,22,13.61,1.0,1,19,0
30030,7113,Self-Employed,750,3152504,4,45,16.84,0.71,3,10,0
184126,65132,Salaried,708,4395527,12,22,9.94,1.51,2,23,1
77137,6425,Salaried,767,583628,5,21,15.74,1.11,1,17,0
70101,3119,Salaried,687,2286014,14,56,14.97,1.94,3,10,0
124239,45939,Salaried,779,2873587,10,32,13.66,2.25,3,23,0
131736,5186,Self-Employed,664,2270194,11,29,16.2,1.28,1,19,0
31976,7082,Salaried,617,1561547,7,56,14.66,2.21,2,28,0
73252,2959,Salaried,607,4833163,7,48,16.83,1.36,2,17,0
169273,51126,Salaried,686,745214,11,58,12.12,2.09,1,11,0
58375,9953,Salaried,718,2953382,2,53,14.1,2.08,3,13,0
170194,29131,Self-Employed,651,3925736,2,42,16.77,1.2,2,21,0
96823,30540,Salaried,706,3527959,7,45,10.54,2.09,3,18,0
85043,3542,Self-Employed,657,4859146,1,38,13.11,1.45,3,10,0
163371,47711,Self-Employed,762,2309685,4,26,17.63,1.34,2,17,0
126850,15179,Salaried,726,476127,2,38,13.0,1.22,3,26,0
68831,3296,Salaried,723,3267812,14,36,10.9,1.36,3,25,1
147624,4336,Student,771,1555822,8,35,11.84,2.47,1,24,0
20878,6191,Salaried,721,3320275,8,28,16.91,1.11,2,18,0
34743,8533,Salaried,752,2443788,9,33,17.57,2.2,3,17,0
91116,31246,Student,708,712645,6,27,17.53,2.75,2,29,0
167057,21447,Self-Employed,696,4230491,12,37,15.14,1.38,2,23,0
57021,18201,Salaried,669,2263107,8,52,13.34,0.57,3,21,0
160658,29303,Student,646,130224,7,42,10.24,0.56,2,24,1
102418,26370,Salaried,707,3050139,4,33,9.67,0.85,1,13,0
147630,25799,Salaried,718,2327642,3,43,9.07,0.78,1,13,0
62553,18988,Salaried,664,3239831,5,49,8.67,2.37,3,11,0
105946,8920,Self-Employed,699,4803984,5,42,16.84,1.24,2,13,0
109599,30055,Salaried,688,790371,13,21,16.19,2.13,3,29,0
95074,36510,Salaried,743,4379244,10,49,13.89,0.61,2,27,0
127928,16684,Salaried,676,1634820,2,25,17.99,1.24,3,24,0
136144,37211,Salaried,662,4735611,14,55,17.55,1.09,3,17,0
39574,5217,Salaried,674,1777830,3,30,14.72,1.19,2,19,0
199669,11782,Salaried,672,263601,13,39,12.91,0.98,1,11,0
26423,5531,Self-Employed,762,4660049,12,57,9.95,2.04,3,18,0
174458,26393,Self-Employed,669,2820786,4,27,13.4,2.16,1,25,1
57394,7943,Student,635,1960957,6,55,10.0,0.87,2,21,0
131317,14242,Salaried,719,88533,2,33,12.29,2.35,3,14,0
19412,2451,Salaried,624,3799431,10,30,17.46,1.13,2,16,0
55681,11201,Self-Employed,679,1509052,10,22,11.75,1.21,1,24,0
193436,33000,Self-Employed,798,4676193,10,26,9.95,2.57,2,22,1
185880,59252,Self-Employed,747,2374368,14,28,14.03,2.75,3,17,1
145349,3877,Salaried,696,1120959,9,56,14.22,2.56,1,28,0
129175,1828,Student,678,4188836,12,45,10.34,0.87,3,28,0
155877,37238,Student,719,215940,9,27,10.37,3.0,1,14,0
55954,5024,Salaried,744,2697918,11,43,17.9,2.18,2,30,0
68520,21144,Salaried,700,3852332,5,39,10.81,1.78,2,27,0
128568,38390,Salaried,681,1068940,11,42,16.46,2.89,3,30,0
94207,17728,Self-Employed,726,2206961,1,33,12.97,2.54,3,26,0
151341,60477,Salaried,730,1410448,6,41,12.63,2.23,3,16,1
188324,54191,Salaried,616,1070183,4,21,11.3,2.6,1,23,1
24324,4194,Salaried,718,1981368,10,39,15.85,1.46,1,24,0
32934,8825,Self-Employed,734,580888,9,53,16.87,2.21,3,26,0
162039,29467,Self-Employed,721,2375320,11,24,10.98,0.98,1,12,0
174192,44108,Salaried,687,2114628,8,23,9.4,2.97,1,22,0
170783,63187,Salaried,689,211851,7,47,9.8,1.97,2,20,0
40460,14973,Salaried,753,4848508,4,55,16.03,2.54,2,12,0
65372,25281,Self-Employed,714,251301,8,48,12.64,1.52,2,15,1
158367,34676,Self-Employed,812,4343034,10,26,9.75,2.4,3,15,1
194087,71417,Salaried,731,4410907,5,26,11.73,1.47,2,30,1
80681,19514,Self-Employed,682,3801402,1,43,13.39,1.98,2,15,0
144434,34225,Self-Employed,693,3906452,8,53,16.59,2.45,1,15,0
195033,47813,Salaried,602,254707,2,36,14.6,0.79,2,15,1
100925,25,Salaried,602,4973351,1,44,10.17,1.39,1,23,0
130284,51171,Student,750,793257,3,25,10.01,1.86,2,20,1
62523,1923,Self-Employed,699,1352209,13,33,12.42,1.33,3,25,0
95209,5117,Student,675,4980397,3,32,9.21,1.27,3,28,0
52528,407,Salaried,764,467658,5,25,15.68,1.2,2,16,1
69892,15869,Self-Employed,657,2616536,4,57,12.31,1.07,2,15,0
145764,1261,Salaried,563,2840521,11,51,11.76,2.62,2,20,0
80830,14258,Self-Employed,639,3627258,13,48,13.34,2.81,3,13,0
90240,11994,Salaried,744,2110460,3,48,15.24,2.25,1,10,1
49280,1820,Self-Employed,642,698480,6,50,13.91,0.57,1,18,1
133880,45769,Salaried,774,4176085,2,38,16.12,2.47,2,22,0
101868,22288,Self-Employed,715,720768,3,47,14.48,1.83,3,17,1
171243,6831,Salaried,699,2885662,12,55,15.99,2.4,1,11,0
153766,26525,Self-Employed,678,4753783,12,46,15.12,1.59,2,25,0
70041,22248,Salaried,614,853428,1,59,10.33,0.6,3,28,0
143511,14720,Salaried,658,3810345,14,38,9.0,2.2,3,17,1
28882,5696,Student,710,707440,2,53,17.08,1.61,1,21,0
27151,8460,Self-Employed,637,1022279,14,45,17.48,2.69,3,20,0
157375,15009,Student,665,1174063,14,51,15.41,2.35,2,18,0
51444,3968,Self-Employed,704,2343201,1,57,15.38,1.4,2,19,0
172738,50159,Student,681,402404,7,22,11.07,2.31,1,10,0
156185,27390,Self-Employed,724,2447543,10,53,13.65,1.74,3,28,0
119420,4888,Salaried,693,945214,7,59,17.93,1.0,1,26,0
153938,44578,Student,729,488579,11,52,16.63,1.55,1,13,0
57086,4375,Salaried,708,149508,3,38,11.39,1.06,3,21,0
76074,14369,Salaried,740,886049,1,37,11.36,0.51,1,29,0
40908,7375,Self-Employed,650,2518213,11,54,13.09,1.12,3,17,0
157559,43545,Salaried,752,1614719,13,59,12.34,1.02,2,25,0
198231,1613,Salaried,648,3405511,11,27,12.03,0.51,1,10,0
90327,7576,Salaried,744,695324,11,55,14.46,2.46,3,18,0
20612,904,Self-Employed,674,319695,11,50,8.61,0.69,3,20,0
72403,24544,Salaried,773,1380475,9,32,15.75,1.62,3,21,1
190001,67543,Salaried,683,53806,3,55,15.53,1.54,1,18,0
70655,21914,Student,703,3480959,3,31,16.39,0.95,2,15,0
110754,35208,Student,671,4173109,7,24,16.49,2.92,1,18,0
113619,31286,Self-Employed,764,1363192,9,45,13.88,2.01,2,15,0
24156,2186,Student,710,2317300,4,52,15.91,2.53,1,15,0
65482,12102,Salaried,676,1518746,8,40,13.18,1.74,1,29,0
149441,20065,Student,601,174639,12,51,17.54,2.31,1,12,0
90889,31528,Salaried,710,4396402,8,24,10.31,2.92,2,12,0
56577,19213,Self-Employed,687,823949,7,58,17.2,1.37,3,25,0
85141,6247,Salaried,698,1664592,13,21,10.96,1.76,1,11,0
147184,55945,Self-Employed,660,4780927,1,23,9.48,1.79,1,13,0
94347,25658,Self-Employed,699,935630,5,57,12.67,2.98,2,18,0
46181,6162,Self-Employed,665,4312306,6,42,14.34,1.08,1,16,0
190233,37600,Salaried,699,353776,7,37,10.69,2.19,3,12,1
55553,15334,Salaried,728,2699976,9,34,13.78,0.85,3,22,0
73928,24601,Salaried,729,2383978,9,55,16.17,2.82,2,23,0
66172,8402,Self-Employed,595,4486191,11,33,10.94,1.98,2,18,0
196309,56402,Self-Employed,730,1465262,6,55,14.01,2.65,3,10,0
126261,48095,Self-Employed,711,1524511,14,22,11.72,2.74,3,21,0
139275,3973,Salaried,665,2680697,3,33,13.53,1.89,3,10,0
150503,45021,Self-Employed,701,4727652,3,36,14.84,2.21,2,18,0
47900,8867,Self-Employed,630,3412176,4,38,11.83,2.25,3,16,0
101167,31020,Salaried,712,3232038,1,27,17.95,1.65,3,12,0
181966,36193,Salaried,732,3752700,9,56,13.86,1.59,3,13,0
105288,12416,Salaried,804,3576751,1,50,16.33,0.97,1,16,0
30998,9993,Self-Employed,728,4249211,1,27,15.39,1.46,2,24,0
130263,37685,Salaried,842,4887329,11,35,16.6,2.98,2,10,0
107657,6470,Salaried,775,1712159,8,39,10.15,1.17,2,15,1
151314,41691,Self-Employed,666,1288227,13,57,10.61,2.41,2,14,0
186331,3538,Salaried,643,1113609,6,22,13.13,0.65,1,20,0
159057,23399,Salaried,769,3766170,1,33,16.6,1.67,1,26,0
42532,6236,Salaried,667,665529,6,51,10.38,0.65,1,12,0
54862,14649,Self-Employed,807,4799849,14,36,17.73,1.69,1,21,0
26243,128,Salaried,721,4354859,1,26,9.71,0.57,1,29,0
101852,31553,Salaried,659,4943795,7,48,10.16,2.03,2,19,1
150922,56902,Self-Employed,723,4429053,1,52,10.09,1.97,2,16,0
66997,24558,Salaried,666,3052952,7,30,14.07,2.49,2,24,0
182335,26408,Salaried,717,4793735,7,38,17.22,1.96,1,30,0
59730,11871,Salaried,738,586525,3,24,10.92,2.81,3,27,1
37222,4856,Salaried,608,241988,2,29,13.75,2.46,2,28,0
122507,37947,Salaried,734,239385,2,27,10.17,0.83,2,10,1
63606,24741,Salaried,716,3114508,9,28,14.5,1.16,3,22,1
121287,3269,Salaried,776,4726529,12,27,9.67,0.57,1,13,0
77941,28885,Salaried,726,2050343,3,23,13.17,1.47,3,27,0
131887,37337,Salaried,741,3276214,3,37,14.72,1.77,3,21,1
190816,44745,Salaried,663,4100375,7,22,14.0,2.86,2,13,0
31537,4277,Student,709,934431,4,35,9.83,1.81,2,13,0
23900,6002,Salaried,657,3510181,11,49,10.03,2.45,1,14,0
39531,10557,Salaried,709,478925,9,42,14.88,1.17,3,28,0
91039,27440,Self-Employed,626,3477261,8,24,16.18,0.88,1,18,0
158339,56753,Salaried,709,3925313,2,26,17.13,2.53,3,16,0
88950,25528,Self-Employed,685,4444746,3,58,16.23,1.12,2,16,0
136025,23329,Salaried,730,2450842,9,46,17.75,2.68,3,21,1
116027,15590,Self-Employed,645,4458410,4,31,12.38,0.92,1,19,0
64764,11802,Salaried,759,4989691,4,46,11.65,2.63,3,29,0
170218,66090,Salaried,723,4948456,3,37,8.77,2.43,1,30,0
105166,11584,Salaried,711,152472,12,44,12.77,2.03,3,22,1
17867,447,Salaried,709,3941030,11,48,14.69,2.63,2,15,0
175323,36055,Self-Employed,668,1549678,9,55,16.25,1.33,2,18,0
178979,43338,Self-Employed,762,507335,12,51,11.04,0.92,1,28,0
61991,22665,Salaried,627,705080,1,33,13.38,0.89,2,25,0
52664,17369,Student,635,3123904,13,55,14.79,1.18,3,20,0
67201,1889,Salaried,672,738212,2,36,13.74,1.62,3,13,0
196285,36999,Salaried,723,3089728,12,35,11.1,2.69,2,10,0
128657,40977,Self-Employed,738,3175131,6,38,16.06,0.72,1,30,0
71134,9210,Salaried,691,585612,6,57,10.15,2.79,3,21,0
191380,28316,Self-Employed,685,3228883,4,47,17.1,2.81,1,13,0
172386,17418,Salaried,700,842760,10,55,17.55,2.32,3,14,0
32305,693,Self-Employed,705,488529,7,55,11.97,2.75,1,15,0
116353,36671,Salaried,728,4142480,5,48,12.07,2.42,1,23,0
102466,9894,Self-Employed,803,948674,7,59,15.56,1.82,3,10,0
114169,31812,Salaried,642,4398375,8,58,12.83,2.0,3,17,0
90246,3921,Salaried,702,3850476,13,29,8.77,2.07,1,24,0
37914,3407,Salaried,665,807318,1,32,17.24,0.82,3,21,0
73318,20552,Salaried,638,3791197,5,35,12.59,0.98,2,28,0
90966,12844,Self-Employed,699,3713542,2,41,10.43,1.81,3,16,0
120653,5248,Salaried,696,3498914,9,55,13.78,0.79,1,18,0
172335,1989,Self-Employed,682,1468635,14,53,10.58,2.91,3,20,0
40035,7485,Self-Employed,686,1006560,10,39,10.46,1.77,3,17,0
190392,72740,Student,810,2472651,14,43,13.68,1.45,1,13,0
96428,30880,Self-Employed,718,2081813,2,33,12.21,0.89,3,19,0
105943,31868,Salaried,605,713030,8,21,13.94,1.54,1,29,1
98177,22600,Salaried,758,2047275,1,49,17.97,1.26,1,19,0
183132,17378,Self-Employed,598,3589043,14,44,16.66,0.72,1,17,0
130708,27533,Salaried,753,1407398,10,36,8.57,2.92,1,23,0
126905,5889,Salaried,706,4606787,4,45,8.98,1.16,2,13,0
150314,12189,Student,718,1823212,12,43,14.3,2.23,2,29,1
87801,31771,Salaried,675,368196,8,48,14.45,0.73,1,12,1
176303,3927,Salaried,686,2837511,3,36,16.84,2.78,3,12,0
70993,9739,Self-Employed,674,1660323,1,58,14.48,1.98,2,13,0
54530,18258,Salaried,711,4965295,6,31,10.66,2.14,1,21,0
78479,13517,Student,656,3977516,5,23,12.95,2.45,2,27,0
99728,34003,Salaried,707,1321995,7,35,16.19,2.01,1,28,0
186540,21577,Salaried,670,2898153,2,21,17.27,0.68,2,20,1
95910,13616,Salaried,662,1058635,8,27,10.75,1.57,1,27,0
181244,65338,Salaried,853,3504546,13,21,13.63,1.16,2,23,0
128717,21864,Salaried,779,2628773,13,52,10.01,1.72,2,20,0
100521,3837,Self-Employed,768,1744389,12,29,13.22,1.51,3,23,0
42242,10373,Student,800,4404606,3,49,9.36,2.57,2,12,0
163470,33786,Salaried,722,2909233,11,46,17.45,1.12,3,11,0
69925,4582,Self-Employed,668,1066576,12,43,14.56,1.0,2,18,0
27618,5290,Salaried,782,1825583,9,49,16.62,2.9,1,17,0
197304,25760,Salaried,741,4430576,12,58,17.98,2.87,3,14,0
184891,48874,Salaried,832,3555134,5,53,10.24,2.98,2,18,0
170790,19190,Self-Employed,751,4405826,12,27,15.09,1.92,3,14,0
89016,29452,Student,658,3036521,10,32,16.93,0.78,1,30,0
163630,25735,Salaried,747,4632893,9,51,13.97,2.7,1,22,0
97563,30292,Student,652,1332926,9,52,14.58,0.86,1,20,0
112320,26198,Salaried,665,2920692,10,40,12.37,0.89,1,20,0
168259,17340,Self-Employed,741,4321493,1,37,14.91,0.98,1,29,0
190680,68254,Self-Employed,655,4081390,14,56,12.26,2.13,3,21,0
56254,615,Self-Employed,616,86623,4,23,13.03,0.77,3,28,0
69659,14708,Self-Employed,622,4921185,12,21,9.48,2.45,2,22,0
16200,5675,Salaried,640,2659637,11,47,8.57,0.65,2,18,0
128261,6053,Salaried,555,1289645,10,53,9.02,0.78,1,13,0
168857,35219,Salaried,745,3003476,4,40,10.33,1.59,1,16,1
182267,2373,Self-Employed,609,3305588,8,34,12.84,1.45,3,14,0
108546,24525,Salaried,646,2874533,8,56,8.7,2.97,1,16,0
139842,54614,Salaried,662,533927,1,25,9.98,2.92,1,17,0
191234,69431,Self-Employed,700,1469722,4,43,15.92,0.97,1,23,0
107888,21086,Student,741,4510486,10,35,15.74,2.87,2,19,0
80795,16660,Salaried,688,3659040,4,26,16.0,2.23,3,15,0
45218,14033,Self-Employed,760,2388511,9,53,17.25,1.52,2,14,0
29192,3276,Salaried,638,531345,1,39,9.63,2.35,1,24,0
135281,53957,Salaried,650,3260601,6,33,10.05,2.75,1,25,0
160191,9477,Salaried,734,893780,13,49,11.67,0.95,2,11,0
59509,13801,Salaried,786,3899412,5,26,17.19,0.99,2,24,0
182374,14190,Salaried,747,413238,13,35,15.87,1.52,3,17,1
170136,29854,Student,621,2261920,10,36,11.58,0.92,1,30,0
105183,21932,Salaried,647,4352426,7,44,9.33,1.4,1,22,0
54532,3354,Student,584,1672279,2,43,14.36,2.11,2,26,0
194665,9824,Salaried,725,819151,2,30,10.94,2.53,3,24,0
87119,15592,Self-Employed,688,2626460,10,37,13.55,1.25,3,23,0
122565,17733,Salaried,722,3270035,5,50,17.45,1.2,1,28,0
137264,12926,Self-Employed,742,1173941,7,30,13.94,2.45,1,22,1
104042,33969,Salaried,668,3903267,9,39,17.28,1.45,2,30,0
31586,10502,Salaried,752,1024211,11,49,12.23,2.55,1,16,0
145876,661,Salaried,727,394157,1,22,14.52,2.98,2,17,0
125757,50215,Self-Employed,659,3742270,14,56,16.99,2.95,1,16,0
40096,5408,Self-Employed,696,4361764,12,39,14.09,2.16,1,28,0
53968,3351,Self-Employed,747,2826593,5,27,14.34,1.44,1,24,0
26988,9470,Salaried,682,4748716,7,46,15.3,0.66,3,16,0
122249,48475,Self-Employed,731,3843354,4,35,16.88,2.35,1,26,0
177546,40395,Salaried,750,4287281,14,58,9.34,2.94,1,30,0
36987,12728,Salaried,731,1434262,5,23,11.7,0.67,3,27,0
142688,10046,Salaried,688,4210896,4,58,12.28,0.52,3,28,0
40746,10816,Student,720,3153531,7,36,17.14,2.58,1,12,0
64768,18369,Salaried,722,953916,11,22,17.58,0.76,3,16,0
124778,8709,Self-Employed,695,4831041,8,51,9.64,0.7,3,30,0
187812,65006,Salaried,707,3234174,12,48,9.63,2.78,3,19,0
110489,38693,Self-Employed,606,3587424,4,27,17.38,0.7,3,16,0
42284,2710,Salaried,648,333482,6,50,11.31,0.79,2,20,0
50463,12064,Salaried,684,870617,5,27,10.8,1.92,1,12,0
19555,3556,Salaried,757,3360038,4,56,8.84,2.39,2,30,0
173366,60660,Self-Employed,714,2605367,7,49,11.12,1.5,1,18,0
43258,3933,Salaried,718,582335,3,44,15.09,1.55,3,13,0
32259,8413,Self-Employed,743,1215058,7,59,12.55,2.08,2,17,0
118419,13611,Self-Employed,766,425722,9,24,13.41,1.76,3,21,1
171827,12287,Salaried,666,2494764,13,49,17.21,0.55,3,17,0
160620,61282,Salaried,759,811552,8,25,9.59,0.78,3,24,1
126891,4921,Salaried,654,2642908,1,49,9.18,1.95,1,23,0
133362,1292,Student,639,4606305,2,50,16.59,2.48,3,14,0
72626,3729,Salaried,648,3265042,9,49,15.86,2.41,1,26,0
168009,51606,Salaried,742,137814,5,46,11.01,2.35,1,29,1
33310,8140,Salaried,859,1128725,13,39,11.58,2.43,3,20,0
166714,1158,Salaried,721,2176331,5,46,11.45,0.61,1,24,1
134538,30392,Self-Employed,669,3123037,11,57,14.65,2.74,2,22,0
59755,23681,Self-Employed,606,1617895,9,47,9.08,2.72,1,13,1
85599,11944,Self-Employed,658,3146137,13,50,13.15,1.83,3,22,0
61667,4322,Self-Employed,783,1105729,12,50,9.77,1.12,3,22,0
174929,11478,Salaried,643,1017450,6,23,16.29,1.98,2,20,0
120529,26233,Self-Employed,663,4892196,2,27,12.12,1.89,2,14,0
15075,4443,Salaried,693,887455,12,29,13.51,1.06,1,23,1
52637,4208,Salaried,653,923212,7,33,8.78,2.01,1,12,0
66416,1523,Self-Employed,692,3437499,8,35,9.05,2.49,2,27,0
89016,14966,Salaried,655,2734237,4,25,14.91,2.52,3,12,0
119765,28110,Salaried,763,4191685,4,49,15.78,0.65,3,15,0
185322,71314,Self-Employed,684,4024690,4,55,15.25,0.99,2,17,0
109566,32040,Self-Employed,654,2944007,2,47,15.5,2.17,2,30,0
39628,10321,Self-Employed,651,1001680,10,47,9.49,2.65,3,26,0
196272,3074,Self-Employed,730,2524813,5,28,15.09,1.8,3,10,0
151568,20000,Self-Employed,689,1465652,7,52,10.23,2.27,1,16,1
153264,55789,Self-Employed,651,4257288,13,40,9.43,0.55,2,27,1
163923,19748,Student,802,261971,3,30,15.69,2.02,2,13,0
24213,3818,Salaried,661,3688198,5,33,16.95,2.9,2,19,0
84366,16681,Self-Employed,680,162798,6,49,15.31,2.15,3,14,0
42257,11623,Salaried,666,2016528,14,55,16.15,2.81,1,17,0
20886,1018,Salaried,654,3479865,12,28,17.92,1.92,3,22,0
145289,41783,Salaried,678,3532198,13,49,9.78,2.61,2,26,0
28503,2,Salaried,733,1933276,8,51,17.67,0.81,2,30,0
57886,4146,Self-Employed,707,1588648,10,50,14.21,0.81,2,13,0
194406,31262,Salaried,647,502216,6,42,16.23,0.8,2,19,1
63217,10598,Salaried,744,2442782,6,41,14.68,1.72,2,30,0
167072,13588,Student,689,1699938,9,32,13.92,1.33,3,17,0
22759,1041,Self-Employed,683,1746287,14,31,15.18,2.3,1,19,0
135480,43335,Salaried,695,2767798,6,22,11.54,2.76,2,22,0
194813,2236,Self-Employed,657,2118877,6,22,17.28,2.05,2,21,1
148115,55626,Salaried,689,3329528,2,54,9.6,1.03,2,30,0
31825,2062,Salaried,758,2252432,8,23,11.52,2.83,3,22,0
73382,7555,Salaried,575,3775046,14,36,8.8,1.82,3,19,1
168503,3812,Salaried,762,3067808,11,24,11.08,2.3,2,30,1
37592,13426,Salaried,698,2865667,5,43,10.57,2.73,2,10,0
145426,9685,Salaried,655,989719,6,40,8.97,2.97,2,18,0
153859,54748,Salaried,668,4824711,3,45,13.17,1.77,2,12,1
16437,2168,Self-Employed,708,1071502,6,50,12.95,2.52,2,26,0
164507,32918,Self-Employed,663,1503508,7,38,9.24,1.92,3,30,0
19000,921,Student,727,4200517,5,31,10.99,1.72,2,19,0
104438,14393,Self-Employed,633,1279982,8,49,17.56,1.84,2,28,0
116202,26329,Self-Employed,659,2479924,13,37,9.55,1.71,2,15,0
162266,15230,Self-Employed,713,737407,14,46,11.4,1.55,3,16,1
31509,5101,Self-Employed,634,4247901,3,43,8.84,2.31,2,20,0
125668,11090,Student,705,4245914,1,40,9.91,1.12,3,25,0
167276,45960,Salaried,672,1128862,8,22,15.14,2.04,1,13,0
101166,21392,Self-Employed,686,4995093,7,44,11.98,2.28,3,13,0
195734,11953,Salaried,676,1402449,4,51,12.79,2.73,2,27,1
48575,6360,Self-Employed,683,55516,5,47,9.99,1.33,3,27,0
96557,16498,Self-Employed,784,1292309,3,22,14.98,2.65,2,16,0
191335,57621,Student,708,1082867,5,34,15.64,2.86,3,20,0
124090,34604,Salaried,734,401747,7,24,10.22,2.12,3,14,0
168861,26534,Salaried,592,2773070,2,33,8.93,2.43,1,30,0
199730,49030,Student,702,2890095,2,56,9.27,1.51,3,27,0
104325,24615,Salaried,614,1629230,6,55,14.74,2.88,1,16,0
71725,14769,Salaried,698,1874454,10,28,9.79,2.18,1,11,1
44723,16984,Salaried,715,870996,9,22,13.19,1.28,3,14,0
112590,33430,Salaried,643,2104372,12,26,9.95,1.51,3,14,0
125129,37195,Salaried,664,2060555,10,51,10.12,2.04,3,28,0
74604,8300,Self-Employed,704,4656840,5,30,8.54,1.09,1,11,0
135514,10651,Salaried,645,2540851,3,41,11.55,2.38,2,28,0
65491,22585,Salaried,662,2083433,2,30,9.35,1.06,2,14,0
56835,14353,Salaried,696,3785267,2,43,12.24,1.98,1,21,0
26609,2945,Self-Employed,664,872087,13,23,14.18,2.24,1,22,0
167094,17582,Salaried,673,3830058,1,52,11.99,2.65,3,29,0
106864,11356,Salaried,640,3002606,4,40,15.2,2.33,3,16,0
52542,16096,Student,686,2275497,3,30,15.54,2.5,2,11,0
72128,3193,Self-Employed,725,3114226,11,49,15.12,2.78,2,23,0
186589,40422,Salaried,733,2379302,6,54,17.4,1.99,2,14,1
194921,39711,Salaried,691,333318,10,57,10.75,2.62,3,29,0
174417,65351,Salaried,686,873113,13,40,10.3,1.08,3,21,0
160199,1755,Self-Employed,664,2523285,9,28,14.29,2.54,1,13,0
184733,64541,Self-Employed,672,2755312,6,27,14.15,1.05,3,26,0
70305,5906,Salaried,740,3411068,4,26,13.35,2.84,2,25,0
95934,29941,Salaried,722,1908767,9,31,8.54,1.32,1,19,0
130068,42776,Salaried,778,4585682,6,38,13.77,0.93,3,12,1
159320,61553,Salaried,674,4848718,4,49,17.36,0.87,2,10,1
51142,12062,Self-Employed,747,2752523,3,45,11.68,0.97,3,15,0
116562,6327,Self-Employed,739,4020008,7,41,17.69,1.62,1,12,1
48853,18464,Self-Employed,695,1839431,4,23,11.89,1.81,3,28,0
39158,4359,Salaried,687,1225639,12,38,9.83,2.78,2,16,1
49362,3920,Salaried,686,111580,14,44,12.28,1.45,1,18,1
118690,28554,Salaried,602,3183411,13,58,13.2,1.04,2,21,0
182021,58937,Salaried,760,1715399,4,30,14.48,2.36,1,23,1
148045,37141,Salaried,654,2959917,5,47,13.3,0.84,3,10,1
163155,58003,Salaried,693,3950068,14,32,13.6,2.73,3,22,0
112868,39498,Salaried,617,2015256,14,27,8.73,1.52,2,30,0
103493,19689,Salaried,606,2926983,4,37,10.91,2.03,3,11,0
79547,22695,Student,680,852786,11,21,11.45,0.97,1,12,0
59356,7439,Self-Employed,676,2797946,2,46,17.88,0.86,3,20,0
47383,11748,Salaried,750,2036790,11,35,11.31,2.5,3,14,1
66353,15371,Salaried,742,773098,14,53,17.02,1.57,3,11,0
64387,21541,Self-Employed,618,3377219,11,57,11.39,2.97,3,23,0
104993,10537,Salaried,726,77752,13,51,9.41,1.81,3,22,0
147700,56950,Salaried,663,3276810,13,55,10.85,2.61,3,23,0
23735,8615,Salaried,651,4569598,1,21,11.09,2.95,3,12,0
158650,4426,Salaried,658,1477340,10,28,17.79,1.2,3,17,0
28353,5846,Student,755,2388201,14,32,14.91,2.5,2,22,1
137241,39666,Student,737,4468161,14,39,17.35,0.56,2,21,0
134700,17498,Self-Employed,733,3025132,2,45,16.43,2.2,3,27,0
181847,64577,Salaried,660,3555834,7,52,14.0,2.36,2,27,0
198988,67355,Self-Employed,717,822237,12,32,14.92,1.69,3,26,0
45507,3057,Salaried,745,4001700,3,33,14.44,0.91,3,16,0
150952,12725,Student,708,4060403,14,48,14.83,2.04,3,22,0
18458,867,Salaried,694,3557581,11,21,11.02,2.74,2,22,0
134130,25798,Self-Employed,719,469049,1,26,12.38,2.83,1,15,1
29088,8120,Salaried,602,3543300,6,28,14.13,2.37,3,30,0
59394,23731,Salaried,696,2834581,13,24,8.84,1.16,3,28,0
191315,68226,Salaried,664,3495796,2,25,13.09,2.68,1,28,0
181747,13221,Self-Employed,787,4258093,8,45,16.67,2.72,2,30,1
161798,7535,Salaried,668,2024852,11,42,13.18,1.42,1,25,0
132648,15436,Salaried,739,2008812,3,48,13.75,0.96,3,12,0
82890,956,Self-Employed,756,1701633,8,59,10.42,2.69,1,23,0
42957,9071,Self-Employed,764,776845,13,43,16.05,2.71,3,30,0
81069,3760,Self-Employed,553,3422914,2,24,11.91,0.75,2,15,0
177765,26179,Salaried,742,2157267,10,24,17.59,2.92,2,26,0
82433,32613,Self-Employed,753,2812793,12,41,17.94,1.83,2,25,0
103411,25987,Self-Employed,702,2514154,7,57,17.2,2.98,3,11,0
92495,26209,Self-Employed,612,3343293,10,22,9.31,1.61,2,18,0
88671,27507,Salaried,708,1196884,9,27,11.67,1.83,1,22,1
160573,46727,Self-Employed,639,1110278,12,36,17.48,1.17,2,23,0
125161,24355,Self-Employed,728,3257281,9,37,16.14,2.75,3,29,0
143926,26880,Salaried,667,434932,9,40,17.16,1.61,1,30,0
64401,13950,Salaried,701,3711238,9,43,13.94,2.54,1,21,0
176070,3741,Student,716,359621,9,54,13.06,0.7,1,29,0
68311,5125,Salaried,572,1737938,1,31,9.51,2.47,1,20,0
87811,32252,Salaried,770,1576479,10,54,16.47,1.73,3,28,0
105182,41456,Self-Employed,715,151056,9,53,15.58,0.51,2,19,0
47522,9848,Salaried,742,1406091,10,46,9.06,1.07,1,27,1
188222,3684,Student,713,260015,10,22,10.49,0.98,2,12,1
121210,2860,Salaried,649,4994429,6,43,13.79,2.38,2,25,0
144801,30829,Salaried,728,2102254,9,42,15.0,1.69,2,27,0
149215,33416,Self-Employed,715,1650359,10,54,9.81,0.9,2,23,0
21721,1682,Self-Employed,684,1452859,7,35,10.83,1.14,3,26,0
33123,11348,Self-Employed,706,4490212,4,30,10.33,1.76,1,14,0
152286,53844,Salaried,700,3398556,7,35,10.59,0.55,1,26,0
97148,29831,Salaried,761,1829741,2,49,17.25,1.56,2,30,0
37523,12012,Salaried,721,3407131,10,43,15.3,2.2,1,23,0
175016,58847,Salaried,683,1174318,4,37,15.5,1.79,2,12,0
45704,14342,Student,675,2313469,3,29,16.04,2.0,3,24,0
186638,3105,Self-Employed,766,3125331,2,56,11.89,1.32,1,21,0
41460,7508,Self-Employed,743,1016454,6,29,15.79,0.96,2,26,0
138780,40612,Self-Employed,680,1502580,2,36,17.79,2.52,1,26,0
104326,3321,Salaried,710,3876809,3,56,15.13,2.76,2,28,0
96432,15721,Salaried,769,2182153,13,53,12.46,1.78,1,16,0
165415,36585,Salaried,760,748682,6,51,15.31,1.26,3,14,1
103445,18267,Self-Employed,753,4432698,3,26,17.06,1.78,1,11,1
166521,14807,Salaried,809,1494095,4,30,9.72,2.7,3,25,1
177695,61524,Student,756,410272,2,36,11.02,2.23,3,22,0
129602,7100,Self-Employed,693,2477056,7,24,17.23,2.65,2,20,1
142488,23720,Self-Employed,676,3258656,1,42,17.49,1.32,2,16,0
16884,4213,Self-Employed,605,4402672,13,33,13.1,2.28,1,12,0
20483,6762,Salaried,793,2879100,1,36,12.06,2.13,3,15,0
195618,58133,Self-Employed,636,3521865,10,49,11.19,1.93,2,14,0
55204,7005,Salaried,751,3352307,8,26,13.24,1.82,3,10,0
134853,53262,Salaried,594,2487620,8,46,17.38,1.88,3,10,0
17415,775,Self-Employed,682,719341,8,31,9.92,2.62,3,27,0
97227,29178,Self-Employed,799,2426044,3,44,12.49,2.79,1,12,0
197183,36903,Salaried,696,3060156,3,49,17.16,0.78,3,28,0
160991,12613,Salaried,758,1018662,9,23,11.82,1.92,3,19,0
101399,16336,Self-Employed,719,3034543,3,30,15.8,2.8,1,29,0
186377,5172,Salaried,740,841260,6,21,12.2,0.84,1,20,0
44527,987,Salaried,740,892998,2,46,16.15,1.53,2,17,0
135622,46512,Salaried,680,2498974,12,32,17.82,0.72,3,29,0
80105,29460,Salaried,648,1559361,3,34,12.18,0.78,3,20,0
132678,43625,Self-Employed,687,1051448,2,45,16.53,2.76,1,14,0
146605,10807,Salaried,726,4853090,3,28,17.89,1.62,1,13,0
123401,43222,Salaried,716,3913983,11,24,17.85,2.22,2,22,1
42867,11291,Self-Employed,703,3608365,8,48,12.62,0.85,1,15,0
77428,21469,Salaried,670,3636790,7,27,13.11,0.55,1,11,0
68216,8779,Salaried,616,2584806,11,30,11.38,2.73,1,15,0
94328,8485,Salaried,637,4458208,13,56,11.48,1.94,1,19,0
88409,10003,Salaried,758,2312714,4,22,13.18,0.55,2,13,0
79246,5416,Salaried,629,1578871,9,46,10.4,2.98,3,25,1
170222,32941,Salaried,773,550521,7,34,15.26,1.73,3,19,1
52297,428,Salaried,711,1744065,12,36,13.59,1.69,3,10,0
51811,16142,Salaried,749,2567068,9,37,17.03,2.05,3,22,0
17210,5394,Salaried,666,2346343,14,42,16.2,0.52,3,23,0
169705,60776,Salaried,722,3369675,12,24,11.56,1.92,1,21,0
25832,1870,Salaried,666,2232979,9,39,13.31,2.07,3,22,0
41904,7006,Salaried,745,938737,6,22,15.63,1.24,1,10,1
36374,4785,Salaried,729,2799290,5,59,10.34,2.32,3,23,0
55507,12429,Self-Employed,785,1390772,5,29,8.8,1.44,3,17,0
193215,6850,Self-Employed,741,1638489,5,39,16.6,2.29,1,23,0
52406,12037,Salaried,764,2950455,5,36,9.81,0.86,3,10,0
88149,15115,Self-Employed,766,4806343,11,45,16.95,2.78,1,26,0
162732,64077,Salaried,597,1391516,3,38,17.18,2.7,2,25,0
141328,5362,Self-Employed,658,1295461,11,43,12.88,0.88,2,21,1
136520,53623,Salaried,690,4429665,12,41,16.16,2.85,2,29,0
180305,42723,Salaried,708,3358325,14,31,11.95,1.89,3,14,1
130753,996,Salaried,790,3155595,10,59,16.65,2.25,3,30,0
84612,3963,Salaried,672,3501677,11,24,16.33,2.6,3,27,0
125870,44182,Salaried,766,2539074,6,45,9.25,0.71,3,13,0
183790,27790,Salaried,671,151741,8,52,14.03,0.92,1,29,1
111501,8287,Salaried,658,4655011,9,50,14.58,1.23,2,20,0
194365,33418,Self-Employed,707,742362,1,46,8.51,1.69,1,17,0
94949,27354,Salaried,696,3382005,12,56,17.81,1.37,2,18,0
156149,54150,Salaried,720,3671925,4,54,12.36,1.76,2,29,0
173734,8502,Salaried,686,151563,9,29,13.41,0.96,1,19,0
55175,16117,Salaried,620,1922107,5,32,10.35,2.21,1,16,0
172181,51268,Salaried,657,1572229,1,22,14.3,0.64,1,28,0
81556,12861,Salaried,731,2942749,12,58,16.2,1.4,2,10,0
60005,18107,Salaried,707,4107109,8,25,14.07,0.95,1,14,0
96193,6906,Salaried,657,3775045,3,25,15.99,2.32,3,15,0
182878,44973,Salaried,655,3546662,4,42,15.45,2.71,1,21,0
88998,3021,Salaried,677,2081562,2,25,10.76,0.7,2,21,1
24266,2314,Self-Employed,650,923297,12,24,12.64,2.46,2,30,0
93820,22784,Salaried,636,3009682,7,29,9.91,2.74,1,23,0
47716,18623,Self-Employed,691,1321120,5,49,8.9,2.93,1,16,0
95278,17942,Self-Employed,634,1731665,13,42,9.1,1.95,2,29,0
15368,4878,Salaried,715,3730360,12,47,17.45,1.32,2,30,0
24675,7666,Student,780,2238279,10,30,17.85,1.3,1,29,0
71410,9267,Salaried,651,3270495,10,36,9.4,1.45,3,23,0
43860,17399,Self-Employed,704,317350,2,30,11.68,2.03,3,25,0
95000,18776,Salaried,691,1444216,12,26,9.59,1.73,3,18,0
67890,16887,Salaried,688,2878600,8,25,16.43,2.13,2,11,0
139674,34371,Self-Employed,734,980092,5,26,13.21,0.6,3,26,0
83692,15458,Salaried,736,4972975,10,45,14.4,0.76,3,13,0
186146,9713,Self-Employed,760,2554424,9,24,13.63,2.94,1,23,1
77647,12310,Salaried,637,1129757,2,52,15.25,2.99,1,23,0
190955,59600,Salaried,794,3449172,1,55,11.53,2.37,3,24,0
42435,4217,Salaried,754,2481776,13,30,9.81,1.14,2,21,0
86399,10546,Salaried,680,840700,14,54,8.67,2.88,3,22,0
87731,27820,Self-Employed,731,1186321,6,56,12.73,1.03,1,19,0
111006,34378,Salaried,713,3666389,5,26,17.12,2.33,1,25,0
104524,14452,Student,677,2671381,11,36,11.4,0.79,1,24,0
157721,16628,Salaried,726,3947072,9,39,10.36,2.12,3,17,0
121307,13112,Self-Employed,704,1041210,11,54,17.3,2.4,2,13,0
150303,26461,Self-Employed,710,1731929,14,45,9.5,2.65,3,10,0
84225,31438,Salaried,713,3990280,5,51,8.99,2.34,1,23,0
62030,18258,Salaried,603,2772276,7,37,16.85,2.81,1,18,0
192809,5080,Salaried,652,629073,11,50,15.16,1.8,1,28,0
196415,48517,Self-Employed,675,2536343,9,59,12.51,2.19,1,15,0
64827,18463,Student,647,2538028,7,51,15.65,1.42,3,25,0
182130,11658,Salaried,695,3912310,2,39,15.54,0.53,3,20,0
160365,35935,Student,737,2009142,5,55,8.88,2.39,2,30,0
69651,2089,Student,726,3846515,11,49,14.92,2.67,1,20,0
198599,18835,Self-Employed,698,4083275,2,21,14.59,0.93,3,23,0
132033,35387,Salaried,674,1160510,2,24,17.66,0.57,3,20,0
119490,24987,Salaried,661,382820,13,48,17.68,0.91,1,23,0
101921,31220,Salaried,717,2529861,5,38,12.09,2.74,3,10,0
17699,5626,Salaried,742,4260369,2,46,14.1,1.24,1,20,0
74565,26297,Salaried,665,1464768,13,39,9.84,1.08,2,27,0
122235,8513,Self-Employed,742,4042488,7,26,9.13,0.54,1,26,1
199968,33911,Salaried,701,3402207,2,21,12.61,1.24,1,13,0
178220,43638,Student,636,3935680,12,28,15.05,2.29,3,23,0
32569,5891,Salaried,677,1003650,2,53,13.89,2.9,2,17,0
56375,11137,Salaried,646,590561,4,41,12.58,1.28,2,24,0
50116,5975,Salaried,722,831112,4,44,16.27,1.1,3,25,1
188613,9094,Salaried,688,3751329,13,45,16.05,2.72,2,10,0
21499,5649,Student,725,2944373,13,39,15.45,2.63,2,10,0
114345,43998,Salaried,669,1481000,5,49,9.23,1.32,1,19,0
105169,22212,Self-Employed,706,1079837,11,30,16.07,0.67,3,11,0
114277,35230,Salaried,666,4845274,1,32,17.23,2.98,2,21,0
162122,34250,Salaried,631,4584107,5,53,9.06,2.2,2,13,0
16686,6464,Self-Employed,744,2699764,9,27,12.32,2.82,2,28,0
133125,42921,Salaried,681,2789435,3,37,17.89,1.35,1,10,0
186336,40512,Salaried,621,1447947,5,30,14.19,2.12,1,10,1
157490,51844,Self-Employed,704,3892771,9,51,13.38,2.19,3,18,0
112322,13440,Self-Employed,716,4370600,7,26,10.19,2.68,3,29,0
18471,6062,Student,664,2427781,11,37,13.87,2.98,1,22,0
25897,7213,Salaried,689,1568784,14,57,12.67,0.77,3,20,0
151800,55448,Salaried,781,1123186,11,38,9.71,2.08,3,28,0
196922,38433,Salaried,799,4866893,2,46,12.91,1.34,3,30,0
29220,5167,Self-Employed,743,2334246,13,36,10.06,2.53,1,26,0
44250,3510,Student,705,2004847,1,28,15.44,2.39,1,12,0
115860,17666,Salaried,591,480372,12,44,17.75,2.73,2,29,0
112461,44802,Salaried,678,1818456,12,33,12.96,1.36,2,22,0
169289,43002,Self-Employed,725,1390778,6,49,14.51,0.96,2,28,0
136656,26628,Salaried,677,4380071,7,52,12.59,0.55,2,29,0
71897,23139,Salaried,663,3628694,4,44,9.82,1.14,3,30,0
